analysis_id	stage3_sort_id
V2A0001	S3P0329
V2A0002	S3P0330
V2A0003	S3P0362
V2A0004	S3P0363
V2A0005	S3P0325
V2A0006	S3P0326
V2A0007	S3P0327
V2A0008	S3P0328
V2A0009	S3P0351
V2A0010	S3P0361
V2A0011	S3P0360
V2A0012	S3P0359
V2A0013	S3P0358
V2A0014	S3P0348
V2A0015	S3P0347
V2A0016	S3P0340
V2A0017	S3P0339
V2A0018	S3P0342
V2A0019	S3P0341
V2A0020	S3P0344
V2A0021	S3P0343
V2A0022	S3P0346
V2A0023	S3P0345
V2A0024	S3P0356
V2A0025	S3P0357
V2A0026	S3P0350
V2A0027	S3P0334
V2A0028	S3P0335
V2A0029	S3P0336
V2A0030	S3P0331
V2A0031	S3P0332
V2A0032	S3P0333
V2A0033	S3P0354
V2A0034	S3P0355
V2A0035	S3P0352
V2A0036	S3P0353
V2A0037	S3P0337
V2A0038	S3P0338
V2A0039	S3P0349
V2A0040	S3P0165
V2A0041	S3P0166
V2A0042	S3P0167
V2A0043	S3P0168
V2A0044	S3P0169
V2A0045	S3P0170
V2A0046	S3P0171
V2A0047	S3P0172
V2A0048	S3P0173
V2A0049	S3P0174
V2A0050	S3P0175
V2A0051	S3P0176
V2A0052	S3P0177
V2A0053	S3P0178
V2A0054	S3P0179
V2A0055	S3P0180
V2A0056	S3P0181
V2A0057	S3P0182
V2A0058	S3P0183
V2A0059	S3P0184
V2A0060	S3P0185
V2A0061	S3P0186
V2A0062	S3P0187
V2A0063	S3P0188
V2A0064	S3P0189
V2A0065	S3P0002
V2A0066	S3P0011
V2A0067	S3P0010
V2A0068	S3P0009
V2A0069	S3P0005
V2A0070	S3P0012
V2A0071	S3P0004
V2A0072	S3P0001
V2A0073	S3P0006
V2A0074	S3P0007
V2A0075	S3P0003
V2A0076	S3P0008
V2A0077	S3P0156
V2A0078	S3P0155
V2A0079	S3P0151
V2A0080	S3P0152
V2A0081	S3P0148
V2A0082	S3P0149
V2A0083	S3P0150
V2A0084	S3P0147
V2A0085	S3P0154
V2A0086	S3P0145
V2A0087	S3P0144
V2A0088	S3P0143
V2A0089	S3P0141
V2A0090	S3P0146
V2A0091	S3P0153
V2A0092	S3P0140
V2A0093	S3P0142
V2A0094	S3P0139
V2A0095	S3P0082
V2A0096	S3P0081
V2A0097	S3P0080
V2A0098	S3P0077
V2A0099	S3P0079
V2A0100	S3P0074
V2A0101	S3P0078
V2A0102	S3P0072
V2A0103	S3P0071
V2A0104	S3P0070
V2A0105	S3P0068
V2A0106	S3P0075
V2A0107	S3P0069
V2A0108	S3P0067
V2A0109	S3P0066
V2A0110	S3P0065
V2A0111	S3P0062
V2A0112	S3P0061
V2A0113	S3P0073
V2A0114	S3P0059
V2A0115	S3P0076
V2A0116	S3P0058
V2A0117	S3P0064
V2A0118	S3P0063
V2A0119	S3P0057
V2A0120	S3P0132
V2A0121	S3P0127
V2A0122	S3P0129
V2A0123	S3P0128
V2A0124	S3P0130
V2A0125	S3P0124
V2A0126	S3P0126
V2A0127	S3P0123
V2A0128	S3P0121
V2A0129	S3P0122
V2A0130	S3P0120
V2A0131	S3P0117
V2A0132	S3P0118
V2A0133	S3P0116
V2A0134	S3P0125
V2A0135	S3P0115
V2A0136	S3P0114
V2A0137	S3P0119
V2A0138	S3P0113
V2A0139	S3P0111
V2A0140	S3P0112
V2A0141	S3P0108
V2A0142	S3P0109
V2A0143	S3P0107
V2A0144	S3P0106
V2A0145	S3P0110
V2A0146	S3P0131
V2A0147	S3P0102
V2A0148	S3P0101
V2A0149	S3P0105
V2A0150	S3P0104
V2A0151	S3P0097
V2A0152	S3P0103
V2A0153	S3P0098
V2A0154	S3P0100
V2A0155	S3P0094
V2A0156	S3P0099
V2A0157	S3P0095
V2A0158	S3P0092
V2A0159	S3P0091
V2A0160	S3P0093
V2A0161	S3P0138
V2A0162	S3P0135
V2A0163	S3P0136
V2A0164	S3P0137
V2A0165	S3P0089
V2A0166	S3P0133
V2A0167	S3P0134
V2A0168	S3P0087
V2A0169	S3P0088
V2A0170	S3P0083
V2A0171	S3P0085
V2A0172	S3P0084
V2A0173	S3P0086
V2A0174	S3P0090
V2A0175	S3P0164
V2A0176	S3P0160
V2A0177	S3P0163
V2A0178	S3P0096
V2A0179	S3P0157
V2A0180	S3P0159
V2A0181	S3P0158
V2A0182	S3P0161
V2A0183	S3P0162
V2A0184	S3P0060
V2A0185	S3P0055
V2A0186	S3P0056
V2A0187	S3P0054
V2A0188	S3P0051
V2A0189	S3P0052
V2A0190	S3P0050
V2A0191	S3P0053
V2A0192	S3P0049
V2A0193	S3P0046
V2A0194	S3P0047
V2A0195	S3P0048
V2A0196	S3P0040
V2A0197	S3P0043
V2A0198	S3P0038
V2A0199	S3P0044
V2A0200	S3P0041
V2A0201	S3P0039
V2A0202	S3P0037
V2A0203	S3P0035
V2A0204	S3P0045
V2A0205	S3P0033
V2A0206	S3P0032
V2A0207	S3P0042
V2A0208	S3P0036
V2A0209	S3P0031
V2A0210	S3P0027
V2A0211	S3P0034
V2A0212	S3P0025
V2A0213	S3P0029
V2A0214	S3P0023
V2A0215	S3P0030
V2A0216	S3P0024
V2A0217	S3P0019
V2A0218	S3P0026
V2A0219	S3P0017
V2A0220	S3P0028
V2A0221	S3P0020
V2A0222	S3P0015
V2A0223	S3P0021
V2A0224	S3P0018
V2A0225	S3P0014
V2A0226	S3P0022
V2A0227	S3P0013
V2A0228	S3P0016
V2A0229	S3P0202
V2A0230	S3P0216
V2A0231	S3P0196
V2A0232	S3P0193
V2A0233	S3P0194
V2A0234	S3P0195
V2A0235	S3P0197
V2A0236	S3P0201
V2A0237	S3P0218
V2A0238	S3P0222
V2A0239	S3P0191
V2A0240	S3P0190
V2A0241	S3P0227
V2A0242	S3P0205
V2A0243	S3P0192
V2A0244	S3P0214
V2A0245	S3P0210
V2A0246	S3P0209
V2A0247	S3P0207
V2A0248	S3P0208
V2A0249	S3P0211
V2A0250	S3P0217
V2A0251	S3P0220
V2A0252	S3P0219
V2A0253	S3P0213
V2A0254	S3P0221
V2A0255	S3P0224
V2A0256	S3P0223
V2A0257	S3P0225
V2A0258	S3P0215
V2A0259	S3P0226
V2A0260	S3P0199
V2A0261	S3P0212
V2A0262	S3P0198
V2A0263	S3P0200
V2A0264	S3P0203
V2A0265	S3P0206
V2A0266	S3P0204
V2A0267	S3P0299
V2A0268	S3P0263
V2A0269	S3P0269
V2A0270	S3P0267
V2A0271	S3P0266
V2A0272	S3P0265
V2A0273	S3P0264
V2A0274	S3P0258
V2A0275	S3P0262
V2A0276	S3P0261
V2A0277	S3P0260
V2A0278	S3P0259
V2A0279	S3P0257
V2A0280	S3P0256
V2A0281	S3P0255
V2A0282	S3P0254
V2A0283	S3P0239
V2A0284	S3P0252
V2A0285	S3P0251
V2A0286	S3P0250
V2A0287	S3P0249
V2A0288	S3P0248
V2A0289	S3P0247
V2A0290	S3P0246
V2A0291	S3P0245
V2A0292	S3P0238
V2A0293	S3P0244
V2A0294	S3P0243
V2A0295	S3P0242
V2A0296	S3P0241
V2A0297	S3P0240
V2A0298	S3P0237
V2A0299	S3P0236
V2A0300	S3P0235
V2A0301	S3P0234
V2A0302	S3P0233
V2A0303	S3P0230
V2A0304	S3P0229
V2A0305	S3P0228
V2A0306	S3P0319
V2A0307	S3P0323
V2A0308	S3P0322
V2A0309	S3P0318
V2A0310	S3P0317
V2A0311	S3P0316
V2A0312	S3P0315
V2A0313	S3P0296
V2A0314	S3P0310
V2A0315	S3P0314
V2A0316	S3P0313
V2A0317	S3P0311
V2A0318	S3P0307
V2A0319	S3P0306
V2A0320	S3P0304
V2A0321	S3P0294
V2A0322	S3P0293
V2A0323	S3P0289
V2A0324	S3P0286
V2A0325	S3P0285
V2A0326	S3P0275
V2A0327	S3P0253
V2A0328	S3P0231
V2A0329	S3P0291
V2A0330	S3P0298
V2A0331	S3P0297
V2A0332	S3P0295
V2A0333	S3P0292
V2A0334	S3P0290
V2A0335	S3P0288
V2A0336	S3P0287
V2A0337	S3P0284
V2A0338	S3P0283
V2A0339	S3P0282
V2A0340	S3P0270
V2A0341	S3P0281
V2A0342	S3P0280
V2A0343	S3P0279
V2A0344	S3P0278
V2A0345	S3P0277
V2A0346	S3P0276
V2A0347	S3P0274
V2A0348	S3P0273
V2A0349	S3P0272
V2A0350	S3P0271
V2A0351	S3P0324
V2A0352	S3P0321
V2A0353	S3P0320
V2A0354	S3P0268
V2A0355	S3P0232
V2A0356	S3P0312
V2A0357	S3P0309
V2A0358	S3P0308
V2A0359	S3P0305
V2A0360	S3P0303
V2A0361	S3P0302
V2A0362	S3P0301
V2A0363	S3P0300
