functional_category	pathways	nominal_p_lt_0_05	fdr_q_lt_0_10	median_I2	mean_sign_consistency
Amino acid	54	0	0	9.514377840958733	0.7333333333333334
Aromatic/secondary	6	0	0	14.609287176986125	0.7333333333333334
Carbohydrate	27	0	0	0.0	0.7111111111111111
Cell envelope	8	0	0	18.87751680646892	0.7
Cofactor/vitamin	26	0	0	5.0126842212928775	0.7307692307692307
Fermentation/SCFA	17	0	0	13.670591041623414	0.7176470588235294
Lipid	15	0	0	0.0	0.7466666666666666
Nucleotide	45	0	0	9.588828317405369	0.7555555555555555
Other	121	0	0	0.0	0.6909090909090909
