layer	feature	k	pooled_effect	se	ci_low	ci_high	p_value	tau2	Q	Q_p	I2	prediction_low	prediction_high	positive_studies	negative_studies	sign_consistency	minimum_effect	maximum_effect	median_effect	significant_positive_studies	significant_negative_studies	study_list	fdr_q	classification	dominant_study_absolute_effect_share	any_leave_one_study_sign_flip	functional_category
pathway	PWY0-845: superpathway of pyridoxal 5'-phosphate biosynthesis and salvage	5	-0.28256750235863887	0.12256280993126097	-0.6228564160715759	0.05772141135429815	0.08243971741042123	4.168452000552227e-11	3.653780231628848	0.4548839682459831	0.0	-0.6726170645307564	0.10748205981347869	2	3	0.6	-0.7548263184946972	0.3172102012950474	-0.32781022493390427	0	1	FrankelAE_2017;LeeKA_2022;MatsonV_2018;PetersBA_2019;WindTT_2020	0.941640018265116	STUDY_SPECIFIC	0.43240365111966966	0	Other
pathway	FOLSYN-PWY: superpathway of tetrahydrofolate biosynthesis and salvage	5	0.25677664474786316	0.12221919809203835	-0.08255824955597624	0.5961115390517026	0.10354198228907047	4.069671389761042e-11	1.6668209747263245	0.7967354395448089	0.0	-0.1321793911847295	0.6457326806804558	3	2	0.6	-0.08047575047672736	0.40412170390674257	0.2523475947967269	1	0	FrankelAE_2017;LeeKA_2022;MatsonV_2018;PetersBA_2019;WindTT_2020	0.941640018265116	STUDY_SPECIFIC	0.3677806310430504	0	Cofactor/vitamin
pathway	PYRIDOXSYN-PWY: pyridoxal 5'-phosphate biosynthesis I	5	-0.2714105425974635	0.12955208413181768	-0.6311047924534214	0.08828370725849444	0.10424113975749898	4.2468788876988196e-11	4.465514295027214	0.3466561999744151	10.42465132281873	-0.6837030946061935	0.1408820094112665	1	4	0.8	-0.8403504410658447	0.41854151309666077	-0.317367993853293	0	1	FrankelAE_2017;LeeKA_2022;MatsonV_2018;PetersBA_2019;WindTT_2020	0.941640018265116	STUDY_SPECIFIC	0.4354118166166909	0	Other
pathway	SO4ASSIM-PWY: sulfate reduction I (assimilatory)	5	0.2535924766453662	0.12220437997494095	-0.08570127596978983	0.5928862292605223	0.1066065012251499	4.175795156751563e-11	1.605496865480493	0.8078038375076668	0.0	-0.13531640143910123	0.6425013547298337	4	1	0.8	-0.11978167873002935	0.5284994575737515	0.32872817801921045	0	0	FrankelAE_2017;LeeKA_2022;MatsonV_2018;PetersBA_2019;WindTT_2020	0.941640018265116	CONSISTENT_NONSIGNIFICANT	0.3341775057295998	0	Other
pathway	HISDEG-PWY: L-histidine degradation I	5	-0.2528506402017161	0.12223839538080027	-0.5922388347239715	0.08653755432053933	0.10741202389665686	4.079100828070563e-11	1.954945889925908	0.744045413894206	0.0	-0.6418677704761448	0.13616649007271264	1	4	0.8	-0.6415624579612151	0.10046853357249515	-0.23433131198385931	0	0	FrankelAE_2017;LeeKA_2022;MatsonV_2018;PetersBA_2019;WindTT_2020	0.941640018265116	CONSISTENT_NONSIGNIFICANT	0.42260036363364456	0	Amino acid
pathway	PWY-6612: superpathway of tetrahydrofolate biosynthesis	5	0.2525928711834315	0.12219203584940198	-0.08666660864479392	0.5918523510116569	0.10757338489400907	4.069171145264389e-11	1.5731457698703988	0.8136103690518689	0.0	-0.13627672237049254	0.6414624647373555	3	2	0.6	-0.08401635630597006	0.3996384784136745	0.2603365395665667	1	0	FrankelAE_2017;LeeKA_2022;MatsonV_2018;PetersBA_2019;WindTT_2020	0.941640018265116	STUDY_SPECIFIC	0.37045045215180605	0	Cofactor/vitamin
pathway	SULFATE-CYS-PWY: superpathway of sulfate assimilation and cysteine biosynthesis	5	0.25043437070058083	0.12219479185294563	-0.08883276102019327	0.589701502421355	0.10975652507703167	4.1140972661816137e-11	1.6260379155229219	0.8041048808653436	0.0	-0.13844399369247629	0.639312735093638	4	1	0.8	-0.1149872596941402	0.5382555364975187	0.21342784935866735	0	0	FrankelAE_2017;LeeKA_2022;MatsonV_2018;PetersBA_2019;WindTT_2020	0.941640018265116	CONSISTENT_NONSIGNIFICANT	0.39337016576360845	0	Amino acid
pathway	PWY-5345: superpathway of L-methionine biosynthesis (by sulfhydrylation)	5	0.2482195867562662	0.12218756425419144	-0.0910274779333245	0.5874666514458569	0.11202596800378495	4.0979602091971265e-11	1.6389932608429287	0.801767395061108	0.0	-0.1406357761897698	0.6370749497023023	4	1	0.8	-0.0976782863430371	0.5382769080033966	0.17088528934593863	0	0	FrankelAE_2017;LeeKA_2022;MatsonV_2018;PetersBA_2019;WindTT_2020	0.941640018265116	CONSISTENT_NONSIGNIFICANT	0.42304314059127485	0	Amino acid
pathway	FAO-PWY: fatty acid &beta;-oxidation I	5	0.2866100933287337	0.1427512091096256	-0.10973080246475297	0.6829509891222204	0.11509272524147379	0.014821789953028375	3.222267306639854	0.5213419198620788	0.0	-0.3104671946090916	0.8836873812665591	5	0	1.0	0.09002104768751522	0.7792423122289188	0.4982359621186115	0	0	FrankelAE_2017;LeeKA_2022;MatsonV_2018;PetersBA_2019;WindTT_2020	0.941640018265116	CONSISTENT_NONSIGNIFICANT	0.35451005428472804	0	Lipid
pathway	PWY-6891: thiazole biosynthesis II (Bacillus)	5	0.30747696284546444	0.1587849907793211	-0.1333808475826584	0.7483347732735872	0.12488782568630082	0.030652253585202467	3.8366166418649867	0.42856870531079017	0.0	-0.44471848746952847	1.0596724131604573	5	0	1.0	0.04670701572264168	0.698996667079215	0.5071020969168115	0	0	FrankelAE_2017;LeeKA_2022;MatsonV_2018;PetersBA_2019;WindTT_2020	0.941640018265116	CONSISTENT_NONSIGNIFICANT	0.3170412368187853	0	Other
pathway	PWY-5918: superpathay of heme biosynthesis from glutamate	5	0.23320674040610387	0.122054579763558	-0.1056711001454004	0.5720845809576082	0.12864568396697426	4.132459520220055e-11	1.018190662041358	0.9070252608464905	0.0	-0.15522540654413483	0.6216388873563425	5	0	1.0	0.07317143351150167	0.4838403109592229	0.2532896088623537	0	0	FrankelAE_2017;LeeKA_2022;MatsonV_2018;PetersBA_2019;WindTT_2020	0.941640018265116	CONSISTENT_NONSIGNIFICANT	0.34295148424655836	0	Amino acid
pathway	PWY4LZ-257: superpathway of fermentation (Chlamydomonas reinhardtii)	5	0.3544531809479396	0.1859649718761555	-0.16186835495585766	0.8707747168517368	0.12933769237499498	0.05755070345944999	6.409196800915323	0.1706023930381597	37.589683633544475	-0.6115315914528401	1.3204379533487192	5	0	1.0	0.09046723240770888	1.1019602995408964	0.31599927647569404	2	0	FrankelAE_2017;LeeKA_2022;MatsonV_2018;PetersBA_2019;WindTT_2020	0.941640018265116	CONSISTENT_NONSIGNIFICANT	0.4309085731397585	0	Fermentation/SCFA
pathway	PWY-5189: tetrapyrrole biosynthesis II (from glycine)	5	0.23120489717713336	0.12210613851435986	-0.10781609341566487	0.5702258877699315	0.1312231197258088	4.0846441060943127e-11	1.5546048620588822	0.8169268651862105	0.0	-0.1573913327226412	0.6198011270769079	5	0	1.0	0.045736034897335257	0.5471999164606085	0.18331277080723285	0	0	FrankelAE_2017;LeeKA_2022;MatsonV_2018;PetersBA_2019;WindTT_2020	0.941640018265116	CONSISTENT_NONSIGNIFICANT	0.4014641090866593	0	Amino acid
pathway	PWY-5136: fatty acid &beta;-oxidation II (peroxisome)	5	0.2553879648296911	0.13683055151391701	-0.1245145501626383	0.6352904798220205	0.13538532085230037	0.009982268116770983	3.326945557151698	0.5046743286898252	0.0	-0.28379835094282185	0.794574280602204	5	0	1.0	0.08562946819292198	0.8213358933304203	0.48272319331701824	0	0	FrankelAE_2017;LeeKA_2022;MatsonV_2018;PetersBA_2019;WindTT_2020	0.941640018265116	CONSISTENT_NONSIGNIFICANT	0.3970375594925448	0	Lipid
pathway	PWY-7282: 4-amino-2-methyl-5-phosphomethylpyrimidine biosynthesis (yeast)	5	-0.22758330937920812	0.1221976652004843	-0.5668584187916915	0.11169180003327528	0.1360189597488306	4.0699539202272496e-11	2.42704041636576	0.6577462202786926	0.0	-0.6164708180407628	0.16130419928234646	2	3	0.6	-0.3823826518677556	0.22443186913287494	-0.2952844893242676	0	0	FrankelAE_2017;LeeKA_2022;MatsonV_2018;PetersBA_2019;WindTT_2020	0.941640018265116	OTHER_OR_INSUFFICIENT	0.2934957960659838	0	Nucleotide
pathway	PWY-7332: superpathway of UDP-N-acetylglucosamine-derived O-antigen building blocks biosynthesis	5	-0.22100902720942628	0.12194349184195999	-0.5595784382447632	0.11756038382591061	0.1441464095438164	4.2528190091528985e-11	0.36498273485668564	0.9852421540558923	0.0	-0.6090876428302101	0.1670695884113575	0	5	1.0	-0.431394096503062	-0.16003668604967827	-0.1983972155774419	0	0	FrankelAE_2017;LeeKA_2022;MatsonV_2018;PetersBA_2019;WindTT_2020	0.941640018265116	CONSISTENT_NONSIGNIFICANT	0.3321078873189927	0	Other
pathway	PWY-6895: superpathway of thiamin diphosphate biosynthesis II	5	0.29314161485415335	0.1633533757595154	-0.16040006569088905	0.7466832953991958	0.14717330691347744	0.035839869731645484	4.466522708766831	0.3465354976355205	10.444874887821499	-0.50262394580214	1.0889071755104467	5	0	1.0	0.040284465969752645	0.6909482984723205	0.5685718721925767	0	0	FrankelAE_2017;LeeKA_2022;MatsonV_2018;PetersBA_2019;WindTT_2020	0.941640018265116	CONSISTENT_NONSIGNIFICANT	0.326352932495333	0	Cofactor/vitamin
pathway	PWY0-1298: superpathway of pyrimidine deoxyribonucleosides degradation	5	0.24284056798201858	0.13532460734088161	-0.13288077568238554	0.6185619116464227	0.14717677421782238	0.008855835452610738	3.2205967967672047	0.5216106478780406	0.0	-0.2817187347054738	0.767399870669511	5	0	1.0	0.07575914211844242	0.7671256969504362	0.4494762813621405	0	0	FrankelAE_2017;LeeKA_2022;MatsonV_2018;PetersBA_2019;WindTT_2020	0.941640018265116	CONSISTENT_NONSIGNIFICANT	0.379085031843392	0	Nucleotide
pathway	P161-PWY: acetylene degradation	5	0.2998417020389453	0.1698147186860852	-0.17163954244757623	0.7713229465254667	0.15220124953568276	0.04348043089172236	5.414998169283937	0.24730286077036268	26.131092293075547	-0.5559788186109458	1.1556622226888364	5	0	1.0	0.035388623417584565	0.897863212861351	0.33458527719780945	1	0	FrankelAE_2017;LeeKA_2022;MatsonV_2018;PetersBA_2019;WindTT_2020	0.941640018265116	STUDY_SPECIFIC	0.394943491526245	0	Other
pathway	PWY-6284: superpathway of unsaturated fatty acids biosynthesis (E. coli)	5	0.21317413504784483	0.12232106958768067	-0.12644359987142983	0.5527918699671195	0.1563361432427832	4.2980989174935606e-11	3.9258611719820475	0.41613242310275966	0.0	-0.17610610147894235	0.602454371574632	4	1	0.8	-0.4816402634767272	0.5805252059129604	0.22413022857187548	0	0	FrankelAE_2017;LeeKA_2022;MatsonV_2018;PetersBA_2019;WindTT_2020	0.941640018265116	CONSISTENT_NONSIGNIFICANT	0.3330890638877745	0	Lipid
pathway	PWY0-1277: 3-phenylpropanoate and 3-(3-hydroxyphenyl)propanoate degradation	5	0.20424040911828908	0.12217064072680996	-0.13495966832654063	0.5434404865631188	0.16988913513934628	4.615102554584294e-11	2.7699565974215647	0.5970297863294993	0.0	-0.18456109567798892	0.5930419139145671	4	1	0.8	-0.14253106676312774	0.7437456176780409	0.19428319026857382	0	0	FrankelAE_2017;LeeKA_2022;MatsonV_2018;PetersBA_2019;WindTT_2020	0.941640018265116	CONSISTENT_NONSIGNIFICANT	0.4924825392610934	0	Fermentation/SCFA
pathway	PWY-5367: petroselinate biosynthesis	5	0.20272858875957528	0.12228220443842518	-0.1367812392062862	0.5422384167254368	0.1726825960559676	4.314116699171561e-11	3.862328346915957	0.4249581861114805	0.0	-0.18642796151882152	0.591885139037972	4	1	0.8	-0.49820293194148607	0.5472830694361759	0.21231213902753082	0	0	FrankelAE_2017;LeeKA_2022;MatsonV_2018;PetersBA_2019;WindTT_2020	0.941640018265116	CONSISTENT_NONSIGNIFICANT	0.3152831564921779	0	Other
pathway	P461-PWY: hexitol fermentation to lactate, formate, ethanol and acetate	5	0.20069191798708633	0.12224243026296731	-0.1387074791640119	0.5400913151381845	0.1759854921348253	4.2868185921403976e-11	3.386757955761875	0.49530455304701904	0.0	-0.1883380531102082	0.5897218890843808	4	1	0.8	-0.22349426075701598	0.6372014382328682	0.22795900068580274	0	0	FrankelAE_2017;LeeKA_2022;MatsonV_2018;PetersBA_2019;WindTT_2020	0.941640018265116	CONSISTENT_NONSIGNIFICANT	0.3672888236383092	0	Fermentation/SCFA
pathway	PWY-5971: palmitate biosynthesis II (bacteria and plants)	5	0.21199481361424397	0.12937640189581684	-0.14721166415749923	0.5712012913859872	0.17664138701890952	4.370945876706856e-11	4.470053357780044	0.34611316046797114	10.515609549982772	-0.1997386391275888	0.6237282663560767	4	1	0.8	-0.5529774593847632	0.5339839194913215	0.2296059233672726	0	0	FrankelAE_2017;LeeKA_2022;MatsonV_2018;PetersBA_2019;WindTT_2020	0.941640018265116	CONSISTENT_NONSIGNIFICANT	0.2978096092073432	0	Lipid
pathway	PWY-4984: urea cycle	5	-0.19926295810050898	0.1220115487155665	-0.5380213253094457	0.13949540910842778	0.1777753575608549	4.0853614037491327e-11	1.6364961002477494	0.802218212699819	0.0	-0.5875581610451024	0.18903224484408437	1	4	0.8	-0.46185869671895763	0.13089735755600404	-0.19437726720904094	0	0	FrankelAE_2017;LeeKA_2022;MatsonV_2018;PetersBA_2019;WindTT_2020	0.941640018265116	CONSISTENT_NONSIGNIFICANT	0.36031766885352123	0	Other
pathway	PWY-6731: starch degradation III	5	-0.203226557758802	0.12593062600028998	-0.5528660279118011	0.14641291239419707	0.18186988697012532	4.0763416723861254e-11	4.237409247029607	0.3748284243882809	5.602698091906726	-0.603994013710564	0.19754089819296006	1	4	0.8	-0.7115003374380017	0.16434290559112552	-0.1487505369177302	0	0	FrankelAE_2017;LeeKA_2022;MatsonV_2018;PetersBA_2019;WindTT_2020	0.941640018265116	CONSISTENT_NONSIGNIFICANT	0.4033333419437782	0	Carbohydrate
pathway	PWY-6113: superpathway of mycolate biosynthesis	5	0.20266140917735154	0.12567333272573342	-0.1462637003229047	0.5515865186776078	0.18212550826480106	4.3490983006054104e-11	4.222140674059632	0.37677634751746675	5.261328108379703	-0.1972872247790135	0.6026100431337166	4	1	0.8	-0.5325867533899452	0.5791656453633897	0.21873098785679165	0	0	FrankelAE_2017;LeeKA_2022;MatsonV_2018;PetersBA_2019;WindTT_2020	0.941640018265116	CONSISTENT_NONSIGNIFICANT	0.3318013765642142	0	Other
pathway	NAGLIPASYN-PWY: lipid IVA biosynthesis	5	-0.1965756989815509	0.12209281737506876	-0.5355597041623686	0.1424083061992669	0.18267387340687327	4.120777624350734e-11	2.403451091620401	0.6620036868012975	0.0	-0.5851295350755736	0.19197813711247189	2	3	0.6	-0.432488408823305	0.2287352609925086	-0.23544245370882633	0	0	FrankelAE_2017;LeeKA_2022;MatsonV_2018;PetersBA_2019;WindTT_2020	0.941640018265116	OTHER_OR_INSUFFICIENT	0.3089767944986657	0	Lipid
pathway	PWY0-1261: anhydromuropeptides recycling	5	-0.2109594961114802	0.13144638053656998	-0.5759131559482065	0.15399416372524602	0.18378339254126436	0.006098272784965318	3.5484172467164665	0.4705546857950176	0.0	-0.697534864847073	0.2756158726241127	2	3	0.6	-0.38572251852945993	0.3037932547229839	-0.16738317469015318	0	1	FrankelAE_2017;LeeKA_2022;MatsonV_2018;PetersBA_2019;WindTT_2020	0.941640018265116	OTHER_OR_INSUFFICIENT	0.29301143177924394	0	Other
pathway	GLYCOLYSIS: glycolysis I (from glucose 6-phosphate)	5	-0.19304103532490957	0.1221329715067489	-0.5321365262480842	0.14605445559826497	0.1891280233179263	4.2686924018256857e-11	2.7918114462548713	0.5932470292536679	0.0	-0.5817226598060343	0.19564058915621518	1	4	0.8	-0.4978241361770415	0.18484260678022393	-0.449648076991443	0	0	FrankelAE_2017;LeeKA_2022;MatsonV_2018;PetersBA_2019;WindTT_2020	0.941640018265116	CONSISTENT_NONSIGNIFICANT	0.28417245962871224	0	Carbohydrate
pathway	HCAMHPDEG-PWY: 3-phenylpropanoate and 3-(3-hydroxyphenyl)propanoate degradation to 2-oxopent-4-enoate	5	0.19007889580407736	0.12209800757004573	-0.1489195196681792	0.529077311276334	0.19451364086117054	4.554909680780068e-11	2.5359508052802884	0.638210021674431	0.0	-0.19849145786332836	0.5786492494714831	4	1	0.8	-0.0938984150277196	0.701549443180423	0.155443586206126	0	0	FrankelAE_2017;LeeKA_2022;MatsonV_2018;PetersBA_2019;WindTT_2020	0.941640018265116	CONSISTENT_NONSIGNIFICANT	0.4891697569517132	0	Fermentation/SCFA
pathway	PWY-6690: cinnamate and 3-hydroxycinnamate degradation to 2-oxopent-4-enoate	5	0.19007889580407736	0.12209800757004573	-0.1489195196681792	0.529077311276334	0.19451364086117054	4.554909680780068e-11	2.5359508052802884	0.638210021674431	0.0	-0.19849145786332836	0.5786492494714831	4	1	0.8	-0.0938984150277196	0.701549443180423	0.155443586206126	0	0	FrankelAE_2017;LeeKA_2022;MatsonV_2018;PetersBA_2019;WindTT_2020	0.941640018265116	CONSISTENT_NONSIGNIFICANT	0.4891697569517132	0	Aromatic/secondary
pathway	GLUCOSE1PMETAB-PWY: glucose and glucose-1-phosphate degradation	5	-0.18790978709493875	0.12227209378895058	-0.5273915433975561	0.1515719692076786	0.19914933733348164	4.155410528138378e-11	3.980632371216974	0.40863331880546216	0.0	-0.5770341607536639	0.20121458656378635	1	4	0.8	-0.6251136821959128	0.24429783572483035	-0.2956501586851001	0	0	FrankelAE_2017;LeeKA_2022;MatsonV_2018;PetersBA_2019;WindTT_2020	0.941640018265116	CONSISTENT_NONSIGNIFICANT	0.3313835780072554	0	Carbohydrate
pathway	PWY-5484: glycolysis II (from fructose 6-phosphate)	5	-0.18665523574022547	0.12212173909541824	-0.5257195404899414	0.15240906900949047	0.20112971137191596	4.2293000320116063e-11	2.858913661087345	0.5817065752035292	0.0	-0.5753011136703299	0.201990642189879	1	4	0.8	-0.5366750931506332	0.18574492890919828	-0.4028300185375134	0	0	FrankelAE_2017;LeeKA_2022;MatsonV_2018;PetersBA_2019;WindTT_2020	0.941640018265116	CONSISTENT_NONSIGNIFICANT	0.30971655491445166	0	Carbohydrate
pathway	PWY-7220: adenosine deoxyribonucleotides de novo biosynthesis II	5	-0.18130676851592809	0.12199271941032575	-0.5200128571924949	0.15739932016063868	0.21141726545596654	4.18878405757043e-11	1.8658270565320538	0.7604194701814795	0.0	-0.5695420482211992	0.20692851118934302	1	4	0.8	-0.36088120539919605	0.23082289485816643	-0.33876436723544706	0	0	FrankelAE_2017;LeeKA_2022;MatsonV_2018;PetersBA_2019;WindTT_2020	0.941640018265116	CONSISTENT_NONSIGNIFICANT	0.2466342433193274	0	Nucleotide
pathway	PWY-7222: guanosine deoxyribonucleotides de novo biosynthesis II	5	-0.18130676851592809	0.12199271941032575	-0.5200128571924949	0.15739932016063868	0.21141726545596654	4.18878405757043e-11	1.8658270565320538	0.7604194701814795	0.0	-0.5695420482211992	0.20692851118934302	1	4	0.8	-0.36088120539919605	0.23082289485816643	-0.33876436723544706	0	0	FrankelAE_2017;LeeKA_2022;MatsonV_2018;PetersBA_2019;WindTT_2020	0.941640018265116	CONSISTENT_NONSIGNIFICANT	0.2466342433193274	0	Nucleotide
pathway	PWY-7315: dTDP-N-acetylthomosamine biosynthesis	5	0.35738551919976047	0.24737364511859625	-0.32943382694470214	1.044204865344223	0.2220448031636368	0.13613236200825096	8.553475854419162	0.07328276427493782	53.23538561304998	-1.0563017000162667	1.7710727384157878	4	1	0.8	-0.10703455786293495	1.2954778044850133	0.1556559492004771	2	0	FrankelAE_2017;LeeKA_2022;MatsonV_2018;PetersBA_2019;WindTT_2020	0.941640018265116	OTHER_OR_INSUFFICIENT	0.4975078069863384	0	Other
pathway	PHOSLIPSYN-PWY: superpathway of phospholipid biosynthesis I (bacteria)	5	-0.17608300118006978	0.1220730205760869	-0.5150120416352558	0.16284603927511623	0.22264403469468713	4.0795891789469504e-11	2.722447231298691	0.6052923891963655	0.0	-0.5645738350190345	0.21240783265889493	1	4	0.8	-0.3955051285573441	0.3455017112828613	-0.20522762670796882	0	0	FrankelAE_2017;LeeKA_2022;MatsonV_2018;PetersBA_2019;WindTT_2020	0.941640018265116	CONSISTENT_NONSIGNIFICANT	0.3079757421945844	0	Lipid
pathway	PENTOSE-P-PWY: pentose phosphate pathway	5	-0.17599545466261038	0.12215935312569715	-0.515164192702581	0.16317328337736023	0.2231014927596188	4.072652508233674e-11	3.4590483705278774	0.4841323872120554	0.0	-0.5647610372038285	0.2127701278786078	1	4	0.8	-0.5516495937899099	0.3123566152531497	-0.17205231402889598	0	0	FrankelAE_2017;LeeKA_2022;MatsonV_2018;PetersBA_2019;WindTT_2020	0.941640018265116	CONSISTENT_NONSIGNIFICANT	0.3510029163606544	0	Carbohydrate
pathway	PWY-6147: 6-hydroxymethyl-dihydropterin diphosphate biosynthesis I	5	-0.2428048794698705	0.17245330433850145	-0.7216120121756883	0.23600225323594726	0.23191186409765527	0.028709594960580263	5.822205904538412	0.2128253222472883	31.29751737426534	-1.0122052056648716	0.5265954467251307	1	4	0.8	-0.7255031530835706	0.43103810608100357	-0.5186744218624542	0	0	FrankelAE_2017;LeeKA_2022;MatsonV_2018;PetersBA_2019;WindTT_2020	0.941640018265116	CONSISTENT_NONSIGNIFICANT	0.30348166348662625	0	Other
pathway	PWY66-409: superpathway of purine nucleotide salvage	5	0.1697952450099183	0.12203967644161923	-0.1690412172863379	0.5086317073061745	0.23651742477118537	4.19459152848054e-11	2.4602167912345774	0.651773478245016	0.0	-0.2185894729266468	0.5581799629464834	3	2	0.6	-0.35651960864171556	0.48177883039724073	0.20204958247722524	0	0	FrankelAE_2017;LeeKA_2022;MatsonV_2018;PetersBA_2019;WindTT_2020	0.941640018265116	OTHER_OR_INSUFFICIENT	0.3666404668950548	0	Nucleotide
pathway	PWY-2723: trehalose degradation V	5	-0.1767960734787529	0.12826598017862167	-0.5329195263090842	0.17932737935157847	0.2401676044465194	4.084329427483227e-11	4.400286141543302	0.35453523219488164	9.096820721820388	-0.5849956686984884	0.23140352174098264	1	4	0.8	-0.7145689979447128	0.17650199140401554	-0.12406213408829857	0	0	FrankelAE_2017;LeeKA_2022;MatsonV_2018;PetersBA_2019;WindTT_2020	0.941640018265116	CONSISTENT_NONSIGNIFICANT	0.40654823488386704	0	Other
pathway	CITRULBIO-PWY: L-citrulline biosynthesis	5	-0.17040755307889377	0.12553722856754784	-0.5189547768553586	0.17813967069757103	0.24618153685388464	4.125501597432026e-11	4.219107280688501	0.37716427321907225	5.19321425391074	-0.5699230428321628	0.22910793667437523	2	3	0.6	-0.441390782080656	0.37085842297666877	-0.2322753905499393	0	0	FrankelAE_2017;LeeKA_2022;MatsonV_2018;PetersBA_2019;WindTT_2020	0.941640018265116	OTHER_OR_INSUFFICIENT	0.2576425347377063	0	Other
pathway	PWY4FS-8: phosphatidylglycerol biosynthesis II (non-plastidic)	5	-0.16275209053253395	0.12194151648264219	-0.5013160170911619	0.175811836026094	0.25288771917652747	4.073985875456886e-11	1.9080628519001617	0.7526636811172387	0.0	-0.5508244196550282	0.22532023858996023	1	4	0.8	-0.3949056669442297	0.23605824236073344	-0.0794168113881451	0	0	FrankelAE_2017;LeeKA_2022;MatsonV_2018;PetersBA_2019;WindTT_2020	0.941640018265116	CONSISTENT_NONSIGNIFICANT	0.3973902096173478	0	Other
pathway	PWY4FS-7: phosphatidylglycerol biosynthesis I (plastidic)	5	-0.1627443147011133	0.12194147481096063	-0.501308125560605	0.17581949615837836	0.25290662655278584	4.073985875456886e-11	1.9078778925824755	0.7526976653404456	0.0	-0.5508165112057186	0.22532788180349203	1	4	0.8	-0.3949307651149786	0.236028220335071	-0.0794168113881451	0	0	FrankelAE_2017;LeeKA_2022;MatsonV_2018;PetersBA_2019;WindTT_2020	0.941640018265116	CONSISTENT_NONSIGNIFICANT	0.39742703930286755	0	Other
pathway	PWY-6901: superpathway of glucose and xylose degradation	5	-0.16290791633251664	0.12213429757915702	-0.5020070890229379	0.17619125635790459	0.25313595410216516	4.089971616821744e-11	3.576604992740341	0.46632637711077174	0.0	-0.5515937609445866	0.22577792827955326	1	4	0.8	-0.5752094517766625	0.26913277411421543	-0.1452857151158565	0	0	FrankelAE_2017;LeeKA_2022;MatsonV_2018;PetersBA_2019;WindTT_2020	0.941640018265116	CONSISTENT_NONSIGNIFICANT	0.3589173395179673	0	Carbohydrate
pathway	PWY-7539: 6-hydroxymethyl-dihydropterin diphosphate biosynthesis III (Chlamydia)	5	-0.23120269751821607	0.17410742377854396	-0.7146024020467524	0.2521970070103202	0.25490896203032437	0.031516475050343634	5.856516985184552	0.21012298085017955	31.700018797538736	-1.0225374738263504	0.5601320787899183	1	4	0.8	-0.7107927892437125	0.4385664562817266	-0.5115465079903169	0	0	FrankelAE_2017;LeeKA_2022;MatsonV_2018;PetersBA_2019;WindTT_2020	0.941640018265116	CONSISTENT_NONSIGNIFICANT	0.3018410068337799	0	Other
pathway	PWY0-1297: superpathway of purine deoxyribonucleosides degradation	5	0.16110039065841375	0.12197149672716454	-0.1775467744033709	0.4997475557201984	0.2570629692008825	4.1040614978320476e-11	2.0250620668178323	0.7311490926685894	0.0	-0.227067348986285	0.5492681303031125	5	0	1.0	0.02418554361944969	0.5872373758408052	0.18810490691414378	0	0	FrankelAE_2017;LeeKA_2022;MatsonV_2018;PetersBA_2019;WindTT_2020	0.941640018265116	CONSISTENT_NONSIGNIFICANT	0.4731438856265291	0	Nucleotide
pathway	ARGININE-SYN4-PWY: L-ornithine de novo  biosynthesis	5	-0.18185819861580543	0.13927327582908322	-0.5685428035763257	0.20482640634471483	0.26166586679691445	4.1669615465615844e-11	5.180511675673905	0.2692722380310887	22.78754975531136	-0.6250879211789131	0.2613715239473023	2	3	0.6	-0.7056640399460359	0.3148209346496989	-0.21082702243546844	0	0	FrankelAE_2017;LeeKA_2022;MatsonV_2018;PetersBA_2019;WindTT_2020	0.941640018265116	OTHER_OR_INSUFFICIENT	0.3529075848818394	0	Amino acid
pathway	PWY66-400: glycolysis VI (metazoan)	5	-0.1573410589862778	0.12198688126764876	-0.4960309383801855	0.18134882040762998	0.2666337748825164	4.2102166316539116e-11	2.3781677419604756	0.666576252585737	0.0	-0.5455577591187787	0.23087564114622308	1	4	0.8	-0.46114597948434993	0.14626789977064064	-0.3780703601781556	0	0	FrankelAE_2017;LeeKA_2022;MatsonV_2018;PetersBA_2019;WindTT_2020	0.941640018265116	CONSISTENT_NONSIGNIFICANT	0.30407241370725013	0	Carbohydrate
