species	pathway	partial_spearman_rho_study_adjusted	partial_spearman_p	partial_spearman_fdr_q	response_effect_vector_spearman_rho	common_effect_studies	response_effect_sign_agreement	concordant_positive	concordant_inverse	v2_category	v2_species	v1_species_feature	abs_partial_rho
species:Actinomyces graevenitzii	PWY-6612: superpathway of tetrahydrofolate biosynthesis	0.2107650590665242	0.0004777868579422112	0.00690912006934411	0.7	4	0.75	0	0	DOMAIN_SPECIFIC	s__Actinomyces_graevenitzii	species:Actinomyces graevenitzii	0.2107650590665242
species:Actinomyces graevenitzii	FOLSYN-PWY: superpathway of tetrahydrofolate biosynthesis and salvage	0.20962453342554027	0.0005135709837372286	0.007297028755600756	0.7	4	0.75	0	0	DOMAIN_SPECIFIC	s__Actinomyces_graevenitzii	species:Actinomyces graevenitzii	0.20962453342554027
species:Actinomyces graevenitzii	PWY-6703: preQ0 biosynthesis	-0.19455913293357485	0.0012870278579927479	0.014358314375687738	-0.9	4	0.5	0	0	DOMAIN_SPECIFIC	s__Actinomyces_graevenitzii	species:Actinomyces graevenitzii	0.19455913293357485
species:Actinomyces graevenitzii	RIBOSYN2-PWY: flavin biosynthesis I (bacteria and plants)	-0.1905418806004947	0.0016263703136388998	0.017164150775044438	-0.7000000000000001	4	0.5	0	0	DOMAIN_SPECIFIC	s__Actinomyces_graevenitzii	species:Actinomyces graevenitzii	0.1905418806004947
species:Actinomyces graevenitzii	P125-PWY: superpathway of (R,R)-butanediol biosynthesis	0.18932752227012295	0.0017440189680347894	0.018058326020100927	0.7	4	0.5	0	0	DOMAIN_SPECIFIC	s__Actinomyces_graevenitzii	species:Actinomyces graevenitzii	0.18932752227012295
species:Actinomyces graevenitzii	PWY-6897: thiamin salvage II	-0.1865320121479298	0.0020449907085261006	0.020345245425648313	-0.7000000000000001	4	0.5	0	0	DOMAIN_SPECIFIC	s__Actinomyces_graevenitzii	species:Actinomyces graevenitzii	0.1865320121479298
species:Actinomyces graevenitzii	GOLPDLCAT-PWY: superpathway of glycerol degradation to 1,3-propanediol	0.18122409922755472	0.0027501404578999245	0.02537958530848922	-0.7999999999999999	4	0.25	0	0	DOMAIN_SPECIFIC	s__Actinomyces_graevenitzii	species:Actinomyces graevenitzii	0.18122409922755472
species:Actinomyces graevenitzii	METSYN-PWY: L-homoserine and L-methionine biosynthesis	0.1762966280658225	0.0035954469010565015	0.030809979264867823	-0.6000000000000001	4	0.5	0	0	DOMAIN_SPECIFIC	s__Actinomyces_graevenitzii	species:Actinomyces graevenitzii	0.1762966280658225
species:Actinomyces graevenitzii	HOMOSER-METSYN-PWY: L-methionine biosynthesis I	0.17560586943891335	0.003731104292728932	0.031634712748187625	-0.3	4	0.5	0	0	DOMAIN_SPECIFIC	s__Actinomyces_graevenitzii	species:Actinomyces graevenitzii	0.17560586943891335
species:Actinomyces graevenitzii	MET-SAM-PWY: superpathway of S-adenosyl-L-methionine biosynthesis	0.1741889895012455	0.004023939374276753	0.033403167637426276	-0.6000000000000001	4	0.5	0	0	DOMAIN_SPECIFIC	s__Actinomyces_graevenitzii	species:Actinomyces graevenitzii	0.1741889895012455
species:Actinomyces graevenitzii	PWY66-409: superpathway of purine nucleotide salvage	0.1714831745174713	0.004641429271652244	0.03705498710286133	-0.3	4	0.25	0	0	DOMAIN_SPECIFIC	s__Actinomyces_graevenitzii	species:Actinomyces graevenitzii	0.1714831745174713
species:Actinomyces graevenitzii	PWY-5695: urate biosynthesis/inosine 5'-phosphate degradation	-0.16762822171988873	0.005668692530837238	0.042891680515826536	-0.9	4	0.5	0	0	DOMAIN_SPECIFIC	s__Actinomyces_graevenitzii	species:Actinomyces graevenitzii	0.16762822171988873
species:Actinomyces graevenitzii	PWY-7199: pyrimidine deoxyribonucleosides salvage	-0.1662063511085527	0.006096307737097245	0.04514891617507151	-0.7000000000000001	4	0.5	0	0	DOMAIN_SPECIFIC	s__Actinomyces_graevenitzii	species:Actinomyces graevenitzii	0.1662063511085527
species:Actinomyces graevenitzii	PWY-5347: superpathway of L-methionine biosynthesis (transsulfuration)	0.16609216923984163	0.006131869108156288	0.045345700559484274	-0.6000000000000001	4	0.5	0	0	DOMAIN_SPECIFIC	s__Actinomyces_graevenitzii	species:Actinomyces graevenitzii	0.16609216923984163
species:Actinomyces graevenitzii	PWY-6168: flavin biosynthesis III (fungi)	-0.16607622374183645	0.006136850008669291	0.045378039202291026	-0.6000000000000001	4	0.5	0	0	DOMAIN_SPECIFIC	s__Actinomyces_graevenitzii	species:Actinomyces graevenitzii	0.16607622374183645
species:Adlercreutzia equolifaciens	PWY-4981: L-proline biosynthesis II (from arginine)	0.33085779788411374	2.414175960101163e-08	1.6952829606557989e-06	0.1	5	0.4	0	0	REVERSAL	s__Adlercreutzia_equolifaciens	species:Adlercreutzia equolifaciens	0.33085779788411374
species:Adlercreutzia equolifaciens	ARGSYNBSUB-PWY: L-arginine biosynthesis II (acetyl cycle)	0.30179453347828694	4.110654999829152e-07	2.0579741993108442e-05	0.7	5	0.6	0	0	REVERSAL	s__Adlercreutzia_equolifaciens	species:Adlercreutzia equolifaciens	0.30179453347828694
species:Adlercreutzia equolifaciens	ARGSYN-PWY: L-arginine biosynthesis I (via L-ornithine)	0.29670618868115906	6.548835287257238e-07	3.107720018134798e-05	0.7	5	0.6	0	0	REVERSAL	s__Adlercreutzia_equolifaciens	species:Adlercreutzia equolifaciens	0.29670618868115906
species:Adlercreutzia equolifaciens	PWY-7400: L-arginine biosynthesis IV (archaebacteria)	0.2956468081995504	7.207532243271385e-07	3.3710116029526056e-05	0.7	5	0.6	0	0	REVERSAL	s__Adlercreutzia_equolifaciens	species:Adlercreutzia equolifaciens	0.2956468081995504
species:Adlercreutzia equolifaciens	PWY-5973: cis-vaccenate biosynthesis	-0.2952199555083117	7.490491038091482e-07	3.477208918093139e-05	0.1	5	0.2	0	0	REVERSAL	s__Adlercreutzia_equolifaciens	species:Adlercreutzia equolifaciens	0.2952199555083117
species:Adlercreutzia equolifaciens	GLUTORN-PWY: L-ornithine biosynthesis	0.2899434538707853	1.1995356586225799e-06	5.26090122053708e-05	0.7	5	0.6	0	0	REVERSAL	s__Adlercreutzia_equolifaciens	species:Adlercreutzia equolifaciens	0.2899434538707853
species:Adlercreutzia equolifaciens	COBALSYN-PWY: adenosylcobalamin salvage from cobinamide I	0.28795802878328663	1.4285717800268415e-06	6.109529498891635e-05	0.6	5	0.4	0	0	REVERSAL	s__Adlercreutzia_equolifaciens	species:Adlercreutzia equolifaciens	0.28795802878328663
species:Adlercreutzia equolifaciens	PWY-7663: gondoate biosynthesis (anaerobic)	-0.28622002248967804	1.6628789190450743e-06	6.95390811154278e-05	1.0125574449829841e-18	5	0.2	0	0	REVERSAL	s__Adlercreutzia_equolifaciens	species:Adlercreutzia equolifaciens	0.28622002248967804
species:Adlercreutzia equolifaciens	ARGORNPROST-PWY: arginine, ornithine and proline interconversion	0.28339949051437074	2.1230763032079027e-06	8.543350605350788e-05	0.9	5	0.8	1	0	REVERSAL	s__Adlercreutzia_equolifaciens	species:Adlercreutzia equolifaciens	0.28339949051437074
species:Adlercreutzia equolifaciens	UDPNAGSYN-PWY: UDP-N-acetyl-D-glucosamine biosynthesis I	0.27147621362153107	5.792184142261449e-06	0.00020037642151690455	0.5	5	0.4	0	0	REVERSAL	s__Adlercreutzia_equolifaciens	species:Adlercreutzia equolifaciens	0.27147621362153107
species:Adlercreutzia equolifaciens	PWY-5695: urate biosynthesis/inosine 5'-phosphate degradation	-0.25562465461241385	2.047530889210784e-05	0.0005728635335683215	0.3	5	0.4	0	0	REVERSAL	s__Adlercreutzia_equolifaciens	species:Adlercreutzia equolifaciens	0.25562465461241385
species:Adlercreutzia equolifaciens	ARGININE-SYN4-PWY: L-ornithine de novo  biosynthesis	-0.24217793212387786	5.614506371092747e-05	0.0012919249154642084	-0.4	5	0.2	0	0	REVERSAL	s__Adlercreutzia_equolifaciens	species:Adlercreutzia equolifaciens	0.24217793212387786
species:Adlercreutzia equolifaciens	PWY-6147: 6-hydroxymethyl-dihydropterin diphosphate biosynthesis I	-0.2415824053507387	5.863383422202366e-05	0.0013380560040774008	-0.10000000000000003	5	0.4	0	0	REVERSAL	s__Adlercreutzia_equolifaciens	species:Adlercreutzia equolifaciens	0.2415824053507387
species:Adlercreutzia equolifaciens	PWY-1269: CMP-3-deoxy-D-manno-octulosonate biosynthesis I	-0.23838392942951972	7.387642422093812e-05	0.0016157572699666413	-0.4	5	0.2	0	0	REVERSAL	s__Adlercreutzia_equolifaciens	species:Adlercreutzia equolifaciens	0.23838392942951972
species:Adlercreutzia equolifaciens	PWY-5100: pyruvate fermentation to acetate and lactate II	0.236607881892799	8.387714374469754e-05	0.001789906595759489	0.7	5	0.6	0	0	REVERSAL	s__Adlercreutzia_equolifaciens	species:Adlercreutzia equolifaciens	0.236607881892799
species:Anaerotruncus colihominis	PWY-4984: urea cycle	0.31271355740438106	1.4679104744334363e-07	8.331226575225125e-06	0.1	5	0.6	0	0	E1	s__Anaerotruncus_colihominis	species:Anaerotruncus colihominis	0.31271355740438106
species:Anaerotruncus colihominis	P108-PWY: pyruvate fermentation to propanoate I	0.29237740612558033	9.66474329859103e-07	4.348610176411249e-05	0.5	5	0.6	0	0	E1	s__Anaerotruncus_colihominis	species:Anaerotruncus colihominis	0.29237740612558033
species:Anaerotruncus colihominis	CITRULBIO-PWY: L-citrulline biosynthesis	0.29141143967669597	1.053247195577397e-06	4.6937725469295756e-05	-0.19999999999999998	5	0.4	0	0	E1	s__Anaerotruncus_colihominis	species:Anaerotruncus colihominis	0.29141143967669597
species:Anaerotruncus colihominis	PWY-7282: 4-amino-2-methyl-5-phosphomethylpyrimidine biosynthesis (yeast)	0.282229904643683	2.347607457368734e-06	9.286672297972789e-05	-0.19999999999999998	5	0.4	0	0	E1	s__Anaerotruncus_colihominis	species:Anaerotruncus colihominis	0.282229904643683
species:Anaerotruncus colihominis	PYRIDOXSYN-PWY: pyridoxal 5'-phosphate biosynthesis I	0.2729862664271605	5.114021709767335e-06	0.000180066634220421	-0.09999999999999998	5	0.6	0	0	E1	s__Anaerotruncus_colihominis	species:Anaerotruncus colihominis	0.2729862664271605
species:Anaerotruncus colihominis	PWY0-845: superpathway of pyridoxal 5'-phosphate biosynthesis and salvage	0.2711248614018294	5.961822847113209e-06	0.00020527040048229364	-1.0125574449829841e-18	5	0.4	0	0	E1	s__Anaerotruncus_colihominis	species:Anaerotruncus colihominis	0.2711248614018294
species:Anaerotruncus colihominis	PWY-7383: anaerobic energy metabolism (invertebrates, cytosol)	0.27040192915279154	6.325856054041739e-06	0.00021571487026496102	0.5	5	0.6	0	0	E1	s__Anaerotruncus_colihominis	species:Anaerotruncus colihominis	0.27040192915279154
species:Anaerotruncus colihominis	HISDEG-PWY: L-histidine degradation I	0.26666711351355604	8.56889258331264e-06	0.0002783435838877091	-0.09999999999999998	5	0.6	0	0	E1	s__Anaerotruncus_colihominis	species:Anaerotruncus colihominis	0.26666711351355604
species:Anaerotruncus colihominis	PWY66-399: gluconeogenesis III	0.25095774474647997	2.9245420732680576e-05	0.0007654465904669265	0.5	5	0.6	0	0	E1	s__Anaerotruncus_colihominis	species:Anaerotruncus colihominis	0.25095774474647997
species:Anaerotruncus colihominis	PWY-5030: L-histidine degradation III	0.2502896685368373	3.075943221367193e-05	0.0007980773642758967	-0.09999999999999998	5	0.4	0	0	E1	s__Anaerotruncus_colihominis	species:Anaerotruncus colihominis	0.2502896685368373
species:Anaerotruncus colihominis	THISYN-PWY: superpathway of thiamin diphosphate biosynthesis I	0.2453523647302362	4.447333641361634e-05	0.0010695092364467799	0.1	5	0.4	0	0	E1	s__Anaerotruncus_colihominis	species:Anaerotruncus colihominis	0.2453523647302362
species:Anaerotruncus colihominis	PWY-6936: seleno-amino acid biosynthesis	-0.2449166313784011	4.592748617939814e-05	0.0010988151068421007	0.09999999999999998	5	0.6	0	0	E1	s__Anaerotruncus_colihominis	species:Anaerotruncus colihominis	0.2449166313784011
species:Anaerotruncus colihominis	ARGININE-SYN4-PWY: L-ornithine de novo  biosynthesis	0.23214074942985838	0.00011494199727569033	0.0023002574607617105	-0.09999999999999998	5	0.4	0	0	E1	s__Anaerotruncus_colihominis	species:Anaerotruncus colihominis	0.23214074942985838
species:Anaerotruncus colihominis	PWY-5154: L-arginine biosynthesis III (via N-acetyl-L-citrulline)	0.22602771036103433	0.00017517662601429352	0.003173843307151203	0.5	5	0.4	0	0	E1	s__Anaerotruncus_colihominis	species:Anaerotruncus colihominis	0.22602771036103433
species:Anaerotruncus colihominis	PWY-5695: urate biosynthesis/inosine 5'-phosphate degradation	0.21397039431080855	0.00038922227608783705	0.005889175129919239	-0.2	5	0.6	0	0	E1	s__Anaerotruncus_colihominis	species:Anaerotruncus colihominis	0.21397039431080855
species:Bacteroides eggerthii	PWY-7332: superpathway of UDP-N-acetylglucosamine-derived O-antigen building blocks biosynthesis	0.3075961754687373	2.3908461920024613e-07	1.28209127046132e-05	-0.6	5	0.4	0	0	DOMAIN_SPECIFIC	s__Bacteroides_eggerthii	species:Bacteroides eggerthii	0.3075961754687373
species:Bacteroides eggerthii	COBALSYN-PWY: adenosylcobalamin salvage from cobinamide I	-0.25005859456505325	3.130012057955741e-05	0.000809292968750136	-0.8999999999999999	5	0.2	0	1	DOMAIN_SPECIFIC	s__Bacteroides_eggerthii	species:Bacteroides eggerthii	0.25005859456505325
species:Bacteroides eggerthii	PWY66-422: D-galactose degradation V (Leloir pathway)	-0.2477603688695879	3.718932904343253e-05	0.0009277898164348097	-0.7999999999999999	5	0.4	0	0	DOMAIN_SPECIFIC	s__Bacteroides_eggerthii	species:Bacteroides eggerthii	0.2477603688695879
species:Bacteroides eggerthii	PWY-7357: thiamin formation from pyrithiamine and oxythiamine (yeast)	-0.24743578006773706	3.810089536864961e-05	0.0009437522890271264	-0.7999999999999999	5	0.4	0	0	DOMAIN_SPECIFIC	s__Bacteroides_eggerthii	species:Bacteroides eggerthii	0.24743578006773706
species:Bacteroides eggerthii	PWY-5845: superpathway of menaquinol-9 biosynthesis	0.24072863953653673	6.238358904795575e-05	0.0014077041680996688	0.5	5	0.6	0	0	DOMAIN_SPECIFIC	s__Bacteroides_eggerthii	species:Bacteroides eggerthii	0.24072863953653673
species:Bacteroides eggerthii	PWY-5862: superpathway of demethylmenaquinol-9 biosynthesis	0.2400672587771848	6.544234832410114e-05	0.0014647704746629249	0.5	5	0.6	0	0	DOMAIN_SPECIFIC	s__Bacteroides_eggerthii	species:Bacteroides eggerthii	0.2400672587771848
species:Bacteroides eggerthii	TRPSYN-PWY: L-tryptophan biosynthesis	-0.23104654519741244	0.00012404933190684057	0.0024367859025047423	-0.7999999999999999	5	0.4	0	0	DOMAIN_SPECIFIC	s__Bacteroides_eggerthii	species:Bacteroides eggerthii	0.23104654519741244
species:Bacteroides eggerthii	COMPLETE-ARO-PWY: superpathway of aromatic amino acid biosynthesis	-0.2268721135009824	0.00016538244753277185	0.00302948176160277	-0.8999999999999999	5	0.2	0	1	DOMAIN_SPECIFIC	s__Bacteroides_eggerthii	species:Bacteroides eggerthii	0.2268721135009824
species:Bacteroides eggerthii	CALVIN-PWY: Calvin-Benson-Bassham cycle	-0.21553772430018767	0.00035170970191581867	0.005438931512162461	-0.7999999999999999	5	0.2	0	1	DOMAIN_SPECIFIC	s__Bacteroides_eggerthii	species:Bacteroides eggerthii	0.21553772430018767
species:Bacteroides eggerthii	GOLPDLCAT-PWY: superpathway of glycerol degradation to 1,3-propanediol	-0.21217560364279808	0.0004367306533717328	0.00644375442857719	-0.6	5	0.0	0	1	DOMAIN_SPECIFIC	s__Bacteroides_eggerthii	species:Bacteroides eggerthii	0.21217560364279808
species:Bacteroides eggerthii	GLUTORN-PWY: L-ornithine biosynthesis	-0.21126312079556417	0.0004628976286848039	0.0067476136757693385	-0.7999999999999999	5	0.4	0	0	DOMAIN_SPECIFIC	s__Bacteroides_eggerthii	species:Bacteroides eggerthii	0.21126312079556417
species:Bacteroides eggerthii	GLYCOGENSYNTH-PWY: glycogen biosynthesis I (from ADP-D-Glucose)	-0.20878635169766824	0.0005414355887809652	0.007569957100607592	-0.7999999999999999	5	0.4	0	0	DOMAIN_SPECIFIC	s__Bacteroides_eggerthii	species:Bacteroides eggerthii	0.20878635169766824
species:Bacteroides eggerthii	PWY-5100: pyruvate fermentation to acetate and lactate II	-0.20665426219208213	0.0006187503766542052	0.008394468444372204	-0.7999999999999999	5	0.4	0	0	DOMAIN_SPECIFIC	s__Bacteroides_eggerthii	species:Bacteroides eggerthii	0.20665426219208213
species:Bacteroides eggerthii	ARO-PWY: chorismate biosynthesis I	-0.20484450892777878	0.000692262545115836	0.009104057424721052	-0.8999999999999999	5	0.2	0	1	DOMAIN_SPECIFIC	s__Bacteroides_eggerthii	species:Bacteroides eggerthii	0.20484450892777878
species:Bacteroides eggerthii	HEME-BIOSYNTHESIS-II: heme biosynthesis I (aerobic)	0.2034763353018658	0.0007531071943990391	0.009685809723141054	0.6	5	0.8	1	0	DOMAIN_SPECIFIC	s__Bacteroides_eggerthii	species:Bacteroides eggerthii	0.2034763353018658
species:Bifidobacterium adolescentis	PWY-7209: superpathway of pyrimidine ribonucleosides degradation	0.6637340907649055	8.655314766263353e-36	7.600995600499933e-33	0.3	5	0.6	0	0	REVERSAL	s__Bifidobacterium_adolescentis	species:Bifidobacterium adolescentis	0.6637340907649055
species:Bifidobacterium adolescentis	PWY-7560: methylerythritol phosphate pathway II	0.6117728290298909	3.249772516686953e-29	2.146747958235525e-26	0.09999999999999998	5	0.4	0	0	REVERSAL	s__Bifidobacterium_adolescentis	species:Bifidobacterium adolescentis	0.6117728290298909
species:Bifidobacterium adolescentis	NONMEVIPP-PWY: methylerythritol phosphate pathway I	0.6012075055626174	5.0526812382513995e-28	3.1694323000883526e-25	0.09999999999999998	5	0.4	0	0	REVERSAL	s__Bifidobacterium_adolescentis	species:Bifidobacterium adolescentis	0.6012075055626174
species:Bifidobacterium adolescentis	PWY-6270: isoprene biosynthesis I	0.5967102059567232	1.575699231507481e-27	9.801637069592284e-25	0.09999999999999998	5	0.4	0	0	REVERSAL	s__Bifidobacterium_adolescentis	species:Bifidobacterium adolescentis	0.5967102059567232
species:Bifidobacterium adolescentis	P124-PWY: Bifidobacterium shunt	0.5964968592295056	1.6623142698549875e-27	1.0254967850214497e-24	-0.4	5	0.4	0	0	REVERSAL	s__Bifidobacterium_adolescentis	species:Bifidobacterium adolescentis	0.5964968592295056
species:Bifidobacterium adolescentis	PWY0-1061: superpathway of L-alanine biosynthesis	0.519986847364529	3.5682030545029813e-20	1.530689057039244e-17	-0.5	5	0.6	0	0	REVERSAL	s__Bifidobacterium_adolescentis	species:Bifidobacterium adolescentis	0.519986847364529
species:Bifidobacterium adolescentis	PWY-7115: C4 photosynthetic carbon assimilation cycle, NAD-ME type	0.5028282336149419	9.016792581697951e-19	3.4873963681524624e-16	-0.5	5	0.6	0	0	REVERSAL	s__Bifidobacterium_adolescentis	species:Bifidobacterium adolescentis	0.5028282336149419
species:Bifidobacterium adolescentis	DAPLYSINESYN-PWY: L-lysine biosynthesis I	0.5001218966032832	1.476213845085796e-18	5.565326195973451e-16	-0.1	5	0.6	0	0	REVERSAL	s__Bifidobacterium_adolescentis	species:Bifidobacterium adolescentis	0.5001218966032832
species:Bifidobacterium adolescentis	PWY0-781: aspartate superpathway	0.4939810240172232	4.44597570244452e-18	1.6593715114233683e-15	-0.3	5	0.8	0	0	REVERSAL	s__Bifidobacterium_adolescentis	species:Bifidobacterium adolescentis	0.4939810240172232
species:Bifidobacterium adolescentis	PWY-5384: sucrose degradation IV (sucrose phosphorylase)	0.4934871602042837	4.8535343721539905e-18	1.793549142296073e-15	-0.3	5	0.0	0	0	REVERSAL	s__Bifidobacterium_adolescentis	species:Bifidobacterium adolescentis	0.4934871602042837
species:Bifidobacterium adolescentis	P4-PWY: superpathway of L-lysine, L-threonine and L-methionine biosynthesis I	0.48798236273966844	1.2778936086695468e-17	4.586040688112836e-15	0.09999999999999998	5	0.8	0	0	REVERSAL	s__Bifidobacterium_adolescentis	species:Bifidobacterium adolescentis	0.48798236273966844
species:Bifidobacterium adolescentis	PWY-6549: L-glutamine biosynthesis III	0.4631360092583912	8.180968900088612e-16	2.482425221609815e-13	-0.6	5	0.6	0	0	REVERSAL	s__Bifidobacterium_adolescentis	species:Bifidobacterium adolescentis	0.4631360092583912
species:Bifidobacterium adolescentis	PWY-622: starch biosynthesis	0.45515125154709224	2.902908305998431e-15	8.239182258918588e-13	0.10000000000000003	5	0.4	0	0	REVERSAL	s__Bifidobacterium_adolescentis	species:Bifidobacterium adolescentis	0.45515125154709224
species:Bifidobacterium adolescentis	PWY-7117: C4 photosynthetic carbon assimilation cycle, PEPCK type	0.45345024328886546	3.785840596297504e-15	1.0623979592151259e-12	0.09999999999999998	5	0.4	0	0	REVERSAL	s__Bifidobacterium_adolescentis	species:Bifidobacterium adolescentis	0.45345024328886546
species:Bifidobacterium adolescentis	PWY66-400: glycolysis VI (metazoan)	0.4496726950794155	6.791983001993503e-15	1.863949864583849e-12	-0.8	5	0.2	0	0	REVERSAL	s__Bifidobacterium_adolescentis	species:Bifidobacterium adolescentis	0.4496726950794155
species:Desulfovibrio piger	PWY-6703: preQ0 biosynthesis	0.28530822245916543	1.8000639472141574e-06	7.444186892174405e-05	-0.6668859288553503	3	0.3333333333333333	0	0	DOMAIN_SPECIFIC	s__Desulfovibrio_piger	species:Desulfovibrio piger	0.28530822245916543
species:Desulfovibrio piger	PWY66-399: gluconeogenesis III	0.23550492556103506	9.071399978522746e-05	0.0019069099487378455	-0.20519567041703082	3	0.6666666666666666	0	0	DOMAIN_SPECIFIC	s__Desulfovibrio_piger	species:Desulfovibrio piger	0.23550492556103506
species:Desulfovibrio piger	PWY-7383: anaerobic energy metabolism (invertebrates, cytosol)	0.2326634372875459	0.00011081643056688846	0.00223386531895651	-0.20519567041703082	3	0.6666666666666666	0	0	DOMAIN_SPECIFIC	s__Desulfovibrio_piger	species:Desulfovibrio piger	0.2326634372875459
species:Desulfovibrio piger	THISYN-PWY: superpathway of thiamin diphosphate biosynthesis I	0.21121085359955855	0.0004644396584207278	0.006763253166830631	-0.359092423229804	3	0.6666666666666666	0	0	DOMAIN_SPECIFIC	s__Desulfovibrio_piger	species:Desulfovibrio piger	0.21121085359955855
species:Desulfovibrio piger	PWY-621: sucrose degradation III (sucrose invertase)	-0.20042275924061836	0.0009071238393685751	0.011137074535969982	-0.35909242322980395	3	0.6666666666666666	0	0	DOMAIN_SPECIFIC	s__Desulfovibrio_piger	species:Desulfovibrio piger	0.20042275924061836
species:Desulfovibrio piger	PWY-5101: L-isoleucine biosynthesis II	0.19950419444658515	0.0009588436394853523	0.011598418783507309	-0.10259783520851541	3	0.3333333333333333	0	0	DOMAIN_SPECIFIC	s__Desulfovibrio_piger	species:Desulfovibrio piger	0.19950419444658515
species:Desulfovibrio piger	PWY-6167: flavin biosynthesis II (archaea)	0.19575795284181988	0.0011991514702597646	0.013668019644069383	-0.4616902584383194	3	0.3333333333333333	0	0	DOMAIN_SPECIFIC	s__Desulfovibrio_piger	species:Desulfovibrio piger	0.19575795284181988
species:Desulfovibrio piger	PANTO-PWY: phosphopantothenate biosynthesis I	0.19149262500839886	0.0015393804776720299	0.016450177756499203	-0.8207826816681233	3	0.3333333333333333	0	0	DOMAIN_SPECIFIC	s__Desulfovibrio_piger	species:Desulfovibrio piger	0.19149262500839886
species:Desulfovibrio piger	TRNA-CHARGING-PWY: tRNA charging	0.18568127843484325	0.0021455721381179803	0.021084567907050388	-0.8207826816681233	3	0.3333333333333333	0	0	DOMAIN_SPECIFIC	s__Desulfovibrio_piger	species:Desulfovibrio piger	0.18568127843484325
species:Desulfovibrio piger	RIBOSYN2-PWY: flavin biosynthesis I (bacteria and plants)	0.17840330286337594	0.0032088206716212654	0.028401081778769332	-0.8207826816681233	3	0.3333333333333333	0	0	DOMAIN_SPECIFIC	s__Desulfovibrio_piger	species:Desulfovibrio piger	0.17840330286337594
species:Desulfovibrio piger	PWY-6124: inosine-5'-phosphate biosynthesis II	0.17687826414556584	0.0034846971357918965	0.03015869013313877	-0.6668859288553503	3	0.3333333333333333	0	0	DOMAIN_SPECIFIC	s__Desulfovibrio_piger	species:Desulfovibrio piger	0.17687826414556584
species:Desulfovibrio piger	PWY-6123: inosine-5'-phosphate biosynthesis I	0.17642778699890782	0.003570198457942665	0.030638888038348678	-0.6668859288553503	3	0.3333333333333333	0	0	DOMAIN_SPECIFIC	s__Desulfovibrio_piger	species:Desulfovibrio piger	0.17642778699890782
species:Desulfovibrio piger	PANTOSYN-PWY: pantothenate and coenzyme A biosynthesis I	0.17520224034380216	0.003812497792897787	0.03212776137374669	-0.8207826816681233	3	0.3333333333333333	0	0	DOMAIN_SPECIFIC	s__Desulfovibrio_piger	species:Desulfovibrio piger	0.17520224034380216
species:Desulfovibrio piger	HISDEG-PWY: L-histidine degradation I	0.1739685605983741	0.00407131671949356	0.033715055230010685	0.05129891760425772	3	1.0	0	0	DOMAIN_SPECIFIC	s__Desulfovibrio_piger	species:Desulfovibrio piger	0.1739685605983741
species:Desulfovibrio piger	PWY-7199: pyrimidine deoxyribonucleosides salvage	0.17367768228820607	0.004134606334202741	0.0341180438230044	-0.8207826816681233	3	0.3333333333333333	0	0	DOMAIN_SPECIFIC	s__Desulfovibrio_piger	species:Desulfovibrio piger	0.17367768228820607
species:Eisenbergiella massiliensis	PWY-6892: thiazole biosynthesis I (E. coli)	0.23674470101305245	8.30636395606405e-05	0.001776100956357368	0.6000000000000001	4	0.75	0	0	DOMAIN_SPECIFIC	s__Eisenbergiella_massiliensis	species:Eisenbergiella massiliensis	0.23674470101305245
species:Eisenbergiella massiliensis	PWY-7282: 4-amino-2-methyl-5-phosphomethylpyrimidine biosynthesis (yeast)	0.22709961450108532	0.0001628326641971619	0.002995716563325579	0.39999999999999997	4	0.75	0	0	DOMAIN_SPECIFIC	s__Eisenbergiella_massiliensis	species:Eisenbergiella massiliensis	0.22709961450108532
species:Eisenbergiella massiliensis	PWY0-1061: superpathway of L-alanine biosynthesis	-0.21926134095396801	0.0002756494539400715	0.004514288972972922	0.6	4	0.75	0	0	DOMAIN_SPECIFIC	s__Eisenbergiella_massiliensis	species:Eisenbergiella massiliensis	0.21926134095396801
species:Eisenbergiella massiliensis	PWY-5030: L-histidine degradation III	0.20494636422386084	0.0006879197124076422	0.009067712317213643	0.2	4	0.75	0	0	DOMAIN_SPECIFIC	s__Eisenbergiella_massiliensis	species:Eisenbergiella massiliensis	0.20494636422386084
species:Eisenbergiella massiliensis	THISYN-PWY: superpathway of thiamin diphosphate biosynthesis I	0.20456748212760892	0.0007042027180588568	0.00922370873701025	0.7000000000000001	4	0.75	0	0	DOMAIN_SPECIFIC	s__Eisenbergiella_massiliensis	species:Eisenbergiella massiliensis	0.20456748212760892
species:Eisenbergiella massiliensis	PWY0-845: superpathway of pyridoxal 5'-phosphate biosynthesis and salvage	0.19921250525493936	0.0009758268821459195	0.011740675693746453	0.09999999999999998	4	0.75	0	0	DOMAIN_SPECIFIC	s__Eisenbergiella_massiliensis	species:Eisenbergiella massiliensis	0.19921250525493936
species:Eisenbergiella massiliensis	P4-PWY: superpathway of L-lysine, L-threonine and L-methionine biosynthesis I	-0.19873386021571562	0.0010042966359311194	0.01199851579476862	-0.2	4	0.5	0	0	DOMAIN_SPECIFIC	s__Eisenbergiella_massiliensis	species:Eisenbergiella massiliensis	0.19873386021571562
species:Eisenbergiella massiliensis	FERMENTATION-PWY: mixed acid fermentation	-0.19394643680975795	0.0013341872331174404	0.014767458511756296	-0.09999999999999998	4	0.75	0	0	DOMAIN_SPECIFIC	s__Eisenbergiella_massiliensis	species:Eisenbergiella massiliensis	0.19394643680975795
species:Eisenbergiella massiliensis	PWY-5104: L-isoleucine biosynthesis IV	0.1919041594096031	0.001503065210689856	0.016169160645216167	0.9	4	1.0	1	0	DOMAIN_SPECIFIC	s__Eisenbergiella_massiliensis	species:Eisenbergiella massiliensis	0.1919041594096031
species:Eisenbergiella massiliensis	PYRIDOXSYN-PWY: pyridoxal 5'-phosphate biosynthesis I	0.18844608442461522	0.0018342325744257317	0.01875333854959364	0.2	4	0.5	0	0	DOMAIN_SPECIFIC	s__Eisenbergiella_massiliensis	species:Eisenbergiella massiliensis	0.18844608442461522
species:Eisenbergiella massiliensis	PWY0-781: aspartate superpathway	-0.18734657983194786	0.001952735500858838	0.019644729676160218	-0.09999999999999998	4	0.5	0	0	DOMAIN_SPECIFIC	s__Eisenbergiella_massiliensis	species:Eisenbergiella massiliensis	0.18734657983194786
species:Eisenbergiella massiliensis	PWY-7115: C4 photosynthetic carbon assimilation cycle, NAD-ME type	-0.1852585604725354	0.002197208927578836	0.021440321490840245	0.6	4	0.75	0	0	DOMAIN_SPECIFIC	s__Eisenbergiella_massiliensis	species:Eisenbergiella massiliensis	0.1852585604725354
species:Eisenbergiella massiliensis	PWY-5177: glutaryl-CoA degradation	-0.18256943974717146	0.0025530936212102145	0.02399020977452891	0.6	4	0.75	0	0	DOMAIN_SPECIFIC	s__Eisenbergiella_massiliensis	species:Eisenbergiella massiliensis	0.18256943974717146
species:Eisenbergiella massiliensis	PWY-6859: all-trans-farnesol biosynthesis	0.18033701194017887	0.002887522846735086	0.02624181562786095	0.3	4	0.75	0	0	DOMAIN_SPECIFIC	s__Eisenbergiella_massiliensis	species:Eisenbergiella massiliensis	0.18033701194017887
species:Eisenbergiella massiliensis	DAPLYSINESYN-PWY: L-lysine biosynthesis I	-0.17883528129230414	0.003134357645605023	0.027889767649759513	1.0125574449829841e-18	4	0.25	0	0	DOMAIN_SPECIFIC	s__Eisenbergiella_massiliensis	species:Eisenbergiella massiliensis	0.17883528129230414
species:Holdemania filiformis	PWY-5505: L-glutamate and L-glutamine biosynthesis	0.3206801932177987	6.743028717050917e-08	4.212051226886885e-06	0.3	5	0.6	0	0	DOMAIN_SPECIFIC	s__Holdemania_filiformis	species:Holdemania filiformis	0.3206801932177987
species:Holdemania filiformis	CENTFERM-PWY: pyruvate fermentation to butanoate	0.27143099334499804	5.813756775494562e-06	0.00020100680327168462	0.7	5	0.6	0	0	DOMAIN_SPECIFIC	s__Holdemania_filiformis	species:Holdemania filiformis	0.27143099334499804
species:Holdemania filiformis	PWY-6590: superpathway of Clostridium acetobutylicum acidogenic fermentation	0.27054577106787725	6.25177954176101e-06	0.0002135791009950995	0.7	5	0.6	0	0	DOMAIN_SPECIFIC	s__Holdemania_filiformis	species:Holdemania filiformis	0.27054577106787725
species:Holdemania filiformis	PPGPPMET-PWY: ppGpp biosynthesis	0.24990792770524628	3.165748823618321e-05	0.0008162711111841561	0.7999999999999999	5	0.8	1	0	DOMAIN_SPECIFIC	s__Holdemania_filiformis	species:Holdemania filiformis	0.24990792770524628
species:Holdemania filiformis	GLYCOLYSIS: glycolysis I (from glucose 6-phosphate)	-0.2300693410193632	0.00013275048918913676	0.0025645168260901405	0.6	5	1.0	0	0	DOMAIN_SPECIFIC	s__Holdemania_filiformis	species:Holdemania filiformis	0.2300693410193632
species:Holdemania filiformis	PWY-5484: glycolysis II (from fructose 6-phosphate)	-0.2284682436232658	0.00014825320627002875	0.0027981059001852254	0.6	5	1.0	0	0	DOMAIN_SPECIFIC	s__Holdemania_filiformis	species:Holdemania filiformis	0.2284682436232658
species:Holdemania filiformis	PWY-2723: trehalose degradation V	-0.19283608503360805	0.0014237117164268046	0.015494151448373706	-0.3	5	0.6	0	0	DOMAIN_SPECIFIC	s__Holdemania_filiformis	species:Holdemania filiformis	0.19283608503360805
species:Holdemania filiformis	PWY-6168: flavin biosynthesis III (fungi)	0.18989466576560005	0.0016881373942485088	0.017629085608712115	0.7999999999999999	5	1.0	1	0	DOMAIN_SPECIFIC	s__Holdemania_filiformis	species:Holdemania filiformis	0.18989466576560005
species:Holdemania filiformis	TEICHOICACID-PWY: teichoic acid (poly-glycerol) biosynthesis	0.1876908616229681	0.0019148984055005946	0.019371121612277734	0.7	5	0.8	1	0	DOMAIN_SPECIFIC	s__Holdemania_filiformis	species:Holdemania filiformis	0.1876908616229681
species:Holdemania filiformis	GLYCOCAT-PWY: glycogen degradation I (bacterial)	-0.1859760940117309	0.0021102167068499577	0.020809511304120794	-0.3	5	0.6	0	0	DOMAIN_SPECIFIC	s__Holdemania_filiformis	species:Holdemania filiformis	0.1859760940117309
species:Holdemania filiformis	PWY-7328: superpathway of UDP-glucose-derived O-antigen building blocks biosynthesis	-0.18320364037912246	0.0024647339972623384	0.023359895119304787	-0.3	5	0.6	0	0	DOMAIN_SPECIFIC	s__Holdemania_filiformis	species:Holdemania filiformis	0.18320364037912246
species:Holdemania filiformis	PWY-5101: L-isoleucine biosynthesis II	0.17674471678066522	0.003509849352587615	0.03029845919209221	0.3	5	0.2	0	0	DOMAIN_SPECIFIC	s__Holdemania_filiformis	species:Holdemania filiformis	0.17674471678066522
species:Holdemania filiformis	PWY0-1296: purine ribonucleosides degradation	0.1735395980783296	0.004164960450975779	0.034270021805945544	0.9	5	0.8	1	0	DOMAIN_SPECIFIC	s__Holdemania_filiformis	species:Holdemania filiformis	0.1735395980783296
species:Holdemania filiformis	PWY-7323: superpathway of GDP-mannose-derived O-antigen building blocks biosynthesis	0.1729024502899368	0.0043076406509000515	0.03510734185250412	0.39999999999999997	5	0.8	0	0	DOMAIN_SPECIFIC	s__Holdemania_filiformis	species:Holdemania filiformis	0.1729024502899368
species:Holdemania filiformis	PWY-5384: sucrose degradation IV (sucrose phosphorylase)	-0.17289132741336743	0.00431017013207212	0.03512028814306904	0.3	5	0.8	0	0	DOMAIN_SPECIFIC	s__Holdemania_filiformis	species:Holdemania filiformis	0.17289132741336743
species:Klebsiella pneumoniae	ORNDEG-PWY: superpathway of ornithine degradation	0.44428110381588376	1.5448615129846697e-14	4.074831537040765e-12	0.9	5	1.0	1	0	REVERSAL	s__Klebsiella_pneumoniae	species:Klebsiella pneumoniae	0.44428110381588376
species:Klebsiella pneumoniae	ARGDEG-PWY: superpathway of L-arginine, putrescine, and 4-aminobutanoate degradation	0.440017977358768	2.928540802759126e-14	7.33569989136771e-12	0.9	5	1.0	1	0	REVERSAL	s__Klebsiella_pneumoniae	species:Klebsiella pneumoniae	0.440017977358768
species:Klebsiella pneumoniae	ORNARGDEG-PWY: superpathway of L-arginine and L-ornithine degradation	0.440017977358768	2.928540802759126e-14	7.33569989136771e-12	0.9	5	1.0	1	0	REVERSAL	s__Klebsiella_pneumoniae	species:Klebsiella pneumoniae	0.440017977358768
species:Klebsiella pneumoniae	PWY-5173: superpathway of acetyl-CoA biosynthesis	0.4148092007582748	1.075946296259694e-12	2.1824751964837262e-10	0.7000000000000001	5	1.0	1	0	REVERSAL	s__Klebsiella_pneumoniae	species:Klebsiella pneumoniae	0.4148092007582748
species:Klebsiella pneumoniae	P122-PWY: heterolactic fermentation	0.41394963408470553	1.2103020562848575e-12	2.4221325600442997e-10	0.7000000000000001	5	0.8	1	0	REVERSAL	s__Klebsiella_pneumoniae	species:Klebsiella pneumoniae	0.41394963408470553
species:Klebsiella pneumoniae	AST-PWY: L-arginine degradation II (AST pathway)	0.41394952580994654	1.2103199701210028e-12	2.4221325600442997e-10	0.7	5	1.0	1	0	REVERSAL	s__Klebsiella_pneumoniae	species:Klebsiella pneumoniae	0.41394952580994654
species:Klebsiella pneumoniae	HCAMHPDEG-PWY: 3-phenylpropanoate and 3-(3-hydroxyphenyl)propanoate degradation to 2-oxopent-4-enoate	0.40972529446697326	2.1474893933953532e-12	4.142157448563037e-10	0.7000000000000001	5	1.0	1	0	REVERSAL	s__Klebsiella_pneumoniae	species:Klebsiella pneumoniae	0.40972529446697326
species:Klebsiella pneumoniae	PWY-6690: cinnamate and 3-hydroxycinnamate degradation to 2-oxopent-4-enoate	0.40972529446697326	2.1474893933953532e-12	4.142157448563037e-10	0.7000000000000001	5	1.0	1	0	REVERSAL	s__Klebsiella_pneumoniae	species:Klebsiella pneumoniae	0.40972529446697326
species:Klebsiella pneumoniae	REDCITCYC: TCA cycle VIII (helicobacter)	0.40803331340252047	2.695884412326717e-12	5.120534041794914e-10	0.6000000000000001	5	0.6	0	0	REVERSAL	s__Klebsiella_pneumoniae	species:Klebsiella pneumoniae	0.40803331340252047
species:Klebsiella pneumoniae	PWY0-1277: 3-phenylpropanoate and 3-(3-hydroxyphenyl)propanoate degradation	0.40295706889948935	5.2930965806388355e-12	9.45235615689872e-10	0.7000000000000001	5	1.0	1	0	REVERSAL	s__Klebsiella_pneumoniae	species:Klebsiella pneumoniae	0.40295706889948935
species:Klebsiella pneumoniae	PWY-7254: TCA cycle VII (acetate-producers)	0.39963716805475513	8.178444239251032e-12	1.4263741791661975e-09	1.0	5	1.0	1	0	REVERSAL	s__Klebsiella_pneumoniae	species:Klebsiella pneumoniae	0.39963716805475513
species:Klebsiella pneumoniae	PWY-6629: superpathway of L-tryptophan biosynthesis	0.3974809032708337	1.0821321184842773e-11	1.8111397783941114e-09	0.7	5	0.8	1	0	REVERSAL	s__Klebsiella_pneumoniae	species:Klebsiella pneumoniae	0.3974809032708337
species:Klebsiella pneumoniae	PWY-5723: Rubisco shunt	0.3951661139463764	1.458329376049019e-11	2.361354763656292e-09	0.9	5	0.8	1	0	REVERSAL	s__Klebsiella_pneumoniae	species:Klebsiella pneumoniae	0.3951661139463764
species:Klebsiella pneumoniae	GLYCOLYSIS-TCA-GLYOX-BYPASS: superpathway of glycolysis, pyruvate dehydrogenase, TCA, and glyoxylate bypass	0.3933498500889673	1.8400184355383337e-11	2.897679665383849e-09	0.7000000000000001	5	0.8	1	0	REVERSAL	s__Klebsiella_pneumoniae	species:Klebsiella pneumoniae	0.3933498500889673
species:Klebsiella pneumoniae	TCA-GLYOX-BYPASS: superpathway of glyoxylate bypass and TCA	0.3911135875581406	2.4450767525903107e-11	3.79449478739826e-09	0.7000000000000001	5	0.8	1	0	REVERSAL	s__Klebsiella_pneumoniae	species:Klebsiella pneumoniae	0.3911135875581406
species:Veillonella atypica	SER-GLYSYN-PWY: superpathway of L-serine and glycine biosynthesis I	-0.256906179230406	1.854353385855801e-05	0.0005291286805833032	-0.6	5	0.2	0	1	E1	s__Veillonella_atypica	species:Veillonella atypica	0.256906179230406
species:Veillonella atypica	PWY-5464: superpathway of cytosolic glycolysis (plants), pyruvate dehydrogenase and TCA cycle	0.20804255678732914	0.0005673287148598517	0.00784237393507935	0.39999999999999997	5	0.6	0	0	E1	s__Veillonella_atypica	species:Veillonella atypica	0.20804255678732914
species:Veillonella atypica	FOLSYN-PWY: superpathway of tetrahydrofolate biosynthesis and salvage	0.2063045466933934	0.0006323667855109589	0.008539010685826888	0.3	5	0.6	0	0	E1	s__Veillonella_atypica	species:Veillonella atypica	0.2063045466933934
species:Veillonella atypica	PWY-6612: superpathway of tetrahydrofolate biosynthesis	0.20513145451013576	0.0006800923599205919	0.008989937010560032	0.3	5	0.6	0	0	E1	s__Veillonella_atypica	species:Veillonella atypica	0.20513145451013576
species:Veillonella atypica	POLYAMINSYN3-PWY: superpathway of polyamine biosynthesis II	0.1983430373489734	0.0010281076385269196	0.012191282412308251	0.7000000000000001	5	0.8	1	0	E1	s__Veillonella_atypica	species:Veillonella atypica	0.1983430373489734
species:Veillonella atypica	PWY-2942: L-lysine biosynthesis III	-0.1965879533887428	0.0011415770692119348	0.01318084484275237	-0.9	5	0.2	0	1	E1	s__Veillonella_atypica	species:Veillonella atypica	0.1965879533887428
species:Veillonella atypica	NAD-BIOSYNTHESIS-II: NAD salvage pathway II	0.18389255670857202	0.0023719114220494605	0.0227123627513217	-0.5	5	0.4	0	0	E1	s__Veillonella_atypica	species:Veillonella atypica	0.18389255670857202
species:Veillonella atypica	PWY0-1586: peptidoglycan maturation (meso-diaminopimelate containing)	0.18159201957884924	0.002694923957198248	0.025017447296234348	-0.3	5	0.2	0	0	E1	s__Veillonella_atypica	species:Veillonella atypica	0.18159201957884924
species:Veillonella atypica	PWY-4981: L-proline biosynthesis II (from arginine)	-0.17972572193345193	0.002985787010469899	0.026909963167344585	-1.0	5	0.2	0	1	E1	s__Veillonella_atypica	species:Veillonella atypica	0.17972572193345193
species:Veillonella atypica	P122-PWY: heterolactic fermentation	0.17673980844027956	0.003510776907834705	0.03029845919209221	0.7000000000000001	5	0.6	0	0	E1	s__Veillonella_atypica	species:Veillonella atypica	0.17673980844027956
species:Veillonella atypica	PWY4FS-7: phosphatidylglycerol biosynthesis I (plastidic)	0.17511856819819813	0.0038295700762966526	0.03223160310240613	-0.10000000000000003	5	0.2	0	0	E1	s__Veillonella_atypica	species:Veillonella atypica	0.17511856819819813
species:Veillonella atypica	PWY4FS-8: phosphatidylglycerol biosynthesis II (non-plastidic)	0.17497727681448208	0.003858555722515937	0.03239520306635076	-0.10000000000000003	5	0.2	0	0	E1	s__Veillonella_atypica	species:Veillonella atypica	0.17497727681448208
species:Veillonella atypica	PWY-6121: 5-aminoimidazole ribonucleotide biosynthesis I	-0.17331434632393855	0.004214907706378286	0.03457428578574874	-0.7	5	0.2	0	1	E1	s__Veillonella_atypica	species:Veillonella atypica	0.17331434632393855
species:Veillonella atypica	PYRIDNUCSYN-PWY: NAD biosynthesis I (from aspartate)	-0.17197646434002692	0.004522863951139199	0.03638470767288896	-0.7	5	0.2	0	1	E1	s__Veillonella_atypica	species:Veillonella atypica	0.17197646434002692
species:Veillonella atypica	PWY-5103: L-isoleucine biosynthesis III	-0.17190533288670828	0.00453979075755364	0.03648156108174712	-0.9	5	0.2	0	1	E1	s__Veillonella_atypica	species:Veillonella atypica	0.17190533288670828
