domain_a	domain_b	auc_a_to_b	auc_b_to_a	absolute_delta_auc	feature_cap
Frankel_US	Gopalakrishnan_US	0.6136363636363636	0.5611111111111111	0.05252525252525253	10
Frankel_US	Lee_Barcelona	0.75	0.5	0.25	10
Frankel_US	Lee_Leeds	0.375	0.5	0.125	10
Frankel_US	Lee_Manchester	0.5705128205128205	0.5	0.07051282051282048	10
Frankel_US	Lee_PRIMM_NL	0.487603305785124	0.47500000000000003	0.012603305785123975	10
Frankel_US	Lee_PRIMM_UK	0.6551226551226551	0.5	0.1551226551226551	10
Frankel_US	Matson_US	0.6994047619047619	0.49166666666666664	0.20773809523809522	10
Frankel_US	Spencer_US	0.4826652221018418	0.32222222222222224	0.16044299987961957	10
Gopalakrishnan_US	Lee_Barcelona	0.05555555555555554	0.5	0.4444444444444445	10
Gopalakrishnan_US	Lee_Leeds	0.4875	0.5	0.012500000000000011	10
Gopalakrishnan_US	Lee_Manchester	0.5	0.5	0.0	10
Gopalakrishnan_US	Lee_PRIMM_NL	0.5826446280991736	0.6688311688311688	0.08618654073199516	10
Gopalakrishnan_US	Lee_PRIMM_UK	0.5382395382395383	0.5	0.038239538239538295	10
Gopalakrishnan_US	Matson_US	0.5833333333333334	0.487012987012987	0.09632034632034636	10
Gopalakrishnan_US	Spencer_US	0.5725893824485373	0.4675324675324676	0.10505691491606972	10
Lee_Barcelona	Lee_Leeds	0.5	0.5	0.0	10
Lee_Barcelona	Lee_Manchester	0.5	0.5	0.0	10
Lee_Barcelona	Lee_PRIMM_NL	0.5	0.611111111111111	0.11111111111111105	10
Lee_Barcelona	Lee_PRIMM_UK	0.5	0.5	0.0	10
Lee_Barcelona	Matson_US	0.5	0.5833333333333334	0.08333333333333337	10
Lee_Barcelona	Spencer_US	0.5	0.6944444444444444	0.19444444444444442	10
Lee_Leeds	Lee_Manchester	0.5	0.5	0.0	10
Lee_Leeds	Lee_PRIMM_NL	0.5	0.39999999999999997	0.10000000000000003	10
Lee_Leeds	Lee_PRIMM_UK	0.5	0.5	0.0	10
Lee_Leeds	Matson_US	0.5	0.5375	0.03749999999999998	10
Lee_Leeds	Spencer_US	0.5	0.5125000000000001	0.012500000000000067	10
Lee_Manchester	Lee_PRIMM_NL	0.5	0.608974358974359	0.10897435897435903	10
Lee_Manchester	Lee_PRIMM_UK	0.5	0.5	0.0	10
Lee_Manchester	Matson_US	0.5	0.7051282051282051	0.20512820512820507	10
Lee_Manchester	Spencer_US	0.5	0.3974358974358974	0.10256410256410259	10
Lee_PRIMM_NL	Lee_PRIMM_UK	0.5382395382395384	0.5	0.038239538239538406	10
Lee_PRIMM_NL	Matson_US	0.5327380952380952	0.4400826446280992	0.09265545060999603	10
Lee_PRIMM_NL	Spencer_US	0.4650595882990249	0.4641873278236915	0.0008722604753333973	10
Lee_PRIMM_UK	Matson_US	0.5	0.6233766233766234	0.12337662337662336	10
Lee_PRIMM_UK	Spencer_US	0.5	0.5468975468975469	0.04689754689754688	10
Matson_US	Spencer_US	0.6218851570964247	0.6309523809523809	0.009067223855956263	10
Frankel_US	Gopalakrishnan_US	0.6168831168831169	0.5416666666666667	0.07521645021645018	25
Frankel_US	Lee_Barcelona	0.5833333333333334	0.26111111111111107	0.3222222222222223	25
Frankel_US	Lee_Leeds	0.4875	0.4555555555555556	0.031944444444444386	25
Frankel_US	Lee_Manchester	0.47435897435897434	0.3166666666666667	0.15769230769230763	25
Frankel_US	Lee_PRIMM_NL	0.45385674931129477	0.5444444444444445	0.09058769513314974	25
Frankel_US	Lee_PRIMM_UK	0.5223665223665224	0.5277777777777778	0.005411255411255422	25
Frankel_US	Matson_US	0.37797619047619047	0.5861111111111111	0.20813492063492067	25
Frankel_US	Spencer_US	0.5639219934994583	0.36388888888888893	0.20003310461056933	25
Gopalakrishnan_US	Lee_Barcelona	0.4166666666666667	0.5714285714285714	0.1547619047619047	25
Gopalakrishnan_US	Lee_Leeds	0.475	0.31818181818181823	0.15681818181818175	25
Gopalakrishnan_US	Lee_Manchester	0.5897435897435898	0.4935064935064935	0.09623709623709625	25
Gopalakrishnan_US	Lee_PRIMM_NL	0.6157024793388429	0.6948051948051949	0.07910271546635195	25
Gopalakrishnan_US	Lee_PRIMM_UK	0.5281385281385281	0.6103896103896104	0.08225108225108224	25
Gopalakrishnan_US	Matson_US	0.6130952380952381	0.5324675324675324	0.08062770562770571	25
Gopalakrishnan_US	Spencer_US	0.45070422535211263	0.3961038961038961	0.054600329248216506	25
Lee_Barcelona	Lee_Leeds	0.48750000000000004	0.7777777777777779	0.29027777777777786	25
Lee_Barcelona	Lee_Manchester	0.3846153846153846	0.6111111111111112	0.22649572649572658	25
Lee_Barcelona	Lee_PRIMM_NL	0.4573002754820937	0.2777777777777778	0.1795224977043159	25
Lee_Barcelona	Lee_PRIMM_UK	0.4790764790764791	0.33333333333333337	0.14574314574314573	25
Lee_Barcelona	Matson_US	0.41666666666666663	0.5277777777777778	0.11111111111111116	25
Lee_Barcelona	Spencer_US	0.5449620801733478	0.6388888888888888	0.09392680871554104	25
Lee_Leeds	Lee_Manchester	0.4294871794871794	0.7375	0.30801282051282064	25
Lee_Leeds	Lee_PRIMM_NL	0.3953168044077135	0.375	0.020316804407713496	25
Lee_Leeds	Lee_PRIMM_UK	0.40981240981240985	0.5875	0.17768759018759017	25
Lee_Leeds	Matson_US	0.36011904761904767	0.6125	0.2523809523809524	25
Lee_Leeds	Spencer_US	0.49295774647887325	0.6625	0.16954225352112673	25
Lee_Manchester	Lee_PRIMM_NL	0.47933884297520657	0.5192307692307692	0.03989192625556259	25
Lee_Manchester	Lee_PRIMM_UK	0.47186147186147187	0.7115384615384616	0.2396769896769897	25
Lee_Manchester	Matson_US	0.37946428571428564	0.6025641025641025	0.2230998168498169	25
Lee_Manchester	Spencer_US	0.44122426868905745	0.26923076923076916	0.1719934994582883	25
Lee_PRIMM_NL	Lee_PRIMM_UK	0.5988455988455988	0.5495867768595042	0.04925882198609466	25
Lee_PRIMM_NL	Matson_US	0.35119047619047616	0.47658402203856753	0.12539354584809137	25
Lee_PRIMM_NL	Spencer_US	0.4956663055254604	0.4008264462809918	0.09483985924446864	25
Lee_PRIMM_UK	Matson_US	0.5446428571428571	0.6378066378066378	0.09316378066378073	25
Lee_PRIMM_UK	Spencer_US	0.466955579631636	0.6320346320346321	0.16507905240299608	25
Matson_US	Spencer_US	0.4165763813651137	0.5535714285714286	0.1369950472063149	25
Frankel_US	Gopalakrishnan_US	0.5	0.5777777777777778	0.07777777777777783	50
Frankel_US	Lee_Barcelona	0.6111111111111112	0.26388888888888884	0.3472222222222223	50
Frankel_US	Lee_Leeds	0.525	0.38055555555555554	0.1444444444444445	50
Frankel_US	Lee_Manchester	0.34615384615384615	0.5361111111111112	0.18995726495726506	50
Frankel_US	Lee_PRIMM_NL	0.42011019283746553	0.43611111111111117	0.016000918273645637	50
Frankel_US	Lee_PRIMM_UK	0.41847041847041844	0.625	0.20652958152958156	50
Frankel_US	Matson_US	0.33333333333333337	0.5638888888888889	0.2305555555555555	50
Frankel_US	Spencer_US	0.49458288190682553	0.40555555555555556	0.08902732635126998	50
Gopalakrishnan_US	Lee_Barcelona	0.3611111111111111	0.525974025974026	0.16486291486291488	50
Gopalakrishnan_US	Lee_Leeds	0.5625	0.35064935064935066	0.21185064935064934	50
Gopalakrishnan_US	Lee_Manchester	0.6987179487179487	0.577922077922078	0.12079587079587073	50
Gopalakrishnan_US	Lee_PRIMM_NL	0.6005509641873278	0.487012987012987	0.11353797717434078	50
Gopalakrishnan_US	Lee_PRIMM_UK	0.5555555555555556	0.7337662337662338	0.17821067821067826	50
Gopalakrishnan_US	Matson_US	0.5803571428571428	0.538961038961039	0.04139610389610382	50
Gopalakrishnan_US	Spencer_US	0.41657638136511377	0.3246753246753247	0.0919010566897891	50
Lee_Barcelona	Lee_Leeds	0.5375	0.888888888888889	0.351388888888889	50
Lee_Barcelona	Lee_Manchester	0.3846153846153846	0.5277777777777778	0.1431623931623932	50
Lee_Barcelona	Lee_PRIMM_NL	0.4600550964187327	0.5	0.03994490358126729	50
Lee_Barcelona	Lee_PRIMM_UK	0.5151515151515151	0.19444444444444442	0.3207070707070707	50
Lee_Barcelona	Matson_US	0.42857142857142855	0.6666666666666666	0.23809523809523808	50
Lee_Barcelona	Spencer_US	0.5422535211267605	0.6111111111111112	0.06885758998435065	50
Lee_Leeds	Lee_Manchester	0.3846153846153846	0.2625	0.12211538461538457	50
Lee_Leeds	Lee_PRIMM_NL	0.43939393939393934	0.6375	0.19810606060606062	50
Lee_Leeds	Lee_PRIMM_UK	0.5324675324675325	0.4124999999999999	0.11996753246753261	50
Lee_Leeds	Matson_US	0.4285714285714286	0.5875	0.15892857142857142	50
Lee_Leeds	Spencer_US	0.5612134344528711	0.49999999999999994	0.06121343445287114	50
Lee_Manchester	Lee_PRIMM_NL	0.349862258953168	0.35256410256410253	0.0027018436109345068	50
Lee_Manchester	Lee_PRIMM_UK	0.6522366522366523	0.5833333333333333	0.06890331890331902	50
Lee_Manchester	Matson_US	0.5267857142857142	0.5705128205128205	0.043727106227106294	50
Lee_Manchester	Spencer_US	0.39761646803900325	0.3589743589743589	0.038642109064644325	50
Lee_PRIMM_NL	Lee_PRIMM_UK	0.6984126984126984	0.5275482093663912	0.17086448904630713	50
Lee_PRIMM_NL	Matson_US	0.3958333333333333	0.49724517906336096	0.10141184573002765	50
Lee_PRIMM_NL	Spencer_US	0.4712892741061755	0.43112947658402206	0.04015979752215343	50
Lee_PRIMM_UK	Matson_US	0.4761904761904762	0.5670995670995671	0.09090909090909088	50
Lee_PRIMM_UK	Spencer_US	0.46803900325027087	0.5281385281385282	0.06009952488825737	50
Matson_US	Spencer_US	0.45016251354279524	0.5625	0.11233748645720476	50
Frankel_US	Gopalakrishnan_US	0.6298701298701298	0.46944444444444444	0.16042568542568536	500
Frankel_US	Lee_Barcelona	0.3055555555555556	0.3416666666666667	0.036111111111111094	500
Frankel_US	Lee_Leeds	0.16249999999999998	0.38055555555555554	0.21805555555555556	500
Frankel_US	Lee_Manchester	0.4935897435897436	0.4388888888888889	0.05470085470085473	500
Frankel_US	Lee_PRIMM_NL	0.534435261707989	0.46388888888888885	0.0705463728191002	500
Frankel_US	Lee_PRIMM_UK	0.48773448773448774	0.41388888888888886	0.07384559884559888	500
Frankel_US	Matson_US	0.3630952380952381	0.5277777777777778	0.1646825396825397	500
Frankel_US	Spencer_US	0.5319609967497291	0.44166666666666665	0.09029433008306242	500
Gopalakrishnan_US	Lee_Barcelona	0.33333333333333337	0.4935064935064935	0.16017316017316013	500
Gopalakrishnan_US	Lee_Leeds	0.35	0.4805194805194805	0.13051948051948054	500
Gopalakrishnan_US	Lee_Manchester	0.5448717948717949	0.512987012987013	0.03188478188478194	500
Gopalakrishnan_US	Lee_PRIMM_NL	0.709366391184573	0.44805194805194803	0.261314443132625	500
Gopalakrishnan_US	Lee_PRIMM_UK	0.598845598845599	0.6168831168831168	0.018037518037517852	500
Gopalakrishnan_US	Matson_US	0.5535714285714286	0.6688311688311688	0.11525974025974017	500
Gopalakrishnan_US	Spencer_US	0.47887323943661975	0.4155844155844156	0.06328882385220413	500
Lee_Barcelona	Lee_Leeds	0.6875	0.7777777777777779	0.0902777777777779	500
Lee_Barcelona	Lee_Manchester	0.5641025641025641	0.2222222222222222	0.3418803418803419	500
Lee_Barcelona	Lee_PRIMM_NL	0.4380165289256199	0.5555555555555556	0.1175390266299357	500
Lee_Barcelona	Lee_PRIMM_UK	0.5512265512265513	0.41666666666666663	0.13455988455988466	500
Lee_Barcelona	Matson_US	0.45535714285714285	0.3611111111111111	0.09424603174603174	500
Lee_Barcelona	Spencer_US	0.4875406283856988	0.75	0.2624593716143012	500
Lee_Leeds	Lee_Manchester	0.49358974358974356	0.35	0.14358974358974358	500
Lee_Leeds	Lee_PRIMM_NL	0.45041322314049587	0.4875	0.03708677685950412	500
Lee_Leeds	Lee_PRIMM_UK	0.5266955266955268	0.7375	0.21080447330447327	500
Lee_Leeds	Matson_US	0.34523809523809523	0.7375	0.3922619047619048	500
Lee_Leeds	Spencer_US	0.4756229685807151	0.55	0.07437703141928492	500
Lee_Manchester	Lee_PRIMM_NL	0.5440771349862259	0.3141025641025641	0.2299745708836618	500
Lee_Manchester	Lee_PRIMM_UK	0.6176046176046177	0.3333333333333333	0.2842712842712844	500
Lee_Manchester	Matson_US	0.4166666666666667	0.34615384615384615	0.07051282051282054	500
Lee_Manchester	Spencer_US	0.45828819068255683	0.3269230769230769	0.1313651137594799	500
Lee_PRIMM_NL	Lee_PRIMM_UK	0.56998556998557	0.6597796143250688	0.08979404433949878	500
Lee_PRIMM_NL	Matson_US	0.5595238095238095	0.36914600550964183	0.1903778040141677	500
Lee_PRIMM_NL	Spencer_US	0.5140845070422535	0.5068870523415977	0.007197454700655803	500
Lee_PRIMM_UK	Matson_US	0.5148809523809523	0.49350649350649356	0.021374458874458768	500
Lee_PRIMM_UK	Spencer_US	0.5471289274106175	0.4314574314574315	0.11567149595318599	500
Matson_US	Spencer_US	0.47616468039003246	0.6041666666666666	0.12800198627663417	500
