feature_cap	train_domain	test_domain	train_n	test_n	train_responders	test_responders	selected_features	pseudocount	roc_auc	pr_auc	brier
10	Frankel_US	Gopalakrishnan_US	39	25	24	14	10	1.6488298996136508e-07	0.6136363636363636	0.6923041390522593	0.24684979887159364
10	Frankel_US	Lee_Barcelona	39	12	24	6	10	1.6488298996136508e-07	0.75	0.8016233766233766	0.24157502170261336
10	Frankel_US	Lee_Leeds	39	18	24	10	10	1.6488298996136508e-07	0.375	0.6213172448466566	0.2533641424663753
10	Frankel_US	Lee_Manchester	39	25	24	12	10	1.6488298996136508e-07	0.5705128205128205	0.5702683792815372	0.24883248977645242
10	Frankel_US	Lee_PRIMM_NL	39	55	24	33	10	1.6488298996136508e-07	0.487603305785124	0.5896831853349023	0.24910881484650624
10	Frankel_US	Lee_PRIMM_UK	39	54	24	33	10	1.6488298996136508e-07	0.6551226551226551	0.7699020515947737	0.24155116595763523
10	Frankel_US	Matson_US	39	38	24	14	10	1.6488298996136508e-07	0.6994047619047619	0.5993168447680648	0.2446069938500829
10	Frankel_US	Spencer_US	39	97	24	71	10	1.6488298996136508e-07	0.4826652221018418	0.7254848805067886	0.2508100915882765
10	Gopalakrishnan_US	Frankel_US	25	39	14	24	10	2.5004030649745586e-07	0.5611111111111111	0.6234211014688227	0.25113935521714764
10	Gopalakrishnan_US	Lee_Barcelona	25	12	14	6	10	2.5004030649745586e-07	0.05555555555555554	0.3567099567099567	0.2717949494179903
10	Gopalakrishnan_US	Lee_Leeds	25	18	14	10	10	2.5004030649745586e-07	0.4875	0.5813830532212885	0.2488507547575842
10	Gopalakrishnan_US	Lee_Manchester	25	25	14	12	10	2.5004030649745586e-07	0.5	0.484593837535014	0.24930173021108445
10	Gopalakrishnan_US	Lee_PRIMM_NL	25	55	14	33	10	2.5004030649745586e-07	0.5826446280991736	0.6833465274294435	0.24363146889634163
10	Gopalakrishnan_US	Lee_PRIMM_UK	25	54	14	33	10	2.5004030649745586e-07	0.5382395382395383	0.6327029013701215	0.24662078681137223
10	Gopalakrishnan_US	Matson_US	25	38	14	14	10	2.5004030649745586e-07	0.5833333333333334	0.4431332259303557	0.24914137682247978
10	Gopalakrishnan_US	Spencer_US	25	97	14	71	10	2.5004030649745586e-07	0.5725893824485373	0.7770529759189398	0.2472654396985241
10	Lee_Barcelona	Frankel_US	12	39	6	24	10	1.0246076956438827e-07	0.5	0.6153846153846154	0.2511701286917755
10	Lee_Barcelona	Gopalakrishnan_US	12	25	6	14	10	1.0246076956438827e-07	0.5	0.56	0.25062029373079936
10	Lee_Barcelona	Lee_Leeds	12	18	6	10	10	1.0246076956438827e-07	0.5	0.5555555555555556	0.25057617117220254
10	Lee_Barcelona	Lee_Manchester	12	25	6	12	10	1.0246076956438827e-07	0.5	0.48	0.24982608767605596
10	Lee_Barcelona	Lee_PRIMM_NL	12	55	6	33	10	1.0246076956438827e-07	0.5	0.6	0.2510173967581711
10	Lee_Barcelona	Lee_PRIMM_UK	12	54	6	33	10	1.0246076956438827e-07	0.5	0.6111111111111112	0.25112770315466315
10	Lee_Barcelona	Matson_US	12	38	6	14	10	1.0246076956438827e-07	0.5	0.3684210526315789	0.24871837923128234
10	Lee_Barcelona	Spencer_US	12	97	6	71	10	1.0246076956438827e-07	0.5	0.7319587628865979	0.25232742736393327
10	Lee_Leeds	Frankel_US	18	39	10	24	10	1.0661815682701918e-07	0.5	0.6153846153846154	0.24688446719775756
10	Lee_Leeds	Gopalakrishnan_US	18	25	10	14	10	1.0661815682701918e-07	0.5	0.56	0.24847944314094236
10	Lee_Leeds	Lee_Barcelona	18	12	10	6	10	1.0661815682701918e-07	0.5	0.5	0.2502073337460591
10	Lee_Leeds	Lee_Manchester	18	25	10	12	10	1.0661815682701918e-07	0.5	0.48	0.250783297281098
10	Lee_Leeds	Lee_PRIMM_NL	18	55	10	33	10	1.0661815682701918e-07	0.5	0.6	0.24732751607086442
10	Lee_Leeds	Lee_PRIMM_UK	18	54	10	33	10	1.0661815682701918e-07	0.5	0.6111111111111112	0.2470075363291763
10	Lee_Leeds	Matson_US	18	38	10	14	10	1.0661815682701918e-07	0.5	0.3684210526315789	0.2539965675292098
10	Lee_Leeds	Spencer_US	18	97	10	71	10	1.0661815682701918e-07	0.5	0.7319587628865979	0.2435273442932883
10	Lee_Manchester	Frankel_US	25	39	12	24	10	5.636676092699121e-08	0.5	0.6153846153846154	0.2524691198000504
10	Lee_Manchester	Gopalakrishnan_US	25	25	12	14	10	5.636676092699121e-08	0.5	0.56	0.251334320329091
10	Lee_Manchester	Lee_Barcelona	25	12	12	6	10	5.636676092699121e-08	0.5	0.5	0.2501049542355516
10	Lee_Manchester	Lee_Leeds	25	18	12	10	10	5.636676092699121e-08	0.5	0.5555555555555556	0.25124325617401394
10	Lee_Manchester	Lee_PRIMM_NL	25	55	12	33	10	5.636676092699121e-08	0.5	0.6	0.2521538977247838
10	Lee_Manchester	Lee_PRIMM_UK	25	54	12	33	10	5.636676092699121e-08	0.5	0.6111111111111112	0.2523815581124763
10	Lee_Manchester	Matson_US	25	38	12	14	10	5.636676092699121e-08	0.5	0.3684210526315789	0.24740897596024636
10	Lee_Manchester	Spencer_US	25	97	12	71	10	5.636676092699121e-08	0.5	0.7319587628865979	0.2548576582054199
10	Lee_PRIMM_NL	Frankel_US	55	39	33	24	10	2.1269490829764473e-07	0.47500000000000003	0.6347022133784409	0.24571740299284606
10	Lee_PRIMM_NL	Gopalakrishnan_US	55	25	33	14	10	2.1269490829764473e-07	0.6688311688311688	0.7137248395861842	0.24396061683318077
10	Lee_PRIMM_NL	Lee_Barcelona	55	12	33	6	10	2.1269490829764473e-07	0.611111111111111	0.7186868686868686	0.24094346715322687
10	Lee_PRIMM_NL	Lee_Leeds	55	18	33	10	10	2.1269490829764473e-07	0.39999999999999997	0.5388186731569085	0.2610234798009367
10	Lee_PRIMM_NL	Lee_Manchester	55	25	33	12	10	2.1269490829764473e-07	0.608974358974359	0.5960809152720918	0.24404781675791054
10	Lee_PRIMM_NL	Lee_PRIMM_UK	55	54	33	33	10	2.1269490829764473e-07	0.5382395382395384	0.6575491813671903	0.2421799819869667
10	Lee_PRIMM_NL	Matson_US	55	38	33	14	10	2.1269490829764473e-07	0.5327380952380952	0.4507762646312035	0.2661644227514172
10	Lee_PRIMM_NL	Spencer_US	55	97	33	71	10	2.1269490829764473e-07	0.4650595882990249	0.728670554449773	0.23411153436142218
10	Lee_PRIMM_UK	Frankel_US	54	39	33	24	10	1.0701941407104337e-07	0.5	0.6153846153846154	0.25015028232035635
10	Lee_PRIMM_UK	Gopalakrishnan_US	54	25	33	14	10	1.0701941407104337e-07	0.5	0.56	0.25007834922983696
10	Lee_PRIMM_UK	Lee_Barcelona	54	12	33	6	10	1.0701941407104337e-07	0.5	0.5	0.2500004217151078
10	Lee_PRIMM_UK	Lee_Leeds	54	18	33	10	10	1.0701941407104337e-07	0.5	0.5555555555555556	0.2500725768213385
10	Lee_PRIMM_UK	Lee_Manchester	54	25	33	12	10	1.0701941407104337e-07	0.5	0.48	0.24997444587686474
10	Lee_PRIMM_UK	Lee_PRIMM_NL	54	55	33	33	10	1.0701941407104337e-07	0.5	0.6	0.25013030090632316
10	Lee_PRIMM_UK	Matson_US	54	38	33	14	10	1.0701941407104337e-07	0.5	0.3684210526315789	0.24982952804245612
10	Lee_PRIMM_UK	Spencer_US	54	97	33	71	10	1.0701941407104337e-07	0.5	0.7319587628865979	0.25030168788029794
10	Matson_US	Frankel_US	38	39	14	24	10	1.0642079206855303e-07	0.49166666666666664	0.6389303827288394	0.25459522732630335
10	Matson_US	Gopalakrishnan_US	38	25	14	14	10	1.0642079206855303e-07	0.487012987012987	0.6051735111293934	0.2568577423738665
10	Matson_US	Lee_Barcelona	38	12	14	6	10	1.0642079206855303e-07	0.5833333333333334	0.6446127946127946	0.2398980419080963
10	Matson_US	Lee_Leeds	38	18	14	10	10	1.0642079206855303e-07	0.5375	0.5651330532212885	0.2507230400080065
10	Matson_US	Lee_Manchester	38	25	14	12	10	1.0642079206855303e-07	0.7051282051282051	0.6415195786325817	0.23941688985652956
10	Matson_US	Lee_PRIMM_NL	38	55	14	33	10	1.0642079206855303e-07	0.4400826446280992	0.5701217212031594	0.253822810215155
10	Matson_US	Lee_PRIMM_UK	38	54	14	33	10	1.0642079206855303e-07	0.6233766233766234	0.7133189107236437	0.24752003593381905
10	Matson_US	Spencer_US	38	97	14	71	10	1.0642079206855303e-07	0.6218851570964247	0.8078194809457304	0.2529458257058543
10	Spencer_US	Frankel_US	97	39	71	24	10	5.144767586148716e-07	0.32222222222222224	0.5249358592763618	0.2685540513643586
10	Spencer_US	Gopalakrishnan_US	97	25	71	14	10	5.144767586148716e-07	0.4675324675324676	0.5891573385206925	0.2672775965758156
10	Spencer_US	Lee_Barcelona	97	12	71	6	10	5.144767586148716e-07	0.6944444444444444	0.798611111111111	0.2280431775004641
10	Spencer_US	Lee_Leeds	97	18	71	10	10	5.144767586148716e-07	0.5125000000000001	0.597675886205298	0.26358379301440515
10	Spencer_US	Lee_Manchester	97	25	71	12	10	5.144767586148716e-07	0.3974358974358974	0.4259374622961579	0.26575681616196273
10	Spencer_US	Lee_PRIMM_NL	97	55	71	33	10	5.144767586148716e-07	0.4641873278236915	0.595953604677097	0.2667046294410779
10	Spencer_US	Lee_PRIMM_UK	97	54	71	33	10	5.144767586148716e-07	0.5468975468975469	0.6449458129034633	0.2653856837440742
10	Spencer_US	Matson_US	97	38	71	14	10	5.144767586148716e-07	0.6309523809523809	0.5139255613059047	0.2362623832019902
25	Frankel_US	Gopalakrishnan_US	39	25	24	14	25	1.6488298996136508e-07	0.6168831168831169	0.7003749226963512	0.2425467779904446
25	Frankel_US	Lee_Barcelona	39	12	24	6	25	1.6488298996136508e-07	0.5833333333333334	0.5847582972582973	0.24661075370442911
25	Frankel_US	Lee_Leeds	39	18	24	10	25	1.6488298996136508e-07	0.4875	0.648350122100122	0.25249303600814893
25	Frankel_US	Lee_Manchester	39	25	24	12	25	1.6488298996136508e-07	0.47435897435897434	0.5412990725784339	0.2550176027387756
25	Frankel_US	Lee_PRIMM_NL	39	55	24	33	25	1.6488298996136508e-07	0.45385674931129477	0.5831462063818702	0.26068148241982947
25	Frankel_US	Lee_PRIMM_UK	39	54	24	33	25	1.6488298996136508e-07	0.5223665223665224	0.6747299693734703	0.2559965031795929
25	Frankel_US	Matson_US	39	38	24	14	25	1.6488298996136508e-07	0.37797619047619047	0.3372015590755375	0.26279499630821745
25	Frankel_US	Spencer_US	39	97	24	71	25	1.6488298996136508e-07	0.5639219934994583	0.7758538683627967	0.23966896165060564
25	Gopalakrishnan_US	Frankel_US	25	39	14	24	25	2.5004030649745586e-07	0.5416666666666667	0.6186384754484959	0.25439188101407123
25	Gopalakrishnan_US	Lee_Barcelona	25	12	14	6	25	2.5004030649745586e-07	0.4166666666666667	0.509090909090909	0.26150169388533195
25	Gopalakrishnan_US	Lee_Leeds	25	18	14	10	25	2.5004030649745586e-07	0.475	0.6037884337884337	0.25756775621900824
25	Gopalakrishnan_US	Lee_Manchester	25	25	14	12	25	2.5004030649745586e-07	0.5897435897435898	0.5250793120278414	0.24305309776408066
25	Gopalakrishnan_US	Lee_PRIMM_NL	25	55	14	33	25	2.5004030649745586e-07	0.6157024793388429	0.7425715997755162	0.24584957520522344
25	Gopalakrishnan_US	Lee_PRIMM_UK	25	54	14	33	25	2.5004030649745586e-07	0.5281385281385281	0.6251118266179914	0.2553755451658597
25	Gopalakrishnan_US	Matson_US	25	38	14	14	25	2.5004030649745586e-07	0.6130952380952381	0.485413247233366	0.24682037369418372
25	Gopalakrishnan_US	Spencer_US	25	97	14	71	25	2.5004030649745586e-07	0.45070422535211263	0.7285601487546074	0.2661409166654863
25	Lee_Barcelona	Frankel_US	12	39	6	24	25	1.0246076956438827e-07	0.26111111111111107	0.5217029622628612	0.2701071408527543
25	Lee_Barcelona	Gopalakrishnan_US	12	25	6	14	25	1.0246076956438827e-07	0.5714285714285714	0.7101120584039838	0.25177698092948325
25	Lee_Barcelona	Lee_Leeds	12	18	6	10	25	1.0246076956438827e-07	0.48750000000000004	0.5418903318903319	0.24799505876484884
25	Lee_Barcelona	Lee_Manchester	12	25	6	12	25	1.0246076956438827e-07	0.3846153846153846	0.43980570662492857	0.2609730047990292
25	Lee_Barcelona	Lee_PRIMM_NL	12	55	6	33	25	1.0246076956438827e-07	0.4573002754820937	0.6011599702570837	0.2643186194308162
25	Lee_Barcelona	Lee_PRIMM_UK	12	54	6	33	25	1.0246076956438827e-07	0.4790764790764791	0.6633613101996458	0.2528686955365578
25	Lee_Barcelona	Matson_US	12	38	6	14	25	1.0246076956438827e-07	0.41666666666666663	0.4651612464254794	0.26100016636052625
25	Lee_Barcelona	Spencer_US	12	97	6	71	25	1.0246076956438827e-07	0.5449620801733478	0.7803551663016697	0.25367966005820436
25	Lee_Leeds	Frankel_US	18	39	10	24	25	1.0661815682701918e-07	0.4555555555555556	0.5853713996337074	0.2440172477575976
25	Lee_Leeds	Gopalakrishnan_US	18	25	10	14	25	1.0661815682701918e-07	0.31818181818181823	0.4736290171282864	0.2617023123263665
25	Lee_Leeds	Lee_Barcelona	18	12	10	6	25	1.0661815682701918e-07	0.7777777777777779	0.7027777777777778	0.23676103845831675
25	Lee_Leeds	Lee_Manchester	18	25	10	12	25	1.0661815682701918e-07	0.4294871794871794	0.5112743665526679	0.25765847442944884
25	Lee_Leeds	Lee_PRIMM_NL	18	55	10	33	25	1.0661815682701918e-07	0.3953168044077135	0.5149128023299767	0.27002472754346
25	Lee_Leeds	Lee_PRIMM_UK	18	54	10	33	25	1.0661815682701918e-07	0.40981240981240985	0.5436435631039762	0.2612307331172681
25	Lee_Leeds	Matson_US	18	38	10	14	25	1.0661815682701918e-07	0.36011904761904767	0.3110892099095366	0.2786600057766996
25	Lee_Leeds	Spencer_US	18	97	10	71	25	1.0661815682701918e-07	0.49295774647887325	0.7284359747701847	0.2307593498584148
25	Lee_Manchester	Frankel_US	25	39	12	24	25	5.636676092699121e-08	0.3166666666666667	0.5109387868734918	0.26659779305220116
25	Lee_Manchester	Gopalakrishnan_US	25	25	12	14	25	5.636676092699121e-08	0.4935064935064935	0.6893083446193122	0.2492219789333849
25	Lee_Manchester	Lee_Barcelona	25	12	12	6	25	5.636676092699121e-08	0.6111111111111112	0.5819444444444444	0.2450366065341437
25	Lee_Manchester	Lee_Leeds	25	18	12	10	25	5.636676092699121e-08	0.7375	0.8323155929038282	0.23464578496837257
25	Lee_Manchester	Lee_PRIMM_NL	25	55	12	33	25	5.636676092699121e-08	0.47933884297520657	0.5680509388520028	0.2541274032426692
25	Lee_Manchester	Lee_PRIMM_UK	25	54	12	33	25	5.636676092699121e-08	0.47186147186147187	0.6652047905480722	0.2561848282123637
25	Lee_Manchester	Matson_US	25	38	12	14	25	5.636676092699121e-08	0.37946428571428564	0.3203905941424846	0.255586758353619
25	Lee_Manchester	Spencer_US	25	97	12	71	25	5.636676092699121e-08	0.44122426868905745	0.7009823213215872	0.25528262364156545
25	Lee_PRIMM_NL	Frankel_US	55	39	33	24	25	2.1269490829764473e-07	0.5444444444444445	0.6536031330759591	0.24226566487376944
25	Lee_PRIMM_NL	Gopalakrishnan_US	55	25	33	14	25	2.1269490829764473e-07	0.6948051948051949	0.7887712068633121	0.22601435721522137
25	Lee_PRIMM_NL	Lee_Barcelona	55	12	33	6	25	2.1269490829764473e-07	0.2777777777777778	0.41789321789321787	0.2790132175757451
25	Lee_PRIMM_NL	Lee_Leeds	55	18	33	10	25	2.1269490829764473e-07	0.375	0.5662745098039216	0.26255076618484796
25	Lee_PRIMM_NL	Lee_Manchester	55	25	33	12	25	2.1269490829764473e-07	0.5192307692307692	0.5501412677499633	0.2516740438257868
25	Lee_PRIMM_NL	Lee_PRIMM_UK	55	54	33	33	25	2.1269490829764473e-07	0.5988455988455988	0.6929743817886331	0.24062853186295036
25	Lee_PRIMM_NL	Matson_US	55	38	33	14	25	2.1269490829764473e-07	0.35119047619047616	0.3231412145021697	0.26833216246704106
25	Lee_PRIMM_NL	Spencer_US	55	97	33	71	25	2.1269490829764473e-07	0.4956663055254604	0.7591956321737003	0.24059458761459876
25	Lee_PRIMM_UK	Frankel_US	54	39	33	24	25	1.0701941407104337e-07	0.5277777777777778	0.6871153341540015	0.24558046386082102
25	Lee_PRIMM_UK	Gopalakrishnan_US	54	25	33	14	25	1.0701941407104337e-07	0.6103896103896104	0.7259755489357627	0.23982204518986908
25	Lee_PRIMM_UK	Lee_Barcelona	54	12	33	6	25	1.0701941407104337e-07	0.33333333333333337	0.45105820105820105	0.2616391280801626
25	Lee_PRIMM_UK	Lee_Leeds	54	18	33	10	25	1.0701941407104337e-07	0.5875	0.706584249084249	0.24325049317836525
25	Lee_PRIMM_UK	Lee_Manchester	54	25	33	12	25	1.0701941407104337e-07	0.7115384615384616	0.7641294979530274	0.23710530810275315
25	Lee_PRIMM_UK	Lee_PRIMM_NL	54	55	33	33	25	1.0701941407104337e-07	0.5495867768595042	0.6129067980523032	0.24296990972043023
25	Lee_PRIMM_UK	Matson_US	54	38	33	14	25	1.0701941407104337e-07	0.5446428571428571	0.4183395471650476	0.2535319446643433
25	Lee_PRIMM_UK	Spencer_US	54	97	33	71	25	1.0701941407104337e-07	0.466955579631636	0.7561388919843973	0.2468704826838063
25	Matson_US	Frankel_US	38	39	14	24	25	1.0642079206855303e-07	0.5861111111111111	0.745786691599118	0.2561052314196419
25	Matson_US	Gopalakrishnan_US	38	25	14	14	25	1.0642079206855303e-07	0.5324675324675324	0.6489312471640174	0.26079550994593814
25	Matson_US	Lee_Barcelona	38	12	14	6	25	1.0642079206855303e-07	0.5277777777777778	0.5378306878306878	0.2433406502688813
25	Matson_US	Lee_Leeds	38	18	14	10	25	1.0642079206855303e-07	0.6125	0.777318376068376	0.2519253451706152
25	Matson_US	Lee_Manchester	38	25	14	12	25	1.0642079206855303e-07	0.6025641025641025	0.5396224146224147	0.24574480956256026
25	Matson_US	Lee_PRIMM_NL	38	55	14	33	25	1.0642079206855303e-07	0.47658402203856753	0.5656646574074055	0.24933054012839176
25	Matson_US	Lee_PRIMM_UK	38	54	14	33	25	1.0642079206855303e-07	0.6378066378066378	0.7003359050419681	0.23187331705195277
25	Matson_US	Spencer_US	38	97	14	71	25	1.0642079206855303e-07	0.4165763813651137	0.7079699913395504	0.2683016867048974
25	Spencer_US	Frankel_US	97	39	71	24	25	5.144767586148716e-07	0.36388888888888893	0.5280388626800878	0.26505683170982053
25	Spencer_US	Gopalakrishnan_US	97	25	71	14	25	5.144767586148716e-07	0.3961038961038961	0.5011051718805117	0.2844016308160551
25	Spencer_US	Lee_Barcelona	97	12	71	6	25	5.144767586148716e-07	0.6388888888888888	0.6906084656084656	0.2358687364359575
25	Spencer_US	Lee_Leeds	97	18	71	10	25	5.144767586148716e-07	0.6625	0.7439194139194139	0.23005890916935823
25	Spencer_US	Lee_Manchester	97	25	71	12	25	5.144767586148716e-07	0.26923076923076916	0.38765708769999385	0.28895542974712857
25	Spencer_US	Lee_PRIMM_NL	97	55	71	33	25	5.144767586148716e-07	0.4008264462809918	0.5916771865261383	0.28015724062321634
25	Spencer_US	Lee_PRIMM_UK	97	54	71	33	25	5.144767586148716e-07	0.6320346320346321	0.7069661809801864	0.25131287552236425
25	Spencer_US	Matson_US	97	38	71	14	25	5.144767586148716e-07	0.5535714285714286	0.41326649271133326	0.2588838102592988
50	Frankel_US	Gopalakrishnan_US	39	25	24	14	50	1.6488298996136508e-07	0.5	0.660124973642463	0.2492084941100974
50	Frankel_US	Lee_Barcelona	39	12	24	6	50	1.6488298996136508e-07	0.6111111111111112	0.7575757575757576	0.23634084859523105
50	Frankel_US	Lee_Leeds	39	18	24	10	50	1.6488298996136508e-07	0.525	0.7075809811103928	0.27091826623327564
50	Frankel_US	Lee_Manchester	39	25	24	12	50	1.6488298996136508e-07	0.34615384615384615	0.4265513411646808	0.2973490970120606
50	Frankel_US	Lee_PRIMM_NL	39	55	24	33	50	1.6488298996136508e-07	0.42011019283746553	0.5995296512615214	0.3077626196909133
50	Frankel_US	Lee_PRIMM_UK	39	54	24	33	50	1.6488298996136508e-07	0.41847041847041844	0.5933378105779394	0.31717695209124347
50	Frankel_US	Matson_US	39	38	24	14	50	1.6488298996136508e-07	0.33333333333333337	0.33781521696972683	0.30670864535307324
50	Frankel_US	Spencer_US	39	97	24	71	50	1.6488298996136508e-07	0.49458288190682553	0.7302878915268571	0.2624269305222618
50	Gopalakrishnan_US	Frankel_US	25	39	14	24	50	2.5004030649745586e-07	0.5777777777777778	0.6561198198400351	0.25002057899982955
50	Gopalakrishnan_US	Lee_Barcelona	25	12	14	6	50	2.5004030649745586e-07	0.3611111111111111	0.49903799903799906	0.26815594939170695
50	Gopalakrishnan_US	Lee_Leeds	25	18	14	10	50	2.5004030649745586e-07	0.5625	0.6588360169242522	0.2446326159831913
50	Gopalakrishnan_US	Lee_Manchester	25	25	14	12	50	2.5004030649745586e-07	0.6987179487179487	0.7037640409699234	0.23894646846462758
50	Gopalakrishnan_US	Lee_PRIMM_NL	25	55	14	33	50	2.5004030649745586e-07	0.6005509641873278	0.7134836128692197	0.2500859838075968
50	Gopalakrishnan_US	Lee_PRIMM_UK	25	54	14	33	50	2.5004030649745586e-07	0.5555555555555556	0.6594701109100234	0.2549362106491052
50	Gopalakrishnan_US	Matson_US	25	38	14	14	50	2.5004030649745586e-07	0.5803571428571428	0.4238770513339408	0.2511287490629946
50	Gopalakrishnan_US	Spencer_US	25	97	14	71	50	2.5004030649745586e-07	0.41657638136511377	0.6995670255037321	0.273143225630143
50	Lee_Barcelona	Frankel_US	12	39	6	24	50	1.0246076956438827e-07	0.26388888888888884	0.5230762030546153	0.27129728213258275
50	Lee_Barcelona	Gopalakrishnan_US	12	25	6	14	50	1.0246076956438827e-07	0.525974025974026	0.6723309844359351	0.25293810878485035
50	Lee_Barcelona	Lee_Leeds	12	18	6	10	50	1.0246076956438827e-07	0.5375	0.6614141414141413	0.24649915091972163
50	Lee_Barcelona	Lee_Manchester	12	25	6	12	50	1.0246076956438827e-07	0.3846153846153846	0.4915235428822385	0.2630426887420835
50	Lee_Barcelona	Lee_PRIMM_NL	12	55	6	33	50	1.0246076956438827e-07	0.4600550964187327	0.6130123192278016	0.26568951588642553
50	Lee_Barcelona	Lee_PRIMM_UK	12	54	6	33	50	1.0246076956438827e-07	0.5151515151515151	0.6923826452300804	0.25344434667582855
50	Lee_Barcelona	Matson_US	12	38	6	14	50	1.0246076956438827e-07	0.42857142857142855	0.5590839944022401	0.2630895402453605
50	Lee_Barcelona	Spencer_US	12	97	6	71	50	1.0246076956438827e-07	0.5422535211267605	0.7734104731510157	0.25554346122946087
50	Lee_Leeds	Frankel_US	18	39	10	24	50	1.0661815682701918e-07	0.38055555555555554	0.5790240960179728	0.254139058931635
50	Lee_Leeds	Gopalakrishnan_US	18	25	10	14	50	1.0661815682701918e-07	0.35064935064935066	0.5042903900690712	0.272231022961363
50	Lee_Leeds	Lee_Barcelona	18	12	10	6	50	1.0661815682701918e-07	0.888888888888889	0.8734126984126983	0.22067936902529586
50	Lee_Leeds	Lee_Manchester	18	25	10	12	50	1.0661815682701918e-07	0.3846153846153846	0.4145726495726496	0.27446994333635805
50	Lee_Leeds	Lee_PRIMM_NL	18	55	10	33	50	1.0661815682701918e-07	0.43939393939393934	0.6116303061305446	0.26333234274517414
50	Lee_Leeds	Lee_PRIMM_UK	18	54	10	33	50	1.0661815682701918e-07	0.5324675324675325	0.6360781386078317	0.24722554024311222
50	Lee_Leeds	Matson_US	18	38	10	14	50	1.0661815682701918e-07	0.4285714285714286	0.33334922337969114	0.2839126537830096
50	Lee_Leeds	Spencer_US	18	97	10	71	50	1.0661815682701918e-07	0.5612134344528711	0.7857998882393311	0.22375261720956552
50	Lee_Manchester	Frankel_US	25	39	12	24	50	5.636676092699121e-08	0.5361111111111112	0.6531683387870322	0.25460276262495857
50	Lee_Manchester	Gopalakrishnan_US	25	25	12	14	50	5.636676092699121e-08	0.577922077922078	0.6788575525904141	0.2581222152536425
50	Lee_Manchester	Lee_Barcelona	25	12	12	6	50	5.636676092699121e-08	0.5277777777777778	0.6527777777777778	0.26518270927329807
50	Lee_Manchester	Lee_Leeds	25	18	12	10	50	5.636676092699121e-08	0.2625	0.5125910119292473	0.27414048030001925
50	Lee_Manchester	Lee_PRIMM_NL	25	55	12	33	50	5.636676092699121e-08	0.349862258953168	0.51371728258846	0.27448997106748807
50	Lee_Manchester	Lee_PRIMM_UK	25	54	12	33	50	5.636676092699121e-08	0.6522366522366523	0.7092567122239655	0.23613188956954193
50	Lee_Manchester	Matson_US	25	38	12	14	50	5.636676092699121e-08	0.5267857142857142	0.3783446177771219	0.2493753586756171
50	Lee_Manchester	Spencer_US	25	97	12	71	50	5.636676092699121e-08	0.39761646803900325	0.6816583792300432	0.28519592039568054
50	Lee_PRIMM_NL	Frankel_US	55	39	33	24	50	2.1269490829764473e-07	0.43611111111111117	0.6024356575375625	0.26720252815424933
50	Lee_PRIMM_NL	Gopalakrishnan_US	55	25	33	14	50	2.1269490829764473e-07	0.487012987012987	0.5986965831229623	0.26463156181915864
50	Lee_PRIMM_NL	Lee_Barcelona	55	12	33	6	50	2.1269490829764473e-07	0.5	0.6203703703703703	0.25593397731328205
50	Lee_PRIMM_NL	Lee_Leeds	55	18	33	10	50	2.1269490829764473e-07	0.6375	0.6814194139194137	0.2234364058275609
50	Lee_PRIMM_NL	Lee_Manchester	55	25	33	12	50	2.1269490829764473e-07	0.35256410256410253	0.42732599028651663	0.28709927504670935
50	Lee_PRIMM_NL	Lee_PRIMM_UK	55	54	33	33	50	2.1269490829764473e-07	0.6984126984126984	0.8057554965560821	0.22020218022212448
50	Lee_PRIMM_NL	Matson_US	55	38	33	14	50	2.1269490829764473e-07	0.3958333333333333	0.3283093544599301	0.28668018599088063
50	Lee_PRIMM_NL	Spencer_US	55	97	33	71	50	2.1269490829764473e-07	0.4712892741061755	0.7252803476376133	0.2660396159686517
50	Lee_PRIMM_UK	Frankel_US	54	39	33	24	50	1.0701941407104337e-07	0.625	0.7428927005097982	0.24915267791554632
50	Lee_PRIMM_UK	Gopalakrishnan_US	54	25	33	14	50	1.0701941407104337e-07	0.7337662337662338	0.8206724822796252	0.2207729875306857
50	Lee_PRIMM_UK	Lee_Barcelona	54	12	33	6	50	1.0701941407104337e-07	0.19444444444444442	0.39252645502645506	0.2908664138570143
50	Lee_PRIMM_UK	Lee_Leeds	54	18	33	10	50	1.0701941407104337e-07	0.4124999999999999	0.5779749417249417	0.2691114320112324
50	Lee_PRIMM_UK	Lee_Manchester	54	25	33	12	50	1.0701941407104337e-07	0.5833333333333333	0.5376909864967646	0.24482370418578445
50	Lee_PRIMM_UK	Lee_PRIMM_NL	54	55	33	33	50	1.0701941407104337e-07	0.5275482093663912	0.673647433805223	0.2443980225172804
50	Lee_PRIMM_UK	Matson_US	54	38	33	14	50	1.0701941407104337e-07	0.4761904761904762	0.41117691455015737	0.2488362431421851
50	Lee_PRIMM_UK	Spencer_US	54	97	33	71	50	1.0701941407104337e-07	0.46803900325027087	0.7570245901232956	0.2558374115764385
50	Matson_US	Frankel_US	38	39	14	24	50	1.0642079206855303e-07	0.5638888888888889	0.7097253171823193	0.25468880329444943
50	Matson_US	Gopalakrishnan_US	38	25	14	14	50	1.0642079206855303e-07	0.538961038961039	0.6539710429626396	0.2538762273845603
50	Matson_US	Lee_Barcelona	38	12	14	6	50	1.0642079206855303e-07	0.6666666666666666	0.7529461279461279	0.22946983172339233
50	Matson_US	Lee_Leeds	38	18	14	10	50	1.0642079206855303e-07	0.5875	0.6209226884226885	0.25238502170719845
50	Matson_US	Lee_Manchester	38	25	14	12	50	1.0642079206855303e-07	0.5705128205128205	0.5852915804002761	0.25631962911375106
50	Matson_US	Lee_PRIMM_NL	38	55	14	33	50	1.0642079206855303e-07	0.49724517906336096	0.6212750929831646	0.2508940571499388
50	Matson_US	Lee_PRIMM_UK	38	54	14	33	50	1.0642079206855303e-07	0.5670995670995671	0.7021430886658181	0.24295273357315722
50	Matson_US	Spencer_US	38	97	14	71	50	1.0642079206855303e-07	0.45016251354279524	0.7218373904106687	0.2677485422508798
50	Spencer_US	Frankel_US	97	39	71	24	50	5.144767586148716e-07	0.40555555555555556	0.5778336345889531	0.28173081611051504
50	Spencer_US	Gopalakrishnan_US	97	25	71	14	50	5.144767586148716e-07	0.3246753246753247	0.4725519196226175	0.3371781118054568
50	Spencer_US	Lee_Barcelona	97	12	71	6	50	5.144767586148716e-07	0.6111111111111112	0.6561868686868686	0.24942627315753807
50	Spencer_US	Lee_Leeds	97	18	71	10	50	5.144767586148716e-07	0.49999999999999994	0.6209974747474747	0.2749072253458481
50	Spencer_US	Lee_Manchester	97	25	71	12	50	5.144767586148716e-07	0.3589743589743589	0.4073478038509504	0.30383205068268637
50	Spencer_US	Lee_PRIMM_NL	97	55	71	33	50	5.144767586148716e-07	0.43112947658402206	0.5681300470593492	0.2964146958861795
50	Spencer_US	Lee_PRIMM_UK	97	54	71	33	50	5.144767586148716e-07	0.5281385281385282	0.6298076977027078	0.28064730564682805
50	Spencer_US	Matson_US	97	38	71	14	50	5.144767586148716e-07	0.5625	0.4954658526610145	0.26702474733475545
500	Frankel_US	Gopalakrishnan_US	39	25	24	14	500	1.6488298996136508e-07	0.6298701298701298	0.6981695891085733	0.23998290923745486
500	Frankel_US	Lee_Barcelona	39	12	24	6	500	1.6488298996136508e-07	0.3055555555555556	0.43439153439153444	0.31797586953584317
500	Frankel_US	Lee_Leeds	39	18	24	10	500	1.6488298996136508e-07	0.16249999999999998	0.41575863678804853	0.35609055013351354
500	Frankel_US	Lee_Manchester	39	25	24	12	500	1.6488298996136508e-07	0.4935897435897436	0.5101589711458132	0.2973281536805638
500	Frankel_US	Lee_PRIMM_NL	39	55	24	33	500	1.6488298996136508e-07	0.534435261707989	0.6038464792259542	0.3059588625330553
500	Frankel_US	Lee_PRIMM_UK	39	54	24	33	500	1.6488298996136508e-07	0.48773448773448774	0.5890538676438212	0.32032897833042384
500	Frankel_US	Matson_US	39	38	24	14	500	1.6488298996136508e-07	0.3630952380952381	0.36601480492103344	0.3144850047875726
500	Frankel_US	Spencer_US	39	97	24	71	500	1.6488298996136508e-07	0.5319609967497291	0.7591550466145952	0.26685990707415064
500	Gopalakrishnan_US	Frankel_US	25	39	14	24	386	2.5004030649745586e-07	0.46944444444444444	0.5856272773896165	0.2827916070008067
500	Gopalakrishnan_US	Lee_Barcelona	25	12	14	6	386	2.5004030649745586e-07	0.33333333333333337	0.46464646464646464	0.28927919278825104
500	Gopalakrishnan_US	Lee_Leeds	25	18	14	10	386	2.5004030649745586e-07	0.35	0.5056395891690009	0.289291045610548
500	Gopalakrishnan_US	Lee_Manchester	25	25	14	12	386	2.5004030649745586e-07	0.5448717948717949	0.6551257143462521	0.25151688169770825
500	Gopalakrishnan_US	Lee_PRIMM_NL	25	55	14	33	386	2.5004030649745586e-07	0.709366391184573	0.8041104172051998	0.22747649918905508
500	Gopalakrishnan_US	Lee_PRIMM_UK	25	54	14	33	386	2.5004030649745586e-07	0.598845598845599	0.7002902149171216	0.2330333110340853
500	Gopalakrishnan_US	Matson_US	25	38	14	14	386	2.5004030649745586e-07	0.5535714285714286	0.45914012647852875	0.23679425778541618
500	Gopalakrishnan_US	Spencer_US	25	97	14	71	386	2.5004030649745586e-07	0.47887323943661975	0.7203708272957581	0.2717727858422424
500	Lee_Barcelona	Frankel_US	12	39	6	24	500	1.0246076956438827e-07	0.3416666666666667	0.5483132421433066	0.25273783955415974
500	Lee_Barcelona	Gopalakrishnan_US	12	25	6	14	500	1.0246076956438827e-07	0.4935064935064935	0.6613990446743845	0.25384492411447646
500	Lee_Barcelona	Lee_Leeds	12	18	6	10	500	1.0246076956438827e-07	0.6875	0.6792199467199467	0.23353433351242897
500	Lee_Barcelona	Lee_Manchester	12	25	6	12	500	1.0246076956438827e-07	0.5641025641025641	0.610987536428713	0.24818008900575617
500	Lee_Barcelona	Lee_PRIMM_NL	12	55	6	33	500	1.0246076956438827e-07	0.4380165289256199	0.6295010655339067	0.25527439950164665
500	Lee_Barcelona	Lee_PRIMM_UK	12	54	6	33	500	1.0246076956438827e-07	0.5512265512265513	0.6930941871124277	0.24433544649362182
500	Lee_Barcelona	Matson_US	12	38	6	14	500	1.0246076956438827e-07	0.45535714285714285	0.4796595719934398	0.2641581399835483
500	Lee_Barcelona	Spencer_US	12	97	6	71	500	1.0246076956438827e-07	0.4875406283856988	0.7156434236356329	0.24512564421330651
500	Lee_Leeds	Frankel_US	18	39	10	24	500	1.0661815682701918e-07	0.38055555555555554	0.5362602682750525	0.26498825744307647
500	Lee_Leeds	Gopalakrishnan_US	18	25	10	14	500	1.0661815682701918e-07	0.4805194805194805	0.625925380457667	0.26302312485081425
500	Lee_Leeds	Lee_Barcelona	18	12	10	6	500	1.0661815682701918e-07	0.7777777777777779	0.775	0.21867763225857317
500	Lee_Leeds	Lee_Manchester	18	25	10	12	500	1.0661815682701918e-07	0.49358974358974356	0.6277324668085539	0.2749481376724132
500	Lee_Leeds	Lee_PRIMM_NL	18	55	10	33	500	1.0661815682701918e-07	0.45041322314049587	0.6195960077734268	0.2531613857464658
500	Lee_Leeds	Lee_PRIMM_UK	18	54	10	33	500	1.0661815682701918e-07	0.5266955266955268	0.6546598556546986	0.2451547780795451
500	Lee_Leeds	Matson_US	18	38	10	14	500	1.0661815682701918e-07	0.34523809523809523	0.2969085779915614	0.28627338304746847
500	Lee_Leeds	Spencer_US	18	97	10	71	500	1.0661815682701918e-07	0.4756229685807151	0.7140041738463052	0.2391202316727982
500	Lee_Manchester	Frankel_US	25	39	12	24	500	5.636676092699121e-08	0.4388888888888889	0.5795666148264343	0.2984657004641399
500	Lee_Manchester	Gopalakrishnan_US	25	25	12	14	500	5.636676092699121e-08	0.512987012987013	0.6063235056868597	0.29142435288247714
500	Lee_Manchester	Lee_Barcelona	25	12	12	6	500	5.636676092699121e-08	0.2222222222222222	0.40046296296296297	0.2901806203189555
500	Lee_Manchester	Lee_Leeds	25	18	12	10	500	5.636676092699121e-08	0.35	0.5135513995808114	0.26912958271176507
500	Lee_Manchester	Lee_PRIMM_NL	25	55	12	33	500	5.636676092699121e-08	0.5440771349862259	0.6238465674203959	0.25395432494236303
500	Lee_Manchester	Lee_PRIMM_UK	25	54	12	33	500	5.636676092699121e-08	0.6176046176046177	0.7482333399752839	0.2368741051845514
500	Lee_Manchester	Matson_US	25	38	12	14	500	5.636676092699121e-08	0.4166666666666667	0.3533549720906588	0.2463138239205845
500	Lee_Manchester	Spencer_US	25	97	12	71	500	5.636676092699121e-08	0.45828819068255683	0.7150204510610499	0.32119976602715494
500	Lee_PRIMM_NL	Frankel_US	55	39	33	24	462	2.1269490829764473e-07	0.46388888888888885	0.5810940493543192	0.3292330876750769
500	Lee_PRIMM_NL	Gopalakrishnan_US	55	25	33	14	462	2.1269490829764473e-07	0.44805194805194803	0.6166875459011009	0.30525455502381016
500	Lee_PRIMM_NL	Lee_Barcelona	55	12	33	6	462	2.1269490829764473e-07	0.5555555555555556	0.6118686868686869	0.27035710887069503
500	Lee_PRIMM_NL	Lee_Leeds	55	18	33	10	462	2.1269490829764473e-07	0.4875	0.5864981750275868	0.2874053521176266
500	Lee_PRIMM_NL	Lee_Manchester	55	25	33	12	462	2.1269490829764473e-07	0.3141025641025641	0.39405436496767765	0.33999864550254705
500	Lee_PRIMM_NL	Lee_PRIMM_UK	55	54	33	33	462	2.1269490829764473e-07	0.56998556998557	0.7064944495067518	0.2500263158254122
500	Lee_PRIMM_NL	Matson_US	55	38	33	14	462	2.1269490829764473e-07	0.5595238095238095	0.41539797487577684	0.24462245011677095
500	Lee_PRIMM_NL	Spencer_US	55	97	33	71	462	2.1269490829764473e-07	0.5140845070422535	0.7665504634063219	0.33654470945206816
500	Lee_PRIMM_UK	Frankel_US	54	39	33	24	500	1.0701941407104337e-07	0.41388888888888886	0.5544910665483089	0.37143036917874694
500	Lee_PRIMM_UK	Gopalakrishnan_US	54	25	33	14	500	1.0701941407104337e-07	0.6168831168831168	0.6729590087783365	0.3040502769681126
500	Lee_PRIMM_UK	Lee_Barcelona	54	12	33	6	500	1.0701941407104337e-07	0.41666666666666663	0.6365740740740741	0.316819308732553
500	Lee_PRIMM_UK	Lee_Leeds	54	18	33	10	500	1.0701941407104337e-07	0.7375	0.7151037851037851	0.22055857538724255
500	Lee_PRIMM_UK	Lee_Manchester	54	25	33	12	500	1.0701941407104337e-07	0.3333333333333333	0.40535319834889094	0.35136265205739264
500	Lee_PRIMM_UK	Lee_PRIMM_NL	54	55	33	33	500	1.0701941407104337e-07	0.6597796143250688	0.7379892695422365	0.22938675986342902
500	Lee_PRIMM_UK	Matson_US	54	38	33	14	500	1.0701941407104337e-07	0.5148809523809523	0.41648661067898196	0.25799768219497504
500	Lee_PRIMM_UK	Spencer_US	54	97	33	71	500	1.0701941407104337e-07	0.5471289274106175	0.7824071205795045	0.3147293932047247
500	Matson_US	Frankel_US	38	39	14	24	432	1.0642079206855303e-07	0.5277777777777778	0.6452162560630326	0.335366947816839
500	Matson_US	Gopalakrishnan_US	38	25	14	14	432	1.0642079206855303e-07	0.6688311688311688	0.7065608576886773	0.2223822694871414
500	Matson_US	Lee_Barcelona	38	12	14	6	432	1.0642079206855303e-07	0.3611111111111111	0.5455026455026455	0.30694000668385407
500	Matson_US	Lee_Leeds	38	18	14	10	432	1.0642079206855303e-07	0.7375	0.7906240981240981	0.2208483667256392
500	Matson_US	Lee_Manchester	38	25	14	12	432	1.0642079206855303e-07	0.34615384615384615	0.4423281318118274	0.3271124113303523
500	Matson_US	Lee_PRIMM_NL	38	55	14	33	432	1.0642079206855303e-07	0.36914600550964183	0.5180867368418551	0.3127056478983297
500	Matson_US	Lee_PRIMM_UK	38	54	14	33	432	1.0642079206855303e-07	0.49350649350649356	0.5712235801339689	0.32562000477245645
500	Matson_US	Spencer_US	38	97	14	71	432	1.0642079206855303e-07	0.47616468039003246	0.7383453944183336	0.2711222600349312
500	Spencer_US	Frankel_US	97	39	71	24	326	5.144767586148716e-07	0.44166666666666665	0.6483937589999029	0.302387808456899
500	Spencer_US	Gopalakrishnan_US	97	25	71	14	326	5.144767586148716e-07	0.4155844155844156	0.5647224647434731	0.32140550564270964
500	Spencer_US	Lee_Barcelona	97	12	71	6	326	5.144767586148716e-07	0.75	0.8210678210678211	0.22649344250824943
500	Spencer_US	Lee_Leeds	97	18	71	10	326	5.144767586148716e-07	0.55	0.7105863499245851	0.2754158200129591
500	Spencer_US	Lee_Manchester	97	25	71	12	326	5.144767586148716e-07	0.3269230769230769	0.4247062788432757	0.38948263966056956
500	Spencer_US	Lee_PRIMM_NL	97	55	71	33	326	5.144767586148716e-07	0.5068870523415977	0.6558949360693397	0.34300942051296923
500	Spencer_US	Lee_PRIMM_UK	97	54	71	33	326	5.144767586148716e-07	0.4314574314574315	0.5826537913628914	0.35572875619124106
500	Spencer_US	Matson_US	97	38	71	14	326	5.144767586148716e-07	0.6041666666666666	0.48584910345003507	0.3080759527878761
