feature_cap	analysis_set	directed_pairs	mean_roc_auc	median_roc_auc	sd_roc_auc	mean_pr_auc	mean_brier	reciprocal_pairs	mean_abs_delta_auc	median_abs_delta_auc	pairs_ge_0_10	pairs_ge_0_20	max_abs_delta_auc	repeat
10	downsample_sources_to_25_all_targets	56	0.5025202254024048	0.5	0.09771112369337934	0.5927988294349866	0.2510745615631574	21	0.0628878023655781	0.038239538239538295	4	1	0.2673945772537321	1
10	downsample_sources_to_25_all_targets	56	0.5010744423579389	0.5	0.10128473583945596	0.582102379009016	0.25204521134412416	21	0.0723240829789211	0.07215007215007219	5	1	0.2169886842422054	2
10	downsample_sources_to_25_all_targets	56	0.510474691196808	0.5	0.1309562636191457	0.5965619447279936	0.2506440132471125	21	0.09330778775858342	0.08324150596877872	9	1	0.28888888888888886	3
10	downsample_sources_to_25_all_targets	56	0.5176743253367774	0.5	0.11977738275971674	0.6003094070026744	0.2500425800337421	21	0.08342042571510286	0.06840616347658601	7	2	0.24498229043683595	4
10	downsample_sources_to_25_all_targets	56	0.4995439608337164	0.5	0.0944714933502999	0.5845209856228314	0.25027337270981764	21	0.0825020973765715	0.07900432900432897	5	3	0.22946428571428568	5
10	downsample_sources_to_25_all_targets	56	0.49439123299215676	0.5	0.09309620508933453	0.5850785541349695	0.25006754696901196	21	0.06555731349722571	0.05128205128205132	5	0	0.1923076923076923	6
10	downsample_sources_to_25_all_targets	56	0.5148662942326915	0.5	0.10701570896670601	0.5893170336686742	0.24998078606742366	21	0.07080537345879401	0.06267217630854005	6	0	0.16666666666666674	7
10	downsample_sources_to_25_all_targets	56	0.5051975475372391	0.5	0.09985135338196902	0.5914972518037418	0.2500088857650761	21	0.08127544733887335	0.061111111111111116	7	1	0.29761904761904767	8
10	downsample_sources_to_25_all_targets	56	0.5059398293564655	0.5	0.09989170290296844	0.5831522582701929	0.25050268925953584	21	0.06660194113550616	0.0641025641025641	4	1	0.24931963576329774	9
10	downsample_sources_to_25_all_targets	56	0.5146293175708303	0.5	0.12013427556268247	0.6062515215066441	0.2499502588186529	21	0.1065802911902235	0.08618654073199528	9	4	0.2846320346320347	10
10	downsample_sources_to_25_all_targets	56	0.49083620876308826	0.5	0.07800919016445321	0.5670543795142489	0.25176563273469504	21	0.04741815812787095	0.038239538239538295	3	0	0.15223665223665223	11
10	downsample_sources_to_25_all_targets	56	0.5130582790251027	0.5	0.10172225285211109	0.5854602234987257	0.25011856163873253	21	0.06514850031175257	0.05128205128205132	6	0	0.1777777777777778	12
10	downsample_sources_to_25_all_targets	56	0.5101260433721106	0.5	0.10279454295883661	0.5980420275037516	0.2506393784249841	21	0.10875097725747075	0.1217948717948718	11	2	0.2595943180450223	13
10	downsample_sources_to_25_all_targets	56	0.4883577707681421	0.5	0.10519646446583511	0.5747817553880077	0.25238301684846576	21	0.08017019478973018	0.08264462809917361	9	0	0.18253968253968245	14
10	downsample_sources_to_25_all_targets	56	0.49112741359889023	0.5	0.11153195364526317	0.5817096444356787	0.25103702014145785	21	0.10616846824090283	0.0641025641025641	10	3	0.3488783943329399	15
10	downsample_sources_to_25_all_targets	56	0.49239539520572306	0.5	0.08903814177593265	0.5692870677038655	0.25209840833671493	21	0.0785858726799828	0.061111111111111116	8	3	0.22707720683072802	16
10	downsample_sources_to_25_all_targets	56	0.5115448075902564	0.5	0.118846351014367	0.5913526593730791	0.25013513863220843	21	0.10732038080103742	0.1011166863439591	11	3	0.27388808374723855	17
10	downsample_sources_to_25_all_targets	56	0.5001903779213946	0.5	0.1117530660493606	0.5865456338442884	0.254341461571856	21	0.0945511883583495	0.0811188029497889	8	3	0.2583333333333333	18
10	downsample_sources_to_25_all_targets	56	0.49003045130920336	0.5	0.10685975724852403	0.5733805716298358	0.25006499105600344	21	0.09079947872247122	0.07692307692307693	7	1	0.3101874651170426	19
10	downsample_sources_to_25_all_targets	56	0.5052227895870719	0.5	0.10855043823873245	0.5921661585815033	0.2510904936487932	21	0.07806094307260396	0.04662698412698413	6	2	0.2884495004213315	20
10	downsample_sources_to_25_all_targets	56	0.5132359235535109	0.5	0.08994981324405071	0.5831496728410711	0.2499019004036588	21	0.05652473555345332	0.019230769230769273	6	1	0.30411255411255417	21
10	downsample_sources_to_25_all_targets	56	0.5110659459518238	0.5	0.11632903467428574	0.6099481825484558	0.24971937619628123	21	0.10997823890063692	0.08692056183253372	9	4	0.2911255411255412	22
10	downsample_sources_to_25_all_targets	56	0.5051310304618506	0.5	0.1268733970876242	0.5991232908293949	0.25075248506468056	21	0.08973626354845489	0.08333333333333326	9	1	0.21695526695526696	23
10	downsample_sources_to_25_all_targets	56	0.5004701850595393	0.5	0.1082634405332721	0.5936736934037086	0.2515995288617896	21	0.07851096723192937	0.0641025641025641	7	1	0.2138888888888888	24
10	downsample_sources_to_25_all_targets	56	0.4885733392188315	0.5	0.09482596535556959	0.5705848410240667	0.25138322612832487	21	0.0886049086558964	0.06666666666666665	8	4	0.2166722166722166	25
10	downsample_sources_to_25_all_targets	56	0.4875833206384697	0.5	0.11232971688148911	0.5822274644132612	0.2536410490373025	21	0.06918479497590528	0.04570707070707081	5	0	0.19657615112160554	26
10	downsample_sources_to_25_all_targets	56	0.49722248220424786	0.5	0.11909915054429285	0.5970091605676621	0.25430532427739067	21	0.10739127327292686	0.07642168437622981	10	4	0.22970779220779225	27
10	downsample_sources_to_25_all_targets	56	0.5061451765321289	0.5	0.11787521304463787	0.5938504590886622	0.25109244333559805	21	0.08316121620150335	0.075297619047619	7	1	0.2564102564102564	28
10	downsample_sources_to_25_all_targets	56	0.5036648214909544	0.5	0.11622182185055034	0.5909717829526677	0.25215631817232703	21	0.08853191691242725	0.06960996749729143	6	2	0.32113095238095224	29
10	downsample_sources_to_25_all_targets	56	0.5038493071473625	0.5	0.1100896120311634	0.5894931470861904	0.2520460592580721	21	0.09392956413374375	0.07969303423848872	10	1	0.2305555555555555	30
10	downsample_sources_to_25_all_targets	56	0.5054161744012496	0.5	0.1061076554685033	0.5846092039293993	0.25086202744634484	21	0.078371481889179	0.059884559884559874	9	1	0.21153846153846145	31
10	downsample_sources_to_25_all_targets	56	0.5061197038612669	0.5	0.09896958697506436	0.5986923817844996	0.25265342430292675	21	0.07224371703062026	0.04166666666666663	5	1	0.21794871794871795	32
10	downsample_sources_to_25_all_targets	56	0.48768101043114764	0.5	0.1045901142599028	0.5775905563543218	0.252787663675393	21	0.08715401268446814	0.0725893824485373	8	1	0.27095631641086193	33
10	downsample_sources_to_25_all_targets	56	0.49224407491224303	0.5	0.10022508818147155	0.5803081905853117	0.25329538681761127	21	0.07730045420506369	0.05716253443526165	5	4	0.2586580086580087	34
10	downsample_sources_to_25_all_targets	56	0.5071600944587443	0.5	0.11969653364670453	0.6021822351533049	0.2514276800658085	21	0.1016427576938369	0.09615384615384626	9	2	0.2692307692307693	35
10	downsample_sources_to_25_all_targets	56	0.513477310519364	0.5	0.08608228921738449	0.5964542460156922	0.25093548783195424	21	0.06079742070116133	0.0641025641025641	5	0	0.16410861865407317	36
10	downsample_sources_to_25_all_targets	56	0.4961019971564774	0.5	0.11013464014024385	0.5911774707140608	0.25000232356482455	21	0.0933969185855504	0.0766586699685291	9	2	0.24170274170274175	37
10	downsample_sources_to_25_all_targets	56	0.4878711157917647	0.5	0.10611342194945858	0.5825318955251039	0.2540418508668704	21	0.095313504978312	0.07051282051282048	6	2	0.31060606060606066	38
10	downsample_sources_to_25_all_targets	56	0.5118524809787443	0.5126670278078729	0.10717403600895782	0.6011869520115619	0.25052065411553476	21	0.09502210257309031	0.06565656565656552	10	2	0.2716450216450217	39
10	downsample_sources_to_25_all_targets	56	0.5033340247237266	0.5	0.07008152959664692	0.5681447996893892	0.25008520023565844	21	0.0324752168953742	0.0	2	0	0.15367965367965364	40
10	downsample_sources_to_25_all_targets	56	0.49878345403656354	0.5	0.09489195366253435	0.5810949395450208	0.25144852631535775	21	0.07754023256584075	0.061111111111111116	8	1	0.2511608110199659	41
10	downsample_sources_to_25_all_targets	56	0.5058914533160578	0.5	0.12582552976464575	0.599693512225361	0.2501786022291578	21	0.1511259353380261	0.15384615384615385	13	7	0.2947330447330448	42
10	downsample_sources_to_25_all_targets	56	0.5005113115194055	0.5	0.10494160746314353	0.5835307791348104	0.25029038037824275	21	0.08690970939919175	0.038239538239538295	8	3	0.3063556162147711	43
10	downsample_sources_to_25_all_targets	56	0.510214529452114	0.5	0.10201458650013241	0.5982899568041135	0.2509400270257257	21	0.06327569372886732	0.04660238751147844	4	1	0.22765116339060004	44
10	downsample_sources_to_25_all_targets	56	0.49792984559809944	0.5	0.107680028664314	0.581430734030173	0.25061474994381994	21	0.08523927620895795	0.07988980716253447	7	2	0.23869047619047623	45
10	downsample_sources_to_25_all_targets	56	0.4812570873257436	0.5	0.08862079881998187	0.565913348005906	0.2531843317378698	21	0.07570278493431043	0.061111111111111116	6	2	0.23076923076923078	46
10	downsample_sources_to_25_all_targets	56	0.49051092800864154	0.5	0.09861720845212921	0.5663520881712683	0.25992540429894057	21	0.0803600331677888	0.061111111111111116	7	2	0.37410359593458187	47
10	downsample_sources_to_25_all_targets	56	0.5150502735982947	0.5	0.11592193926897676	0.6066711318383909	0.2522789137104697	21	0.08604749589407537	0.0655909746818838	8	2	0.2435897435897436	48
10	downsample_sources_to_25_all_targets	56	0.5056882661326083	0.5	0.09051929871424685	0.5984413918329619	0.25049785174703293	21	0.07358735316367475	0.0641025641025641	5	0	0.18073593073593075	49
10	downsample_sources_to_25_all_targets	56	0.5232541686701303	0.5232683982683983	0.11269196944819451	0.6162996937420843	0.2506614962315707	21	0.09251728318629727	0.08622891193313731	6	2	0.29761904761904767	50
10	downsample_sources_to_25_all_targets	56	0.48318785846366097	0.5	0.10626739923847592	0.5827082360852938	0.25180175447002207	21	0.0875984664076854	0.07051282051282048	8	1	0.20903665974088526	51
10	downsample_sources_to_25_all_targets	56	0.499314573410427	0.5	0.09940477052701603	0.5817239809284358	0.2512249535863814	21	0.09317607930992786	0.08683261183261182	10	1	0.3141025641025641	52
10	downsample_sources_to_25_all_targets	56	0.5056178571469179	0.5	0.11862319355405361	0.5919180957844709	0.25009584872741153	21	0.09173955892220022	0.08970450519746298	10	2	0.2290568195497772	53
10	downsample_sources_to_25_all_targets	56	0.4948826655467066	0.5	0.09424925575915923	0.5795532996460688	0.25240906547686104	21	0.07320662810419531	0.08058000471572802	5	1	0.21111111111111114	54
10	downsample_sources_to_25_all_targets	56	0.5019842190326745	0.5	0.07785693072785033	0.5661844253604036	0.2501114189114738	21	0.046950234515398225	0.0	4	0	0.16955266955266957	55
10	downsample_sources_to_25_all_targets	56	0.49172996313738493	0.5	0.12912547046639272	0.5908181926604804	0.2520058430222269	21	0.08995696048695867	0.0725893824485373	7	2	0.32539682539682535	56
10	downsample_sources_to_25_all_targets	56	0.5042231841417582	0.5	0.11556691724354005	0.5930570039707358	0.2496064643799003	21	0.08417006100722033	0.06670602125147573	8	2	0.2803815902407451	57
10	downsample_sources_to_25_all_targets	56	0.5047515124285404	0.5	0.11996374376686975	0.6034155783963627	0.2508807616257445	21	0.11676687123687308	0.09163059163059162	10	3	0.33372687918142463	58
10	downsample_sources_to_25_all_targets	56	0.5037356700033042	0.5	0.10699320602324144	0.589961931595292	0.25016338731753335	21	0.08762566692532851	0.10277777777777775	11	0	0.17307692307692302	59
10	downsample_sources_to_25_all_targets	56	0.5047247796776217	0.5	0.09994534352342643	0.5783694062320619	0.25070854980436785	21	0.040019563270432115	0.030303030303030276	1	1	0.20895301881217365	60
10	downsample_sources_to_25_all_targets	56	0.49901477294071495	0.5	0.09916222725824218	0.5781878011291272	0.251389555206838	21	0.07474976626933824	0.05128205128205132	6	3	0.26282051282051283	61
10	downsample_sources_to_25_all_targets	56	0.49149853373690716	0.5	0.1017471690494236	0.5850076871421738	0.2503053275339739	21	0.0750580913101491	0.06427915518824612	4	1	0.36479717465632955	62
10	downsample_sources_to_25_all_targets	56	0.5084243829407996	0.5	0.1217317650710373	0.5961912998086863	0.2504418878612129	21	0.10274507501048566	0.10566706021251471	11	2	0.25555555555555565	63
10	downsample_sources_to_25_all_targets	56	0.4975609697442112	0.5	0.10504060296511498	0.5958981125110646	0.2514769206715956	21	0.09308212065322914	0.0749278499278499	9	1	0.3128491227082776	64
10	downsample_sources_to_25_all_targets	56	0.5031867926357021	0.5	0.10737567843833236	0.5899192050944777	0.2512652070733907	21	0.07831341676229184	0.061111111111111116	8	0	0.1972222222222222	65
10	downsample_sources_to_25_all_targets	56	0.49009145368837614	0.5	0.12473555715871913	0.5940679734512949	0.25025110299398545	21	0.12084104483272219	0.1217948717948718	13	4	0.2846320346320347	66
10	downsample_sources_to_25_all_targets	56	0.49277790103368574	0.5	0.10142205380494781	0.5836949240098119	0.2504821792534239	21	0.08252727827220238	0.07499999999999996	6	1	0.30854034463189395	67
10	downsample_sources_to_25_all_targets	56	0.5138530264226201	0.5041322314049587	0.11337163729651416	0.605407906066136	0.2498686795360948	21	0.08538556958051195	0.059163059163059084	9	1	0.2131583694083694	68
10	downsample_sources_to_25_all_targets	56	0.5143231896081379	0.5046780470916195	0.11008831957512154	0.603055842781087	0.2504449137918953	21	0.0779908848273582	0.031565656565656575	7	3	0.26312229437229445	69
10	downsample_sources_to_25_all_targets	56	0.5143238861981717	0.515625	0.11696239253648792	0.6079864331985724	0.24984126195059292	21	0.08623220311417676	0.08982683982683987	7	0	0.18710317460317455	70
10	downsample_sources_to_25_all_targets	56	0.48896141324632725	0.5	0.09524186143825704	0.5783474384597612	0.2509201833705486	21	0.07170111575178341	0.051226551226551176	7	0	0.19871794871794868	71
10	downsample_sources_to_25_all_targets	56	0.49860086241028145	0.5	0.10013118775860672	0.5838283341723661	0.25024149007097707	21	0.06128290905248102	0.05555555555555547	4	1	0.23717948717948723	72
10	downsample_sources_to_25_all_targets	56	0.49008495001355573	0.5	0.08371105768298973	0.5752630896378952	0.2500801903401429	21	0.04447969134497396	0.02564102564102566	3	0	0.19029561987308463	73
10	downsample_sources_to_25_all_targets	56	0.4982960817699363	0.5	0.08767208180407728	0.5740160310099806	0.2511855275802129	21	0.0581036535902093	0.038239538239538295	6	1	0.2243589743589744	74
10	downsample_sources_to_25_all_targets	56	0.5098386666962897	0.5	0.09970824226740528	0.5906021518518241	0.2503544307753618	21	0.06999482320956622	0.04132231404958675	6	2	0.2435897435897436	75
10	downsample_sources_to_25_all_targets	56	0.5022570254052899	0.5	0.09474477645988567	0.5871760656923425	0.25017163502100975	21	0.07038898045162909	0.05787287829541354	6	0	0.19303423848878404	76
10	downsample_sources_to_25_all_targets	56	0.4930934836496045	0.5	0.11189557835665725	0.5816325544026586	0.2515292001340246	21	0.09347715683228762	0.0725893824485373	8	2	0.22435897435897434	77
10	downsample_sources_to_25_all_targets	56	0.49082897789998353	0.5	0.11781656278901251	0.591750920637517	0.2540695917240736	21	0.09357893180602161	0.08785727183614511	9	1	0.2437770562770563	78
10	downsample_sources_to_25_all_targets	56	0.5108533145842228	0.5	0.09453632237327284	0.5856149666386701	0.2516182221279349	21	0.06356514905536305	0.038239538239538295	5	1	0.26960394847718794	79
10	downsample_sources_to_25_all_targets	56	0.4966374550418587	0.5	0.10545636768845192	0.5904475631293623	0.2513613086184718	21	0.07691308066971135	0.08333333333333337	5	1	0.23656554712892747	80
10	downsample_sources_to_25_all_targets	56	0.5051338770191661	0.5	0.11509171610209715	0.5899887564130434	0.25056208079546244	21	0.08894504339904008	0.0714285714285714	7	1	0.32863849765258213	81
10	downsample_sources_to_25_all_targets	56	0.5158025264182091	0.5	0.11488678439892255	0.593682889292598	0.24912072338316202	21	0.05494356448718988	0.058507149416240356	4	0	0.16999197985113468	82
10	downsample_sources_to_25_all_targets	56	0.49987916647733505	0.5	0.11122302926985835	0.5871536315289686	0.2508392061773002	21	0.1000872651320795	0.10897435897435903	11	2	0.2346681096681097	83
10	downsample_sources_to_25_all_targets	56	0.49872813633331287	0.5	0.10721632383588843	0.5919740824979609	0.2504706895111615	21	0.0934890272826984	0.08913813459268011	10	2	0.29336860322775804	84
10	downsample_sources_to_25_all_targets	56	0.5031417937284958	0.5	0.11153452816181329	0.5880372548439349	0.2509993426044224	21	0.10065790906517082	0.09856340842256328	10	2	0.2425482381468297	85
10	downsample_sources_to_25_all_targets	56	0.5106583207684131	0.5104354139245304	0.1143557798588148	0.6044380310541341	0.2511063857878285	21	0.10478636627347065	0.09127804014167645	9	1	0.2391774891774892	86
10	downsample_sources_to_25_all_targets	56	0.4878703821792753	0.5	0.09976074733810698	0.57445991506561	0.25224425575863835	21	0.09097349966085104	0.09523809523809523	10	2	0.24271397616468032	87
10	downsample_sources_to_25_all_targets	56	0.5086798859154584	0.5	0.09399239561827175	0.5840706041937411	0.2512687815243882	21	0.08131465831758494	0.07431457431457422	7	2	0.2406522468142187	88
10	downsample_sources_to_25_all_targets	56	0.49988774648694395	0.503099173553719	0.12619870377014328	0.5959144481708238	0.2532677344972852	21	0.09843814769733922	0.08266459674910387	8	1	0.2435897435897436	89
10	downsample_sources_to_25_all_targets	56	0.5030598332449211	0.5	0.1083070743259814	0.5881551105343065	0.25196625707015147	21	0.09257316918054069	0.0759920634920635	8	2	0.28038159024074505	90
10	downsample_sources_to_25_all_targets	56	0.49972692089212234	0.5	0.0971950241628234	0.5894432663245502	0.25034402518083765	21	0.060639836125705913	0.05591630591630592	5	0	0.17307692307692307	91
10	downsample_sources_to_25_all_targets	56	0.5049173852119366	0.5	0.09726882655352788	0.5915427039908318	0.25232547419668216	21	0.08202669634899377	0.07460317460317467	8	0	0.17307692307692313	92
10	downsample_sources_to_25_all_targets	56	0.4992245340528219	0.5	0.10116549321676235	0.5846511168571141	0.2533333374775548	21	0.09715591173657756	0.061111111111111116	8	4	0.25075936387556114	93
10	downsample_sources_to_25_all_targets	56	0.5016830675288525	0.5	0.10462925243402305	0.5870927044994089	0.25036382381733546	21	0.07029671270914183	0.038461538461538436	7	1	0.29289841613785267	94
10	downsample_sources_to_25_all_targets	56	0.5023670818878142	0.5	0.10026824550636777	0.5816358410930279	0.2535778072654483	21	0.07253684761573001	0.07713498622589526	6	0	0.19632936507936505	95
10	downsample_sources_to_25_all_targets	56	0.49976226456814526	0.5	0.11620342596432334	0.5901662924553934	0.25031245054246115	21	0.08210994330209623	0.048910401023077144	8	3	0.22186147186147187	96
10	downsample_sources_to_25_all_targets	56	0.5028983124559423	0.5	0.0965155984358652	0.5885278485942809	0.2559866721983225	21	0.06353386179158997	0.040121849981004876	5	0	0.1762272352061085	97
10	downsample_sources_to_25_all_targets	56	0.4970992325301418	0.5	0.13218384654296925	0.5959503086412979	0.2523207079729618	21	0.10381192157874984	0.08974358974358976	8	2	0.30411255411255417	98
10	downsample_sources_to_25_all_targets	56	0.492202118540261	0.5	0.09173425236074541	0.5827639334384677	0.2516962356787077	21	0.07247268166190794	0.07051282051282048	6	2	0.20652958152958156	99
10	downsample_sources_to_25_all_targets	56	0.5164744331969273	0.515268759018759	0.11876362190018873	0.6064696888444655	0.25037226343404756	21	0.10414558596834068	0.09054178145087238	7	5	0.297134946430721	100
25	downsample_sources_to_25_all_targets	56	0.5026988256145872	0.5229617604617605	0.1174486535173065	0.5997408536178421	0.2546644919396775	21	0.10499974255804692	0.09018759018759015	8	4	0.29952484561959597	1
25	downsample_sources_to_25_all_targets	56	0.5023058516952277	0.5029761904761905	0.10023353975470822	0.5991262713379673	0.25718765333099897	21	0.08057490633972252	0.07455178197815837	7	1	0.23461538461538461	2
25	downsample_sources_to_25_all_targets	56	0.4956445529293126	0.48161038882869867	0.13135747433156086	0.6053155451806896	0.25221050190245	21	0.08961342792625947	0.06666666666666671	7	1	0.2570838252656434	3
25	downsample_sources_to_25_all_targets	56	0.5136907360297417	0.4911976911976912	0.12670888113908998	0.611734075059091	0.25289721851458824	21	0.09647691355552157	0.06744913928012525	8	2	0.2923076923076922	4
25	downsample_sources_to_25_all_targets	56	0.4933446380085019	0.5	0.1098731224612526	0.5952977903693607	0.2524184100152852	21	0.09673764664733203	0.1003972553268328	11	2	0.2186147186147186	5
25	downsample_sources_to_25_all_targets	56	0.5050994088433212	0.5041666666666667	0.11682926476117576	0.6058323746583298	0.2538034387684541	21	0.09020117024849968	0.09365079365079354	9	1	0.2711912500644895	6
25	downsample_sources_to_25_all_targets	56	0.49056282830447706	0.4967532467532467	0.10369300567761704	0.6012323523615581	0.25521232581133674	21	0.09558398006244173	0.09623709623709625	10	2	0.21027930402930411	7
25	downsample_sources_to_25_all_targets	56	0.5058791919831738	0.5	0.12158156959638676	0.6055879326678228	0.25155655136670557	21	0.1103826915366608	0.09237153691379041	10	4	0.268939393939394	8
25	downsample_sources_to_25_all_targets	56	0.5041426530358704	0.5	0.08843571859192977	0.5886384377371898	0.2526464382092412	21	0.09196094533916925	0.08055555555555555	9	1	0.3256639194139194	9
25	downsample_sources_to_25_all_targets	56	0.5141997055536531	0.5131816540267244	0.13291889078765537	0.6215633298700014	0.2535650460511116	21	0.1102248790526182	0.09623709623709625	10	2	0.30337473559304545	10
25	downsample_sources_to_25_all_targets	56	0.5140643367357345	0.516025641025641	0.11319458250917323	0.6092280283419907	0.25467874480312963	21	0.10042209537476592	0.07381124352955326	6	2	0.3079004329004329	11
25	downsample_sources_to_25_all_targets	56	0.5150241773988516	0.5270703474928826	0.08931896548721711	0.6110972353829769	0.2508799106955973	21	0.09058967368254915	0.06237701692247155	6	3	0.28928012519561824	12
25	downsample_sources_to_25_all_targets	56	0.510965440739397	0.5014880952380952	0.10888921851554387	0.6178552568808069	0.25210794260530783	21	0.13197694328684817	0.13662423257493683	12	2	0.3012593467138923	13
25	downsample_sources_to_25_all_targets	56	0.49752855463325674	0.49350649350649356	0.11973203152259693	0.603356012362044	0.25315160621405114	21	0.1080395799334431	0.10130714356066478	11	4	0.2770316804407713	14
25	downsample_sources_to_25_all_targets	56	0.5002063324742296	0.4967532467532467	0.13453470230980424	0.6026538402551941	0.2522964107073041	21	0.1218098907085097	0.13095238095238093	11	3	0.3000228937728939	15
25	downsample_sources_to_25_all_targets	56	0.5044310958124807	0.5	0.10669266902900153	0.5960407116200124	0.25281023031567984	21	0.12311065460530428	0.11570247933884292	13	2	0.2765151515151515	16
25	downsample_sources_to_25_all_targets	56	0.511775320518404	0.5027777777777778	0.11472523902921695	0.6153103891797841	0.25203398335336685	21	0.09888073238402487	0.09592352092352097	8	2	0.24874084249084255	17
25	downsample_sources_to_25_all_targets	56	0.5137502169033688	0.5103115514447141	0.10743414863035124	0.6081772844490567	0.2546396752275007	21	0.1045927169406683	0.08712121212121215	9	3	0.39015151515151514	18
25	downsample_sources_to_25_all_targets	56	0.5238838006425063	0.5295985313590947	0.13205693066801213	0.6159842998519266	0.2533252843140465	21	0.11528758457261294	0.10910656245163286	11	4	0.30140692640692646	19
25	downsample_sources_to_25_all_targets	56	0.5116089739141972	0.4981722822631913	0.11087177082684932	0.6125254230423918	0.2520365999815904	21	0.11243048428547786	0.10822510822510822	11	3	0.2615613553113553	20
25	downsample_sources_to_25_all_targets	56	0.5017217326774956	0.48186232781303207	0.12439281194777656	0.6067290592424627	0.253459871881644	21	0.11612900751024953	0.10554874063196723	11	3	0.26505312868949227	21
25	downsample_sources_to_25_all_targets	56	0.5209693082630994	0.5204496208017335	0.1208292515961826	0.6230420545661453	0.2509149026690392	21	0.11330223395455699	0.09623709623709625	8	3	0.39538239538239556	22
25	downsample_sources_to_25_all_targets	56	0.49982112118352856	0.4741522366522367	0.11323647751222109	0.6104139333277565	0.25536542513510607	21	0.08083947530055997	0.08154761904761904	5	1	0.2919372294372294	23
25	downsample_sources_to_25_all_targets	56	0.5091297049919523	0.49722222222222223	0.12631520187059692	0.6131418333616988	0.2526461470050586	21	0.11896078930215567	0.09623709623709625	10	5	0.31925366300366304	24
25	downsample_sources_to_25_all_targets	56	0.4913717416451148	0.48502006600598147	0.11215037794911774	0.5938190509703899	0.2531818018470774	21	0.10903035067453395	0.09502164502164495	9	3	0.31531059636053227	25
25	downsample_sources_to_25_all_targets	56	0.5050569461805343	0.5087563951200316	0.12644337496163213	0.6061885001785641	0.2540118083897943	21	0.10688341819789596	0.10660173160173159	13	2	0.2731712731712732	26
25	downsample_sources_to_25_all_targets	56	0.5017210452716957	0.5	0.11591491640555705	0.6042935186096242	0.2540681236996586	21	0.09850543313937313	0.10265116339059999	11	1	0.251082251082251	27
25	downsample_sources_to_25_all_targets	56	0.5091690418745076	0.5	0.10270227746399323	0.5995914554414722	0.2547886013433035	21	0.08493771507878878	0.05643315018315026	5	2	0.2936507936507936	28
25	downsample_sources_to_25_all_targets	56	0.5075593644797218	0.5335137085137085	0.12955020794299035	0.6119720176263631	0.25361913564293276	21	0.14015747313373983	0.12608225108225113	12	5	0.34226190476190477	29
25	downsample_sources_to_25_all_targets	56	0.5050145627337471	0.5065304014167651	0.11280754022608436	0.6058048474833005	0.25359799363366436	21	0.10017115456913335	0.10271546635183004	11	1	0.23243345074330996	30
25	downsample_sources_to_25_all_targets	56	0.5007546271743671	0.4935064935064935	0.1021992308798455	0.6031425548186246	0.25380569043240114	21	0.09959492670645954	0.09623709623709625	9	3	0.22179487179487184	31
25	downsample_sources_to_25_all_targets	56	0.4929163912062725	0.5	0.10246995751985381	0.5983487320489281	0.2556223774289486	21	0.0873044949972424	0.06160506160506163	4	3	0.30643315018315037	32
25	downsample_sources_to_25_all_targets	56	0.5144968282085017	0.49241955227870726	0.112664622651409	0.6174858557383177	0.25535909510077076	21	0.09206932543200148	0.0987721198988804	10	2	0.2131050767414403	33
25	downsample_sources_to_25_all_targets	56	0.4987016029548212	0.5	0.11772094887251008	0.5970427491780222	0.2555744852281893	21	0.12793322551988184	0.11388888888888887	13	3	0.24945887445887455	34
25	downsample_sources_to_25_all_targets	56	0.5219051183386914	0.5238095238095238	0.11013547206969874	0.6223938690698059	0.25314885694691813	21	0.09398273425962286	0.063924963924964	8	1	0.2603507603507603	35
25	downsample_sources_to_25_all_targets	56	0.49710411495768525	0.5	0.1229092156009857	0.5930555314366088	0.255118473282232	21	0.0967117730161904	0.0652958152958153	7	3	0.38205128205128197	36
25	downsample_sources_to_25_all_targets	56	0.48968139561886703	0.4911976911976912	0.1178230883702814	0.5900045047887753	0.25410370740447263	21	0.11513133132508474	0.09623709623709625	10	3	0.2474358974358974	37
25	downsample_sources_to_25_all_targets	56	0.499102253910221	0.5204795204795205	0.1148183306165521	0.6032972048316897	0.25563203571781834	21	0.13823608217585717	0.10561786698150333	11	4	0.34036796536796543	38
25	downsample_sources_to_25_all_targets	56	0.5085522920511545	0.5022014566028651	0.11871547387375184	0.6110222513647351	0.2542484274820348	21	0.1054963300744808	0.09623709623709625	9	4	0.2364718614718615	39
25	downsample_sources_to_25_all_targets	56	0.4999510430052489	0.4967532467532467	0.09419390188743063	0.6048270537058384	0.2522859703297233	21	0.11037808903525932	0.09893578643578638	10	3	0.3364817001180637	40
25	downsample_sources_to_25_all_targets	56	0.5086652580006168	0.4988609874973511	0.1278663435836617	0.6099795843147319	0.2529477125544079	21	0.08939283500171558	0.07910271546635195	7	1	0.2679716117216118	41
25	downsample_sources_to_25_all_targets	56	0.5033588966917631	0.48688016528925615	0.1328097844619344	0.6091603566562541	0.25460088497131916	21	0.10641889599841861	0.10641025641025637	12	2	0.30643315018315026	42
25	downsample_sources_to_25_all_targets	56	0.5201760148138703	0.5	0.10465000419949945	0.6098179418277143	0.25392583810138925	21	0.12119091797274525	0.09623709623709625	10	4	0.32797619047619053	43
25	downsample_sources_to_25_all_targets	56	0.5171764034944538	0.5229166666666667	0.11214946994594045	0.6193635368622046	0.25126145195601657	21	0.09567378475943504	0.0872222456729499	5	3	0.30140692640692646	44
25	downsample_sources_to_25_all_targets	56	0.49722362468169695	0.49532623088961114	0.12268568851501836	0.6033380864791243	0.2534595470489708	21	0.10636739407203102	0.09623709623709625	10	3	0.287202380952381	45
25	downsample_sources_to_25_all_targets	56	0.5103297508685805	0.5	0.1047157258054296	0.597335646028369	0.25396595344498946	21	0.08811076925330628	0.06845730027548214	7	3	0.23461538461538461	46
25	downsample_sources_to_25_all_targets	56	0.49410233923635355	0.4981040086673889	0.10948733909071261	0.5956597684534438	0.2613281694224553	21	0.10045308155217614	0.0869736324281778	9	2	0.2958552597637105	47
25	downsample_sources_to_25_all_targets	56	0.511677810143462	0.49350649350649345	0.11584308226499306	0.6119607905630018	0.25403535590530557	21	0.10354061484823332	0.09623709623709625	9	3	0.3179487179487179	48
25	downsample_sources_to_25_all_targets	56	0.4929699419834835	0.49354811854811853	0.10901994468055895	0.6015567657358434	0.253640219204211	21	0.09762163223270777	0.06711422380436466	7	2	0.31439393939393945	49
25	downsample_sources_to_25_all_targets	56	0.5082889259447186	0.4986111111111111	0.11185842289968193	0.6120599625972645	0.25169326490612914	21	0.0984219408503751	0.10601469237832872	11	2	0.2194444444444446	50
25	downsample_sources_to_25_all_targets	56	0.49601613262799127	0.48733974358974363	0.10121065209281015	0.6021356071629678	0.25209852262215504	21	0.10510208053536205	0.10691328873147049	11	0	0.18870523415977963	51
25	downsample_sources_to_25_all_targets	56	0.5012857258162899	0.49034299034299034	0.12102962974523716	0.5951759286049947	0.253811918297777	21	0.1109999552118173	0.10741341991342002	11	1	0.26426603699330975	52
25	downsample_sources_to_25_all_targets	56	0.5104193942572223	0.5165425243770314	0.10726041322314325	0.6040442533295752	0.25186199619359406	21	0.08705457072820344	0.09002949319850728	8	1	0.3215811965811966	53
25	downsample_sources_to_25_all_targets	56	0.4920503015843525	0.4902288732394366	0.13065119457304403	0.6077997793692396	0.2555029591472376	21	0.10767574180895015	0.10705266955266951	11	2	0.31925366300366304	54
25	downsample_sources_to_25_all_targets	56	0.5292748534675952	0.5	0.11637216805676295	0.6144021880127511	0.25126183352902814	21	0.0796556461054815	0.06770502225047675	4	1	0.25108225108225113	55
25	downsample_sources_to_25_all_targets	56	0.503912328344861	0.4933097205824478	0.12301390090209709	0.6066618601475221	0.2540396392654594	21	0.10733909832249874	0.09623709623709625	10	4	0.3320741758241758	56
25	downsample_sources_to_25_all_targets	56	0.5136973409373435	0.49702380952380953	0.1078852366190548	0.6129960899577593	0.2505814391189715	21	0.1036435049159121	0.09623709623709625	10	2	0.20137741046831953	57
25	downsample_sources_to_25_all_targets	56	0.5226596808110034	0.527958152958153	0.10755787159823355	0.6144765723462583	0.2514114112023546	21	0.094151506913305	0.09255138800593349	7	1	0.20386904761904762	58
25	downsample_sources_to_25_all_targets	56	0.5047131678080724	0.48327013362224625	0.11907087455323054	0.6025384423687034	0.2556481214221115	21	0.11032926440028139	0.09523809523809523	8	4	0.23922668240850042	59
25	downsample_sources_to_25_all_targets	56	0.49569016979745556	0.47559523809523807	0.12182679890414265	0.5949765003122932	0.2531412253452717	21	0.06705030707797308	0.04713537636072851	2	1	0.35984848484848486	60
25	downsample_sources_to_25_all_targets	56	0.5156415154573136	0.527056277056277	0.10794500823756566	0.6106720860612432	0.25364013052329926	21	0.09116190866122272	0.07734988016678152	8	0	0.19017992961654934	61
25	downsample_sources_to_25_all_targets	56	0.5158363358671743	0.5059934392680872	0.11329142728270436	0.616914552797162	0.2503112607402272	21	0.11046308421811438	0.10070211478662183	11	2	0.32301032301032306	62
25	downsample_sources_to_25_all_targets	56	0.5239377745606882	0.5055096418732782	0.08813007960225268	0.615059366296592	0.25057820558407606	21	0.08748742446268513	0.06190210415562536	8	1	0.22985670432853533	63
25	downsample_sources_to_25_all_targets	56	0.5038181600951688	0.5120490620490621	0.09978255384619227	0.6081652825410142	0.25481209444712005	21	0.10325870596928768	0.08866016612495492	8	3	0.24874084249084266	64
25	downsample_sources_to_25_all_targets	56	0.504769488829388	0.4935064935064935	0.11078032062834703	0.6039884335144755	0.2522040874527243	21	0.12059445438240936	0.09623709623709625	10	3	0.2615613553113553	65
25	downsample_sources_to_25_all_targets	56	0.5104965689142625	0.492288961038961	0.12248791277037883	0.6123054396606081	0.2538411989378883	21	0.12098514468987309	0.11165223665223678	12	4	0.25718221172766637	66
25	downsample_sources_to_25_all_targets	56	0.5041167718014309	0.5100846123573397	0.1188997025618285	0.6044158742010536	0.2517016589741213	21	0.11251909546563839	0.10273060273060275	12	2	0.2538461538461538	67
25	downsample_sources_to_25_all_targets	56	0.5018258284970776	0.5051011195377393	0.10466741740620981	0.5998441856386186	0.25245488214541945	21	0.0922183054854081	0.0936840936840937	8	2	0.26013708513708517	68
25	downsample_sources_to_25_all_targets	56	0.5157981903018886	0.5111973316198668	0.11515120780828422	0.6214412640308772	0.25327804529788034	21	0.12024163395459356	0.09623709623709625	10	3	0.34358974358974353	69
25	downsample_sources_to_25_all_targets	56	0.5185571800558596	0.532819264069264	0.1194246534790631	0.6222852433191095	0.2516660460683838	21	0.12720729293232497	0.09623709623709625	10	5	0.3285482123510292	70
25	downsample_sources_to_25_all_targets	56	0.4976384042246547	0.48673157828087404	0.1302894568630697	0.6101590702745606	0.25171931245686235	21	0.0979929171476181	0.10320512820512817	12	2	0.2858974358974358	71
25	downsample_sources_to_25_all_targets	56	0.5035942692851475	0.5	0.12089165237848497	0.6035402972277417	0.2549661045192114	21	0.1065949002237186	0.11255411255411257	12	2	0.23461538461538461	72
25	downsample_sources_to_25_all_targets	56	0.5102600405984632	0.5030032467532467	0.11906039703555439	0.6175400758706654	0.2562264961220412	21	0.12158022703911675	0.10271546635182993	12	4	0.31018981018981007	73
25	downsample_sources_to_25_all_targets	56	0.5017200727263662	0.5112435295533887	0.12440413666789345	0.5957566422796938	0.253491350395972	21	0.08878559321329578	0.06872294372294374	4	2	0.39487179487179475	74
25	downsample_sources_to_25_all_targets	56	0.48784048979811623	0.47648071625344346	0.12151589933041208	0.5979704746065175	0.25628139713241227	21	0.11299000638103437	0.10113829832139687	11	3	0.3191902794175522	75
25	downsample_sources_to_25_all_targets	56	0.5072389301772705	0.5174106019176442	0.1201942057184707	0.6111213008664734	0.251159202593474	21	0.11723112682391079	0.09392879847425295	9	4	0.37846320346320345	76
25	downsample_sources_to_25_all_targets	56	0.5227402181983363	0.520319264069264	0.13552431267835172	0.611716085949398	0.25453560963031674	21	0.08900999307415075	0.0469904899482364	6	3	0.2987179487179486	77
25	downsample_sources_to_25_all_targets	56	0.5055555059860724	0.49034299034299034	0.12772694251103212	0.6120093808721795	0.2536724573199292	21	0.12340674364521995	0.11204906204906206	12	2	0.25757575757575757	78
25	downsample_sources_to_25_all_targets	56	0.5138553183569018	0.5181321026391449	0.11437934657301786	0.6058008243639618	0.2534888517489805	21	0.12386592725101046	0.11144411144411143	12	4	0.255952380952381	79
25	downsample_sources_to_25_all_targets	56	0.5228098258397954	0.5024377031419285	0.12453623053952333	0.6154319740993189	0.25129240108713974	21	0.10966144342653397	0.11309523809523814	12	2	0.23967698967698958	80
25	downsample_sources_to_25_all_targets	56	0.5109468648888406	0.4967948717948718	0.11472647670886525	0.6051699017139303	0.2517874439439301	21	0.08432525364229222	0.09361471861471865	8	1	0.21212121212121215	81
25	downsample_sources_to_25_all_targets	56	0.49857553184917947	0.48755165289256197	0.11308907489033532	0.6039083995187625	0.2538182796832786	21	0.09735817675844198	0.0975842339478703	9	1	0.20995670995670995	82
25	downsample_sources_to_25_all_targets	56	0.5058036202049428	0.5145833333333333	0.13296767265068576	0.6099288093928976	0.25183205847302476	21	0.10802741711032364	0.07939282939282943	7	2	0.39265873015873015	83
25	downsample_sources_to_25_all_targets	56	0.5137880444308501	0.5175985985845142	0.11750784963838808	0.6192046088294075	0.2511866227063388	21	0.13351625404282255	0.12056277056277048	11	7	0.25855962219598577	84
25	downsample_sources_to_25_all_targets	56	0.5042266332895048	0.4906204906204906	0.12667228949174486	0.617268416298266	0.25449304066492606	21	0.10775939593504075	0.09622195985832349	9	3	0.2511857469603949	85
25	downsample_sources_to_25_all_targets	56	0.5179697793955785	0.5235042735042735	0.12506384294533904	0.6203484885680369	0.2533805381673517	21	0.10860994925952859	0.09623709623709625	10	3	0.27543290043290053	86
25	downsample_sources_to_25_all_targets	56	0.4880927863806671	0.4972949585625642	0.12552306718629308	0.5919271054190615	0.25463293124689346	21	0.10942314892493235	0.10660173160173159	12	2	0.286345598845599	87
25	downsample_sources_to_25_all_targets	56	0.5008260676653133	0.4967532467532467	0.11745688892486716	0.6049304940613396	0.25508208101867785	21	0.09289376892609928	0.051767676767676796	8	4	0.285991785991786	88
25	downsample_sources_to_25_all_targets	56	0.509917135124773	0.5289663388254937	0.12656894928256002	0.6060762847022573	0.2559653364409972	21	0.10132035231838599	0.08730514044214438	8	3	0.27307692307692294	89
25	downsample_sources_to_25_all_targets	56	0.5052009735895722	0.5001967729240456	0.10017036964117983	0.6037245398745589	0.2524979645167676	21	0.08870560135993646	0.0926226551226551	9	1	0.2230998168498169	90
25	downsample_sources_to_25_all_targets	56	0.4971168016681152	0.4800521448248721	0.12044682215318447	0.6048030814689026	0.25209144415047785	21	0.1011564841830527	0.09623709623709625	10	2	0.23592032967032978	91
25	downsample_sources_to_25_all_targets	56	0.5060442708300023	0.5192307692307692	0.1117019091284898	0.6106384162508317	0.25374960928557344	21	0.09299916294268774	0.0726092089728454	7	2	0.24233058608058616	92
25	downsample_sources_to_25_all_targets	56	0.5111533119042665	0.4967532467532467	0.11030610139889371	0.6097045557486559	0.2532788327371643	21	0.09984461579143308	0.08188705234159788	9	2	0.3628205128205128	93
25	downsample_sources_to_25_all_targets	56	0.5290340915530977	0.527958152958153	0.1085322561484304	0.6256223237803124	0.24965467157587007	21	0.11084170611447915	0.09623709623709625	10	5	0.26666666666666666	94
25	downsample_sources_to_25_all_targets	56	0.49707604318036797	0.5064935064935064	0.11654007075401521	0.6003291138260013	0.25397068300786246	21	0.12647679117520894	0.11471861471861466	13	4	0.2871900826446281	95
25	downsample_sources_to_25_all_targets	56	0.49473064707696934	0.5	0.1142814263451544	0.5936346386789173	0.2524438108752684	21	0.09111364897559338	0.0861411315956771	7	2	0.24608724608724608	96
25	downsample_sources_to_25_all_targets	56	0.5027110346179591	0.5106626328217237	0.11610552464472554	0.6044833999220943	0.25614413901211747	21	0.10697956905771978	0.09623709623709625	10	2	0.2538461538461538	97
25	downsample_sources_to_25_all_targets	56	0.49024449669984815	0.4806244260789716	0.13729431393501804	0.6006079190292308	0.25461333399460406	21	0.10501150387628348	0.09210284664830126	9	2	0.3513049450549451	98
25	downsample_sources_to_25_all_targets	56	0.4907106194410989	0.47638724911452185	0.11081738499776347	0.594852664015597	0.2551570921932114	21	0.09396323107110559	0.07982187999793633	7	1	0.23907910271546629	99
25	downsample_sources_to_25_all_targets	56	0.5236410432271679	0.5108307185771974	0.1207823334784392	0.623380573280533	0.25128779172609167	21	0.12268158369653709	0.09623709623709625	10	8	0.2987179487179487	100
50	downsample_sources_to_25_all_targets	56	0.5184373446960332	0.531865861411316	0.11737423867450042	0.6205932644644293	0.2561776823585818	21	0.10454730513949465	0.08730158730158721	9	3	0.2665759336694036	1
50	downsample_sources_to_25_all_targets	56	0.49462175320107	0.5194444444444444	0.12180432634350626	0.5978198471494963	0.2628530331025924	21	0.10189570420501463	0.10795454545454564	11	3	0.24562180243998433	2
50	downsample_sources_to_25_all_targets	56	0.5028701763414014	0.5064935064935066	0.11501778510129079	0.6126478723068924	0.2546298929442962	21	0.08694603560846473	0.06645299145299144	5	2	0.24839049839049843	3
50	downsample_sources_to_25_all_targets	56	0.4931452765739738	0.5001984126984127	0.13733041186160475	0.6045035280262787	0.2588257791294645	21	0.09314532201398856	0.08162388187996389	6	2	0.3285714285714285	4
50	downsample_sources_to_25_all_targets	56	0.5113668871382769	0.5096648301193756	0.12315679217360553	0.6131802456653777	0.2576402158887422	21	0.11256551602033585	0.08630952380952389	9	4	0.28715728715728717	5
50	downsample_sources_to_25_all_targets	56	0.49112441037028337	0.4926587301587301	0.12115096736663923	0.5996060082389373	0.25756039885535204	21	0.09409633878035192	0.09334898278560244	10	2	0.21424030514939607	6
50	downsample_sources_to_25_all_targets	56	0.4921145255675163	0.5231331168831168	0.1255966894784275	0.606339745335151	0.25955994122116055	21	0.10525527186401523	0.09754689754689749	10	4	0.21924554318920514	7
50	downsample_sources_to_25_all_targets	56	0.5117303044165354	0.5368055555555556	0.13440672247356983	0.6139596871023395	0.2541281225525998	21	0.10202466865627645	0.08813408813408818	10	4	0.26047008547008554	8
50	downsample_sources_to_25_all_targets	56	0.48391442336218954	0.4807692307692307	0.11408504575634026	0.588734126862674	0.2593200753100054	21	0.1272457454847248	0.11469237832874185	15	3	0.30833333333333324	9
50	downsample_sources_to_25_all_targets	56	0.5090608271243217	0.5119141421958324	0.13345322242092356	0.6125699407769074	0.25748648784032585	21	0.11894290190430669	0.12079587079587073	12	3	0.29725829725829733	10
50	downsample_sources_to_25_all_targets	56	0.5174719274739853	0.5257936507936507	0.12856858892391157	0.6198859642538455	0.25892611409034394	21	0.09659289825743092	0.06593406593406603	8	3	0.2568376068376069	11
50	downsample_sources_to_25_all_targets	56	0.5039453392889349	0.5064518814518815	0.11114591682078737	0.6100100390171521	0.25299431113236387	21	0.12102369030071612	0.10927128427128424	14	3	0.31051587301587297	12
50	downsample_sources_to_25_all_targets	56	0.5058565995134269	0.5301402431684121	0.1139969390792029	0.6152594656203801	0.258254871773166	21	0.09510931267379046	0.09799291617473438	10	0	0.18425324675324672	13
50	downsample_sources_to_25_all_targets	56	0.4883978246237026	0.5006455399061033	0.11787321839494108	0.5955778948095409	0.25986432072483867	21	0.0732367567903511	0.06392199349945832	5	1	0.22065056155965257	14
50	downsample_sources_to_25_all_targets	56	0.5113776477927292	0.5361111111111112	0.1295230212063665	0.6129342684121629	0.2533520762267313	21	0.12015852172473722	0.10293683589138136	11	2	0.3103941513032422	15
50	downsample_sources_to_25_all_targets	56	0.4919265236026599	0.5115143854580475	0.1160279136473806	0.6051267683878099	0.2578669935521815	21	0.09403707874075536	0.08915575816984278	10	0	0.18810835629017458	16
50	downsample_sources_to_25_all_targets	56	0.507115796678171	0.5133477633477633	0.10960695171724354	0.606642710372664	0.25537534726812156	21	0.08666259955586826	0.05699035812672176	7	1	0.2553210678210679	17
50	downsample_sources_to_25_all_targets	56	0.5057506142479048	0.5163690476190476	0.11463679405599714	0.60202195689829	0.25926079434607724	21	0.10402230036627332	0.06879509379509374	8	4	0.35357142857142865	18
50	downsample_sources_to_25_all_targets	56	0.5224784057184712	0.5368055555555556	0.1219113592807735	0.6271286462018486	0.25771459582514045	21	0.10147853022601516	0.08739316239316253	9	3	0.31015463409829597	19
50	downsample_sources_to_25_all_targets	56	0.500230230564509	0.5244047619047618	0.10587573239062399	0.5986863759895658	0.25803187609885986	21	0.08341583590348908	0.06955922865013775	6	2	0.22559523809523807	20
50	downsample_sources_to_25_all_targets	56	0.5093988870343018	0.5194805194805194	0.11755317289557897	0.6131133543866838	0.25672299840404333	21	0.09270509432847096	0.07287157287157287	9	3	0.24125874125874114	21
50	downsample_sources_to_25_all_targets	56	0.5177489565479437	0.5216450216450216	0.12025131703860807	0.6200171716268409	0.2529256387838394	21	0.09063763807681864	0.08098290598290614	9	2	0.25676406926406925	22
50	downsample_sources_to_25_all_targets	56	0.5012433545992857	0.5069444444444444	0.11037474290894907	0.6093144829787117	0.25892381624797295	21	0.09149889456044567	0.08948576675849407	8	1	0.2035187035187036	23
50	downsample_sources_to_25_all_targets	56	0.5021745864849944	0.5003607503607503	0.12246484687106914	0.6055018551221093	0.25463611516186807	21	0.11113128465881345	0.09404761904761905	10	3	0.29757363848272944	24
50	downsample_sources_to_25_all_targets	56	0.49084390051928234	0.4935897435897436	0.12683217635953478	0.5919111731536952	0.25820694760792284	21	0.12063965401033261	0.12079587079587073	11	5	0.2946428571428571	25
50	downsample_sources_to_25_all_targets	56	0.48802143933414516	0.4796037296037296	0.13739255810328377	0.6038504346198207	0.26041719786207057	21	0.12416175678476755	0.13482995877362075	15	2	0.23901098901098905	26
50	downsample_sources_to_25_all_targets	56	0.49324596477313914	0.506024531024531	0.13034832507108102	0.6118338129527825	0.2585076937438619	21	0.10320303675891748	0.09405745769382123	10	3	0.3053418803418805	27
50	downsample_sources_to_25_all_targets	56	0.49179066197683585	0.5054171180931744	0.09601281786229446	0.5926671671005097	0.2578065865310995	21	0.08864409374744113	0.0913284325576258	8	0	0.16505716505716517	28
50	downsample_sources_to_25_all_targets	56	0.5023222644921589	0.5023629148629148	0.13106964258060033	0.6171559103166739	0.2610741796062731	21	0.09718363190102718	0.068473566552952	7	2	0.3822843822843822	29
50	downsample_sources_to_25_all_targets	56	0.49754051106226665	0.524301456119638	0.13084483193115143	0.5965095355676192	0.2632406611464014	21	0.11244202120596852	0.11334120425029515	12	3	0.2804417804417805	30
50	downsample_sources_to_25_all_targets	56	0.5196189460931322	0.5257936507936507	0.10476801570722048	0.6177779173802415	0.2530590156038988	21	0.1080782627631905	0.09731710884079642	10	1	0.2676212676212676	31
50	downsample_sources_to_25_all_targets	56	0.47786647165305485	0.46941438842847294	0.11602959507592335	0.5944541307772856	0.2653996791120656	21	0.1155635592415362	0.10023310023310017	11	4	0.2946428571428571	32
50	downsample_sources_to_25_all_targets	56	0.5173767590469507	0.5238095238095237	0.1262467415026369	0.6125844764382816	0.2562037450022307	21	0.08743471823314518	0.060606060606060774	9	2	0.28044178044178053	33
50	downsample_sources_to_25_all_targets	56	0.5022588346834962	0.5163690476190476	0.11414906724347197	0.6157934299113628	0.25826539559905437	21	0.10039826594152548	0.0915750915750917	9	2	0.2448511084874721	34
50	downsample_sources_to_25_all_targets	56	0.5052201471767162	0.5257936507936507	0.1415354829374709	0.614763368895794	0.2583398225627878	21	0.10585296797113147	0.09076479076479083	10	3	0.2989316239316241	35
50	downsample_sources_to_25_all_targets	56	0.5130518587221875	0.5257936507936507	0.13091863691569264	0.6157844573944823	0.25818131288201035	21	0.09408351135075116	0.08293650793650803	8	3	0.23386472682247328	36
50	downsample_sources_to_25_all_targets	56	0.4925172993023276	0.5193556443556443	0.12646888425477903	0.6017806449553215	0.2579294776511652	21	0.11614860938301584	0.12003148366784727	12	1	0.2725885225885226	37
50	downsample_sources_to_25_all_targets	56	0.49232076646906536	0.5249901613537977	0.12444738014634055	0.6011157283587879	0.25764089099361637	21	0.09424190045874699	0.07296224901858711	10	3	0.21598482610006303	38
50	downsample_sources_to_25_all_targets	56	0.5110109192412672	0.5257936507936507	0.12930506774041148	0.6184779693458365	0.258030636644115	21	0.11944183229394498	0.14300144300144302	12	4	0.29254079254079246	39
50	downsample_sources_to_25_all_targets	56	0.5061643930107553	0.5158653846153847	0.10817137601116289	0.6067843156274019	0.25523884579711087	21	0.12227696029826998	0.11353797717434078	12	3	0.2969064386317907	40
50	downsample_sources_to_25_all_targets	56	0.4992772815664713	0.5181547619047618	0.14331974627006863	0.6087660514024773	0.260719133810096	21	0.12933463216525226	0.13860083578393434	13	5	0.31390264664912554	41
50	downsample_sources_to_25_all_targets	56	0.49271914557177265	0.5064935064935066	0.12528412908283945	0.604353773202038	0.2570180743473008	21	0.09625755412064174	0.09983766233766234	10	1	0.22065056155965246	42
50	downsample_sources_to_25_all_targets	56	0.5002758293814289	0.5257936507936507	0.12402601134494183	0.6121960329172006	0.25697172561365333	21	0.09979253212287785	0.09798534798534808	9	3	0.2863095238095238	43
50	downsample_sources_to_25_all_targets	56	0.5064636417760846	0.5136904761904761	0.1037332190875506	0.6040917863411267	0.255041694820252	21	0.09242423548715847	0.09076479076479083	9	1	0.2582065821502441	44
50	downsample_sources_to_25_all_targets	56	0.49918229999656055	0.5263888888888889	0.125378964605566	0.6124957006061987	0.2576087596847533	21	0.11385594281606723	0.0989362749926131	10	2	0.2946428571428571	45
50	downsample_sources_to_25_all_targets	56	0.5179717414429665	0.5186868686868686	0.12316416212481968	0.6165475000712516	0.2554382380616935	21	0.07401212811401214	0.0634920634920636	7	0	0.1946608946608947	46
50	downsample_sources_to_25_all_targets	56	0.5036623683805068	0.5272366522366523	0.11128502513359942	0.6065665690224478	0.2627220432326366	21	0.09394287957028029	0.09541440207253266	9	1	0.28421812928855184	47
50	downsample_sources_to_25_all_targets	56	0.5118195433499187	0.5335861321776814	0.10610014587110381	0.6010041214587015	0.2578604150620114	21	0.11683355522526913	0.11438561438561434	13	2	0.2548007548007548	48
50	downsample_sources_to_25_all_targets	56	0.49541975538637334	0.5179126429126428	0.11217020388048933	0.5979764598623183	0.2558486132883667	21	0.11128793162815481	0.10055096418732784	11	4	0.2355699855699856	49
50	downsample_sources_to_25_all_targets	56	0.5119053790408624	0.5192178713305473	0.10684102594091971	0.6186423121818269	0.2567645626957472	21	0.10412513104574561	0.07380624426078974	10	2	0.24990161353797713	50
50	downsample_sources_to_25_all_targets	56	0.4926261387866244	0.4901797945972082	0.10598604975817798	0.6048783906716076	0.2554531707893484	21	0.0979407526028159	0.0845598845598845	8	2	0.3189033189033189	51
50	downsample_sources_to_25_all_targets	56	0.5253893535229277	0.5397586372938485	0.13889419881280815	0.6217583969948721	0.25524731367579745	21	0.12054788789515333	0.12659562659562662	13	3	0.22478632478632488	52
50	downsample_sources_to_25_all_targets	56	0.5124831367949165	0.525297619047619	0.10712424251505875	0.6148319135224575	0.2546998025724193	21	0.09376834025407284	0.09076479076479083	10	0	0.19218809359654426	53
50	downsample_sources_to_25_all_targets	56	0.5114287443332738	0.5238224217097456	0.11633248298808736	0.6101877044079458	0.255759732599559	21	0.10407862170483352	0.10101010101010105	11	4	0.30879247015610645	54
50	downsample_sources_to_25_all_targets	56	0.5032020329755605	0.5160714285714285	0.12373908831071571	0.6069078999044383	0.2591615762952057	21	0.11990922839194285	0.11438561438561434	12	3	0.25519480519480525	55
50	downsample_sources_to_25_all_targets	56	0.49862744715068885	0.5181547619047618	0.11533529531544556	0.6065074537480426	0.25753872110980786	21	0.10505270740546029	0.08938244853737815	10	3	0.30952380952380953	56
50	downsample_sources_to_25_all_targets	56	0.5105953166069546	0.5277777777777778	0.11827399586708402	0.6170220235218041	0.2529500090044782	21	0.11097558062529712	0.09920634920634919	10	3	0.3035353535353535	57
50	downsample_sources_to_25_all_targets	56	0.5056452083346404	0.5342893217893219	0.12378957650786035	0.6081736261652431	0.25610715925913613	21	0.11612805615686536	0.07234432234432242	10	3	0.3445443445443446	58
50	downsample_sources_to_25_all_targets	56	0.5072626158087792	0.5181391378574477	0.11302687783758912	0.6061537956227101	0.2674405211144973	21	0.0943479926674549	0.06328709169618274	7	2	0.33769841269841283	59
50	downsample_sources_to_25_all_targets	56	0.4868643138092219	0.4989177489177489	0.12928780514177146	0.5993054994641788	0.2603748173508425	21	0.11095797878997074	0.10180375180375179	11	4	0.25216450216450204	60
50	downsample_sources_to_25_all_targets	56	0.5034639809347716	0.5277777777777778	0.11173027357702883	0.6084244469539583	0.2565989437077786	21	0.09211612574974566	0.07157287157287151	8	1	0.22706081796990885	61
50	downsample_sources_to_25_all_targets	56	0.5227078636018068	0.5262855831037649	0.1254780615812291	0.6168689930370927	0.25645804851089143	21	0.11241501200802465	0.12079587079587073	13	4	0.335309936542331	62
50	downsample_sources_to_25_all_targets	56	0.5208024292905741	0.5344246031746032	0.1006561800542891	0.6206372019533352	0.2567608776439202	21	0.08373769138813951	0.08150183150183143	10	0	0.1921271217045864	63
50	downsample_sources_to_25_all_targets	56	0.5154136197027065	0.5304383116883118	0.12660043419695902	0.615411181262228	0.2574983907641266	21	0.12477000893408428	0.10678210678210676	12	4	0.26308539944903586	64
50	downsample_sources_to_25_all_targets	56	0.5038441704640603	0.5151187196641742	0.10996147283863207	0.6066468138068838	0.2541722997379128	21	0.12297940129703433	0.12079587079587073	13	3	0.3317238317238318	65
50	downsample_sources_to_25_all_targets	56	0.49409440061620186	0.482154848992237	0.1116164751845167	0.6047009096285293	0.25745640029211275	21	0.09493089654284093	0.07693011214137974	9	1	0.26827717736808654	66
50	downsample_sources_to_25_all_targets	56	0.5090190962498672	0.5	0.10026271452835132	0.6084150393070609	0.25678937616639164	21	0.10206544102876647	0.08481336738378992	10	4	0.24112554112554113	67
50	downsample_sources_to_25_all_targets	56	0.517221586007026	0.5057720057720059	0.12304888880914115	0.6170117984447072	0.25713156312599555	21	0.0796619352911652	0.05509641873278237	7	0	0.19266883351390385	68
50	downsample_sources_to_25_all_targets	56	0.5191770415896422	0.5404914529914531	0.11437267432781727	0.624903500687577	0.2565680112023566	21	0.11715741332761635	0.10439560439560447	12	5	0.2574380165289256	69
50	downsample_sources_to_25_all_targets	56	0.5075592760160393	0.5319444444444446	0.13585063857846544	0.611959362306146	0.25712389641291117	21	0.1438861836291871	0.12003148366784733	13	4	0.3809069718160627	70
50	downsample_sources_to_25_all_targets	56	0.49860112700821724	0.5263888888888889	0.13869740094608546	0.6092379529070635	0.2573416720558871	21	0.1220430765976769	0.11632498956442616	11	6	0.30426997245179066	71
50	downsample_sources_to_25_all_targets	56	0.4946921262270746	0.526529808219949	0.12625948818288193	0.6056799847176063	0.26005847822017286	21	0.09884431548506906	0.07622019465809471	9	2	0.2952329360780065	72
50	downsample_sources_to_25_all_targets	56	0.5150376006086976	0.5277777777777778	0.12107791526785679	0.6180249284454167	0.25534380442730675	21	0.1181113613503407	0.11355311355311348	11	4	0.27768710163076354	73
50	downsample_sources_to_25_all_targets	56	0.5044429618267532	0.521626984126984	0.10979878096551911	0.6052035908071917	0.25561613072910505	21	0.10462937321131946	0.09334415584415579	10	1	0.23892930230958404	74
50	downsample_sources_to_25_all_targets	56	0.498446435418838	0.4887896825396826	0.12724183109520057	0.6110342493845963	0.2591219554016972	21	0.11565371620703614	0.11140955004591374	11	4	0.3141774891774891	75
50	downsample_sources_to_25_all_targets	56	0.49946465637029475	0.5257936507936507	0.11345075630962223	0.6102110873630571	0.25447308827764276	21	0.09940590711580286	0.08134822923555318	8	3	0.24820936639118463	76
50	downsample_sources_to_25_all_targets	56	0.4935993796434852	0.5228912501639774	0.1323608326304823	0.6031837081316949	0.2586946572033564	21	0.11229538884788567	0.12079587079587073	11	2	0.2527018436109345	77
50	downsample_sources_to_25_all_targets	56	0.5045977277148394	0.5148809523809523	0.11184295561554868	0.6103248957988947	0.2576495456403888	21	0.0797684597140423	0.07128427128427128	7	1	0.20201200314836684	78
50	downsample_sources_to_25_all_targets	56	0.5223243999486683	0.5342893217893219	0.13906706068556998	0.6166125455420881	0.2568508511079078	21	0.11958489780650014	0.10915492957746481	12	2	0.2074786324786323	79
50	downsample_sources_to_25_all_targets	56	0.515916678006261	0.5181547619047618	0.12469219430003188	0.6155679461691127	0.2564817662492235	21	0.10770645866676597	0.10540508005296739	11	2	0.2556818181818181	80
50	downsample_sources_to_25_all_targets	56	0.4961451315373142	0.5061327561327561	0.11875401450606932	0.6081203717304564	0.2578882988710648	21	0.12721130193235555	0.11438561438561434	11	4	0.31818181818181823	81
50	downsample_sources_to_25_all_targets	56	0.5055652531547675	0.5120031483667847	0.1162575655926595	0.6114011439149676	0.25504053215494854	21	0.08950933000228774	0.07477371113734754	8	1	0.20661976911976915	82
50	downsample_sources_to_25_all_targets	56	0.5198912591978372	0.5276629935720845	0.13008502032879843	0.6213573087684183	0.2569779535991361	21	0.06584924764685145	0.055037294473914145	5	0	0.16936851027760125	83
50	downsample_sources_to_25_all_targets	56	0.50693982628173	0.5257936507936507	0.12528106963665514	0.6094220888233648	0.25753358261945775	21	0.12764956625391963	0.11612554112554113	13	4	0.35555555555555557	84
50	downsample_sources_to_25_all_targets	56	0.5010473407148914	0.5161088911088911	0.1095798211387951	0.6062022388950306	0.2618110019169606	21	0.08257394522027776	0.056082806082806136	6	2	0.22715794306703402	85
50	downsample_sources_to_25_all_targets	56	0.5192380347369944	0.5394054178145088	0.12049451578243368	0.6233728752400712	0.25510114021536306	21	0.12886906576544405	0.11545475437921021	12	4	0.3099747474747475	86
50	downsample_sources_to_25_all_targets	56	0.4875394601955673	0.5032467532467533	0.133167003790785	0.6065176586367779	0.25832606138803454	21	0.11043385680298065	0.1059917355371901	12	2	0.24819624819624808	87
50	downsample_sources_to_25_all_targets	56	0.5035129253190461	0.5248917748917749	0.12829976473184865	0.6095231659771564	0.2586663551705245	21	0.11729888931736382	0.11026844829661736	12	4	0.2604700854700856	88
50	downsample_sources_to_25_all_targets	56	0.4988070310910762	0.5301402431684121	0.14654805456283693	0.6085785279717842	0.26500350674154627	21	0.12807517496560847	0.10633116883116878	13	3	0.3666666666666667	89
50	downsample_sources_to_25_all_targets	56	0.4965699369960162	0.527958152958153	0.11344735166810321	0.5999147390678036	0.2560750664724975	21	0.0953685268826114	0.08614718614718614	8	1	0.2490079365079365	90
50	downsample_sources_to_25_all_targets	56	0.5129312650365101	0.5277777777777778	0.12331906368909241	0.6227391945563381	0.25526590831010415	21	0.10289285198741942	0.10750360750360755	12	2	0.2386546445445294	91
50	downsample_sources_to_25_all_targets	56	0.4942716402452089	0.5029761904761905	0.10815197444867505	0.6039781910289044	0.25932607999143514	21	0.09111891147285332	0.07910271546635173	7	3	0.2353479853479853	92
50	downsample_sources_to_25_all_targets	56	0.4892335034231869	0.5257936507936507	0.11092584111908423	0.6051827434864769	0.2603470157747381	21	0.10117345495523657	0.07094017094017102	9	4	0.2676212676212677	93
50	downsample_sources_to_25_all_targets	56	0.5256280623883971	0.5277777777777777	0.12334569900755939	0.6243476784613042	0.2526181730933815	21	0.09751920910691717	0.09496753246753253	9	2	0.26617826617826623	94
50	downsample_sources_to_25_all_targets	56	0.4917587955723016	0.5207595434868162	0.11404738036028898	0.6001806373274788	0.2586796945883289	21	0.11712031312589202	0.12079587079587073	14	2	0.24845171900229512	95
50	downsample_sources_to_25_all_targets	56	0.48097069203051696	0.5164696414696415	0.12702882871915297	0.5923032351318682	0.2586023933581992	21	0.10493121453200108	0.09438541256723088	10	1	0.22194067136448703	96
50	downsample_sources_to_25_all_targets	56	0.4997129157286122	0.5359733700642793	0.12428897465465862	0.606662144150816	0.26084411650403727	21	0.09633668526800042	0.08211819479425125	8	2	0.2804417804417805	97
50	downsample_sources_to_25_all_targets	56	0.49634929407370876	0.5277777777777778	0.12346610804898774	0.6009063997814004	0.25766881749350196	21	0.11916859806927488	0.12449166994621541	12	2	0.23917748917748916	98
50	downsample_sources_to_25_all_targets	56	0.500524543097595	0.5142650776453593	0.11625637629563963	0.6072479514633178	0.25831745740269435	21	0.07984582418915691	0.07638840033206229	7	1	0.21020923520923518	99
50	downsample_sources_to_25_all_targets	56	0.5081047485708405	0.5201692247146792	0.1235689338585652	0.6066905330711997	0.25675388478035444	21	0.09889134527647422	0.06015580663467984	7	5	0.2591121000211909	100
500	downsample_sources_to_25_all_targets	56	0.49213670883919647	0.5183982683982684	0.11303136840874074	0.6022047891136916	0.2648377895588005	21	0.11107821655882752	0.08894892985802078	10	5	0.2970917970917972	1
500	downsample_sources_to_25_all_targets	56	0.4715195099686709	0.47508125677139756	0.12050566950318155	0.5790524557391541	0.276534901820154	21	0.11215233171059037	0.11807210786084033	12	2	0.23056931331579222	2
500	downsample_sources_to_25_all_targets	56	0.4904043139324144	0.48354076479076485	0.13104337351471085	0.5999826640828877	0.2721734326697444	21	0.10036196291226472	0.1084776334776335	12	2	0.21622884691066513	3
500	downsample_sources_to_25_all_targets	56	0.4795538910335645	0.47388798603587334	0.1108319765341181	0.5942472076200532	0.2685318291132703	21	0.11404354254637775	0.1084776334776335	12	4	0.24549062049062048	4
500	downsample_sources_to_25_all_targets	56	0.49580697937257756	0.5129037629037629	0.1219034883375973	0.6009557771804667	0.2702089064311734	21	0.06851004461668449	0.05826446280991737	7	0	0.1727092352092352	5
500	downsample_sources_to_25_all_targets	56	0.48198128140709773	0.48049837486457203	0.11758770889461115	0.5799891181424387	0.28037063647750776	21	0.08881155554605347	0.06897797038642106	8	1	0.25206611570247933	6
500	downsample_sources_to_25_all_targets	56	0.49756453508282666	0.4989511857469604	0.12225178432345817	0.6051378265096983	0.2803827750854014	21	0.10241264191099571	0.07629870129870131	9	3	0.2745310245310245	7
500	downsample_sources_to_25_all_targets	56	0.4763636844008277	0.4809127199091988	0.12109962307322175	0.5926764583456441	0.2822076217224579	21	0.09267654399810976	0.05699855699855694	6	4	0.3091302636757182	8
500	downsample_sources_to_25_all_targets	56	0.47562646753587856	0.47388798603587334	0.10980002693690613	0.5866375096285298	0.2712660029318659	21	0.08903952825893563	0.048305860805860745	6	2	0.3547841047841049	9
500	downsample_sources_to_25_all_targets	56	0.5044645870967436	0.501919122277637	0.12643049530145697	0.6046278887529807	0.26969528665862097	21	0.09023272209434637	0.0792737192385079	7	2	0.288010111953774	10
500	downsample_sources_to_25_all_targets	56	0.48933803437558926	0.47589382448537376	0.1151296873694782	0.5970967409122981	0.2668830909248275	21	0.08837948468687448	0.06709401709401708	4	2	0.4222746950019678	11
500	downsample_sources_to_25_all_targets	56	0.5011532967939017	0.4989505444050899	0.11516616434372126	0.6004720322555333	0.26809542765340666	21	0.07264635874934029	0.053391053391053545	3	1	0.3277000777000777	12
500	downsample_sources_to_25_all_targets	56	0.4921402103957665	0.5017709563164109	0.11649526361490761	0.6058157992347345	0.2670369078480931	21	0.09103395190600239	0.07162534435261714	8	3	0.23185425685425687	13
500	downsample_sources_to_25_all_targets	56	0.5015411388044917	0.4967532467532468	0.12001823456077076	0.6123883804447177	0.2714803727125565	21	0.08769802675966933	0.06304112554112551	7	3	0.2548209366391185	14
500	downsample_sources_to_25_all_targets	56	0.513294713087504	0.5159902597402597	0.12339251976312852	0.612801356200685	0.2633243042793712	21	0.10651170779440398	0.09271978021978028	9	3	0.25379198266522207	15
500	downsample_sources_to_25_all_targets	56	0.48095813282072886	0.49585629017447197	0.12567020104657217	0.5786628907002908	0.27538373961200874	21	0.08822220855785885	0.08790174471992651	10	2	0.23141025641025648	16
500	downsample_sources_to_25_all_targets	56	0.47564380667144984	0.48212351029252437	0.14366613466678474	0.5957652066487847	0.2696271186550911	21	0.10791958356664774	0.08082449631745414	8	3	0.4188866688866689	17
500	downsample_sources_to_25_all_targets	56	0.49625255985376937	0.5	0.11510786915223747	0.5896897405001672	0.2696917321917274	21	0.07658705574381447	0.08324314574314562	8	1	0.2265789765789767	18
500	downsample_sources_to_25_all_targets	56	0.4954423498071751	0.488353196099675	0.10068823686190538	0.6007591689155632	0.27394121823551293	21	0.11122336328116467	0.1147268224733013	12	2	0.27804014167650537	19
500	downsample_sources_to_25_all_targets	56	0.5023763969692381	0.5257719393282774	0.09924755828422381	0.6114663082928162	0.27087726959120373	21	0.07971270814694999	0.0770133622246299	7	0	0.1967864881597277	20
500	downsample_sources_to_25_all_targets	56	0.47954985799696104	0.4560548997168715	0.12122530097881458	0.5852095459632348	0.2693313264241333	21	0.08160996727395116	0.07791621524015885	8	1	0.2520661157024793	21
500	downsample_sources_to_25_all_targets	56	0.4975676720300715	0.5119047619047619	0.12029182533720291	0.5985644124938719	0.2710244675825252	21	0.09830688055720069	0.10862193362193362	11	1	0.28547008547008546	22
500	downsample_sources_to_25_all_targets	56	0.4856368484738135	0.47942550407339135	0.1185984060275679	0.593492188637416	0.27062073346383375	21	0.10568018221438742	0.0939817757999577	9	4	0.25993703266430535	23
500	downsample_sources_to_25_all_targets	56	0.5021044342295714	0.5064935064935066	0.11761935485558772	0.6033121042928723	0.27119349139193544	21	0.10951432433049406	0.06857653656629326	10	5	0.3067689885871704	24
500	downsample_sources_to_25_all_targets	56	0.4953955184946245	0.5	0.10527856806047942	0.598805123159501	0.2767238191285006	21	0.09006046406357365	0.08585858585858597	7	0	0.19935897435897432	25
500	downsample_sources_to_25_all_targets	56	0.49419892982375835	0.47467948717948716	0.11702627612142566	0.5931472794191973	0.2726770099647213	21	0.08589710740113156	0.05471611721611719	7	1	0.3703266430539158	26
500	downsample_sources_to_25_all_targets	56	0.4879816643683939	0.4903122130394858	0.1105707688694438	0.5995007734345422	0.273703740757719	21	0.1110140230681661	0.09929653679653683	10	4	0.3768201495474223	27
500	downsample_sources_to_25_all_targets	56	0.49360287577517087	0.4946969696969697	0.1093550214310687	0.5988194244958419	0.27763213679553805	21	0.09004972731879626	0.08397435897435901	9	2	0.2404565131837859	28
500	downsample_sources_to_25_all_targets	56	0.4879694014334242	0.47467948717948716	0.12056713706997768	0.5917612430148101	0.28154441791585505	21	0.1152557439917967	0.08283031522468137	8	5	0.35360094451003543	29
500	downsample_sources_to_25_all_targets	56	0.4885520110326334	0.4852564102564103	0.10403143471286302	0.5921314217348493	0.27928445065113766	21	0.08131217611051159	0.06150793650793651	5	2	0.30027548209366395	30
500	downsample_sources_to_25_all_targets	56	0.494900281192752	0.4900761406043096	0.11461459827634714	0.6000358959138613	0.26735633522210456	21	0.10348125967752823	0.06985438803620625	9	3	0.2924045651318379	31
500	downsample_sources_to_25_all_targets	56	0.47045394316549655	0.46572461629279804	0.1140812396386474	0.5895774738063778	0.27574594611334025	21	0.0867357715789214	0.07629870129870131	9	1	0.21197376567094872	32
500	downsample_sources_to_25_all_targets	56	0.4895070130479748	0.507711038961039	0.1168389334660236	0.5968458653432259	0.26931817822908727	21	0.0910371384808919	0.06676635357813321	7	2	0.2650405150405152	33
500	downsample_sources_to_25_all_targets	56	0.48118761142014294	0.48280871124180985	0.10772065831191838	0.5966077050575398	0.27662429489093404	21	0.08357290375078927	0.07394688644688646	8	0	0.1867063492063492	34
500	downsample_sources_to_25_all_targets	56	0.5024638719586817	0.5063602770468967	0.10805668363672684	0.6097305383918661	0.267184669859981	21	0.0926599820485864	0.07674144037780417	7	2	0.2532502708559046	35
500	downsample_sources_to_25_all_targets	56	0.48253932373593517	0.487012987012987	0.12016623749303712	0.58789486074718	0.27508753486308785	21	0.10001623286102891	0.06310835629017447	8	3	0.2842712842712844	36
500	downsample_sources_to_25_all_targets	56	0.48865802649985024	0.4872564935064935	0.1145057355112815	0.590191054574376	0.27312949065965614	21	0.08473702545176846	0.06637685831027701	7	1	0.22373081463990563	37
500	downsample_sources_to_25_all_targets	56	0.5143090700303294	0.49444444444444446	0.12308025280118765	0.6121885889458671	0.2659458713158188	21	0.10222820735213273	0.09007936507936515	9	2	0.2297750229568411	38
500	downsample_sources_to_25_all_targets	56	0.4868705204795611	0.4818526543878656	0.11134829445101908	0.6041990261950414	0.27678308278739333	21	0.08720332477649104	0.0635904499540863	7	1	0.20287288469106646	39
500	downsample_sources_to_25_all_targets	56	0.4861692242159706	0.4913396462692237	0.1236754643646924	0.593912107975818	0.2682483747880888	21	0.08761316701914836	0.06202600216684723	7	3	0.27000777000777	40
500	downsample_sources_to_25_all_targets	56	0.4960182096765804	0.5032467532467533	0.12987067346248823	0.6027209093029676	0.27133289420652323	21	0.09898954029189991	0.06686507936507935	9	2	0.22508477438054902	41
500	downsample_sources_to_25_all_targets	56	0.48114045950010603	0.48389110889110887	0.1059458149430329	0.5913374176660112	0.27397199326887794	21	0.06705473687136393	0.06738417365818139	4	1	0.20160385389258634	42
500	downsample_sources_to_25_all_targets	56	0.4807871420556051	0.47942550407339135	0.10911479996132466	0.5881041120084466	0.2746472838715391	21	0.07653926405755562	0.06349206349206338	4	2	0.2745310245310245	43
500	downsample_sources_to_25_all_targets	56	0.4727048000649839	0.49375	0.12286930330583083	0.5801387832558095	0.27374045246605405	21	0.0834557189756568	0.06632256632256639	8	1	0.29889807162534426	44
500	downsample_sources_to_25_all_targets	56	0.4934664639518765	0.4852699530516432	0.11671760271849965	0.6053962061535577	0.26909130754415383	21	0.09025549806371097	0.06513183785911059	8	3	0.2803932178932178	45
500	downsample_sources_to_25_all_targets	56	0.4757060087431521	0.47536735564904575	0.11688650394206083	0.5869698352363703	0.28060205098688284	21	0.09533634168946044	0.06287878787878787	8	2	0.3035020535020536	46
500	downsample_sources_to_25_all_targets	56	0.4721224825212387	0.4741588419405321	0.12417033369944991	0.580579366871839	0.2764543317504944	21	0.09423405580118585	0.0674603174603175	10	1	0.2342032967032966	47
500	downsample_sources_to_25_all_targets	56	0.492136748145814	0.477531857813548	0.12164468602684887	0.593610448929793	0.2739991394178151	21	0.10403919529582602	0.07287157287157298	8	4	0.34837384837384855	48
500	downsample_sources_to_25_all_targets	56	0.4860688033271832	0.48376623376623373	0.11805266848964088	0.6019650243442233	0.26721246467755544	21	0.11545713895951686	0.10087891906073732	11	2	0.42502951593860683	49
500	downsample_sources_to_25_all_targets	56	0.4949780641664902	0.47617875082663813	0.12194398721013851	0.6012911672523106	0.2731753622874216	21	0.10969602618587437	0.10029843893480256	11	3	0.29240456513183793	50
500	downsample_sources_to_25_all_targets	56	0.4795983524330881	0.48124098124098125	0.11838937933793586	0.6017848538164131	0.26889006438412916	21	0.10858068622839062	0.07756410256410262	8	4	0.2854853479853479	51
500	downsample_sources_to_25_all_targets	56	0.49182242914723023	0.5148268398268399	0.12680020014110807	0.6021354524585817	0.2731610750054682	21	0.0929694292050246	0.08170995670995673	8	2	0.25938644688644685	52
500	downsample_sources_to_25_all_targets	56	0.48552307174209036	0.4937703141928494	0.11975410890679568	0.5918165524356888	0.27480217567179255	21	0.12618887084773311	0.125	14	4	0.30991230991231	53
500	downsample_sources_to_25_all_targets	56	0.4920981896548363	0.49347914409534127	0.10922042508528154	0.5967558385952286	0.2731186667645796	21	0.07753818866403465	0.047654223710561716	4	1	0.3483738483738485	54
500	downsample_sources_to_25_all_targets	56	0.4861971047899116	0.49343006545311285	0.1147993952484545	0.6033983889099336	0.2819613350090477	21	0.08075039607872972	0.06313131313131315	8	0	0.1782762691853601	55
500	downsample_sources_to_25_all_targets	56	0.48708558021252374	0.49375	0.10214401590406985	0.5945866359183833	0.2763504510504995	21	0.08236686285890603	0.06924061853639318	8	2	0.2316017316017316	56
500	downsample_sources_to_25_all_targets	56	0.5017617839157875	0.5133805588351044	0.11131482745925159	0.6052712465267235	0.2678508067480275	21	0.123035149141789	0.1114718614718615	11	4	0.36521054702872885	57
500	downsample_sources_to_25_all_targets	56	0.49428853038436676	0.5002708559046587	0.12356090848947177	0.6028283158642094	0.2641155960044038	21	0.09033561986049639	0.06712712170458646	7	1	0.2821723730814641	58
500	downsample_sources_to_25_all_targets	56	0.4895340907707722	0.4769366197183099	0.0962611623797256	0.5939945639691878	0.27798683747853714	21	0.10284269873166892	0.097353404171586	10	1	0.26643053915781195	59
500	downsample_sources_to_25_all_targets	56	0.494496118338605	0.5165116573567277	0.11699710056269233	0.5963016289578026	0.27541456331107	21	0.11707646094192645	0.09299386059949438	10	2	0.4950806768988587	60
500	downsample_sources_to_25_all_targets	56	0.4949694949432008	0.4948537378114843	0.11602217573308088	0.6011427338308669	0.2725622349440991	21	0.07300972041460427	0.03188478188478194	5	2	0.3227328227328229	61
500	downsample_sources_to_25_all_targets	56	0.4863290782013344	0.492732033224991	0.1123068151847055	0.5902936807143444	0.27399445331696376	21	0.09841867208796055	0.07873376623376627	10	3	0.27292404565131834	62
500	downsample_sources_to_25_all_targets	56	0.4825692664955515	0.4769366197183099	0.12803905731231488	0.5893134993770809	0.2755652094577257	21	0.10807094913094548	0.0990488384854582	10	2	0.29564879564879565	63
500	downsample_sources_to_25_all_targets	56	0.48830605506113095	0.47392758756395126	0.10435714774092841	0.5959269913234364	0.2735617147560393	21	0.09256041044499067	0.09940476190476194	10	1	0.23534041715859894	64
500	downsample_sources_to_25_all_targets	56	0.49797033675960645	0.5184076486893388	0.12444033671203757	0.6046853588089185	0.2658605893302147	21	0.11970804830462776	0.10263347763347763	11	4	0.3175366300366301	65
500	downsample_sources_to_25_all_targets	56	0.4889360138114025	0.49851190476190477	0.11457559378121641	0.5898231858757168	0.28035480152753467	21	0.0777456173720121	0.06955922865013764	6	1	0.2057692307692307	66
500	downsample_sources_to_25_all_targets	56	0.48157229773432675	0.4942279942279943	0.09731304668700645	0.5921069226127285	0.2735390447427188	21	0.09159245805715535	0.08899711399711396	10	1	0.2281090121999213	67
500	downsample_sources_to_25_all_targets	56	0.4799643551604179	0.4803742325749368	0.12045467830145584	0.5943942395658024	0.27808162085746546	21	0.08865834395603922	0.05280478519915138	5	2	0.3519037780401417	68
500	downsample_sources_to_25_all_targets	56	0.48609707988594947	0.48378427128427126	0.13097684350624475	0.6049469084617394	0.2746309300442987	21	0.08833830945592422	0.05669916937522573	7	2	0.36088154269972456	69
500	downsample_sources_to_25_all_targets	56	0.47519722893156674	0.4831866197183099	0.12247143521503612	0.5908292926813407	0.2765147259237915	21	0.11638005385261649	0.11875245966155051	12	2	0.3471074380165289	70
500	downsample_sources_to_25_all_targets	56	0.4672523857080058	0.4722663699936427	0.1298192083387685	0.5814270349103653	0.28074336037413306	21	0.10119107294889261	0.0939817757999577	9	2	0.27292404565131845	71
500	downsample_sources_to_25_all_targets	56	0.48649091788467824	0.4954059829059829	0.12519273702318684	0.5999546876260082	0.27730301540813584	21	0.08106618804442108	0.05485045257772536	5	2	0.27786102786102784	72
500	downsample_sources_to_25_all_targets	56	0.4842093766661057	0.4981421356421356	0.10702773743924322	0.6073762872928663	0.2728298982147328	21	0.07552800717699203	0.039393939393939315	6	1	0.31326249508067694	73
500	downsample_sources_to_25_all_targets	56	0.49654766308752724	0.48618986647155665	0.1199670165935387	0.6051177104106752	0.2683221567493734	21	0.10566282842211137	0.06493506493506485	7	6	0.2929948839039748	74
500	downsample_sources_to_25_all_targets	56	0.4991552290945239	0.5097402597402597	0.1259430323564954	0.6039117382935787	0.27403544098082133	21	0.10377268674323731	0.08677685950413228	10	2	0.3055202373384192	75
500	downsample_sources_to_25_all_targets	56	0.48837624300658194	0.49242424242424243	0.1187595184338199	0.5928505624770385	0.27702323524511835	21	0.09280592958112623	0.06935552710200599	8	3	0.24141767323585517	76
500	downsample_sources_to_25_all_targets	56	0.47757466471855076	0.5064946790298903	0.1294809543597467	0.5945068854453402	0.27283621083493065	21	0.08093323806923584	0.06495617058997338	6	2	0.30610264148996547	77
500	downsample_sources_to_25_all_targets	56	0.49350598464600665	0.49273203322499093	0.12370119219174658	0.5920385238794038	0.27416520057097865	21	0.10604930115173392	0.10663514888866993	12	1	0.22471467926013378	78
500	downsample_sources_to_25_all_targets	56	0.4966993730843877	0.5048721818088016	0.1247625663652018	0.6009221797020752	0.27983369368997657	21	0.0885090208553717	0.06632256632256639	8	1	0.2988980716253444	79
500	downsample_sources_to_25_all_targets	56	0.48517624115844116	0.4917355371900826	0.11207619166351607	0.6025855826113901	0.2739378107993025	21	0.07393570496734937	0.08069329660238744	7	0	0.18063754427390788	80
500	downsample_sources_to_25_all_targets	56	0.49286164706556373	0.4855092091007584	0.12101781402292006	0.5998417037235978	0.27397176646954896	21	0.09203741421136702	0.08718980549966471	7	0	0.19913419913419916	81
500	downsample_sources_to_25_all_targets	56	0.5051851111170093	0.49722222222222223	0.13121195627607338	0.6161968024445584	0.267248540036645	21	0.10633620718447864	0.09123704578250036	9	2	0.24576181394363206	82
500	downsample_sources_to_25_all_targets	56	0.475323481659795	0.49069865971274423	0.13572558356305772	0.5931031389614841	0.277310014191102	21	0.11171382349130658	0.10155122655122661	11	3	0.3533303817394727	83
500	downsample_sources_to_25_all_targets	56	0.4920984239400418	0.5059163059163059	0.10839452001860332	0.5850560346779972	0.268977169201631	21	0.09626704768921704	0.06264187690244027	7	3	0.3227328227328229	84
500	downsample_sources_to_25_all_targets	56	0.47937684536796255	0.48077890419439717	0.10962629765153756	0.5886274274471651	0.2731183435459612	21	0.09172732613605124	0.07901253675901576	7	2	0.2417027417027418	85
500	downsample_sources_to_25_all_targets	56	0.5053749429809768	0.5111832611832612	0.10804053387286441	0.610811800079614	0.2681053565549449	21	0.08245896686083262	0.0733015028789677	8	0	0.1826905417814509	86
500	downsample_sources_to_25_all_targets	56	0.4882204531160768	0.5	0.11084675162025318	0.5971547197153628	0.2758639487836116	21	0.08674717885208098	0.06766472963656056	9	1	0.2081043956043956	87
500	downsample_sources_to_25_all_targets	56	0.5062394418111105	0.4965335169880625	0.13077163071967832	0.6063261929293485	0.2691244080676458	21	0.09824690472897901	0.08872113801691267	8	4	0.261314443132625	88
500	downsample_sources_to_25_all_targets	56	0.49168901411247534	0.474512987012987	0.1185186134549503	0.6001956939028771	0.27418538333096987	21	0.08656067712680116	0.08432647165041524	7	1	0.23939948939948952	89
500	downsample_sources_to_25_all_targets	56	0.4872460747466464	0.5062229437229437	0.12561112253412415	0.5929687705987894	0.2694699480254724	21	0.08654473376212904	0.07162534435261703	6	1	0.27145077145077157	90
500	downsample_sources_to_25_all_targets	56	0.48238222841524475	0.48709819132354343	0.12283875837175279	0.5917624244587225	0.27687471517961465	21	0.09155512512472454	0.061757491334956116	7	3	0.23185425685425687	91
500	downsample_sources_to_25_all_targets	56	0.4902351514167295	0.4972926134897966	0.11086054948383331	0.5963832909327405	0.27365035137937227	21	0.0707550212694716	0.045329670329670335	6	1	0.32925685425685414	92
500	downsample_sources_to_25_all_targets	56	0.4786990018624141	0.47370293847566575	0.12014261385627092	0.5916839154558653	0.2770847703354114	21	0.1132184141421383	0.10425685425685416	11	2	0.31326249508067694	93
500	downsample_sources_to_25_all_targets	56	0.5050761751586015	0.5064102564102564	0.12621435784191473	0.614864585641165	0.2661936338496205	21	0.11188609201230383	0.10407647907647899	11	3	0.2793040293040293	94
500	downsample_sources_to_25_all_targets	56	0.4951634156788378	0.5103963524738173	0.10702400942170626	0.6017733727825811	0.26631687307073626	21	0.07510338547699075	0.034722222222222265	7	2	0.20990751672569857	95
500	downsample_sources_to_25_all_targets	56	0.48725103014046905	0.4967532467532467	0.11390871664027098	0.5966195485285368	0.277128514438746	21	0.08690703354595801	0.06978233034571063	8	2	0.3035020535020536	96
500	downsample_sources_to_25_all_targets	56	0.4899006384293105	0.5	0.11709465328371756	0.6038647116194495	0.27611735833158996	21	0.07152078659303832	0.06062951133373662	5	0	0.16016612495485738	97
500	downsample_sources_to_25_all_targets	56	0.4900614517309002	0.4852092352092352	0.10544734035921328	0.6036428835861568	0.2714217165672516	21	0.09017752101024465	0.07287157287157298	6	3	0.2629107981220658	98
500	downsample_sources_to_25_all_targets	56	0.47472170689628845	0.47688696280245574	0.12935157422524618	0.5864369566407844	0.27535283591247434	21	0.07994312212119052	0.06140729380165999	6	2	0.24183392365210543	99
500	downsample_sources_to_25_all_targets	56	0.48341830339040875	0.472718253968254	0.11535653806055877	0.5941367410655666	0.27398181303408525	21	0.10585317109233332	0.10035419126328216	11	1	0.336996336996337	100
