permutation_index	lodo_roc_auc	losfo_roc_auc
1	0.5557729941291585	0.5659364939082129
2	0.5917240073227701	0.5850325105738274
3	0.4776529259516445	0.4686257180733539
4	0.4762325610756897	0.45492708793636766
5	0.47067735622751083	0.5064074237737517
6	0.5483239694463734	0.4916987563916419
7	0.4242156429518339	0.4216905498390253
8	0.48522820529007005	0.5025566567767187
9	0.5379079603560382	0.557698377627675
10	0.4794836184584307	0.42131178587210405
11	0.4306861940534057	0.4034151884350735
12	0.5128148475475033	0.4928034846284957
13	0.5037245123413926	0.4577678176882773
14	0.41269490562464495	0.46559560633798375
15	0.5830439997474907	0.5997727416198473
16	0.49611766933905693	0.4832396944637334
17	0.44514235212423453	0.4629442585695348
18	0.42014393030743	0.4139258885171391
19	0.463607095511647	0.47231866675083645
20	0.484912568650969	0.4886055173284515
21	0.4872798434442271	0.5010731645729436
22	0.5252509311280854	0.534625339309387
23	0.4735180859794205	0.4956442143804053
24	0.5571617953412031	0.5498390253140585
25	0.52367274793258	0.5101003724512341
26	0.4832396944637334	0.4963386149864276
27	0.5372451234139259	0.47604317909222904
28	0.5439366201628686	0.4887948993119121
29	0.4869957704690361	0.4811880563095764
30	0.530458935673253	0.5486080424215642
31	0.47563285146139767	0.49668581528943884
32	0.5061549144624709	0.4715295751530838
33	0.4737074679628811	0.47443343223281353
34	0.4434379142730888	0.457104980746165
35	0.4363045262294048	0.4542011236664352
36	0.4068871914651853	0.41395745218104923
37	0.4977589798623824	0.5392967615680828
38	0.47992550975317216	0.49895839909096656
39	0.42292153273151956	0.43122277633987754
40	0.5324158828356796	0.48516507796224984
41	0.44324853228962824	0.47815794457420613
42	0.4922037750142037	0.5136670664730763
43	0.496149233002967	0.494665740799192
44	0.5320055552048483	0.5125307745723123
45	0.49816930749321386	0.5148980493655704
46	0.49529701407739407	0.495549523388675
47	0.49756959787892185	0.5117416829745597
48	0.45868316394167036	0.45514803358373834
49	0.4659112429770848	0.4904046461713275
50	0.44804620920396443	0.41752414620289124
51	0.4707404835553311	0.46048229278454644
52	0.39445110788460325	0.3802474591250552
53	0.4346000883782589	0.4119373776908024
54	0.46490120573196136	0.44665740799191966
55	0.4575153083769964	0.4768638343538918
56	0.43292721419102337	0.4701723376049492
57	0.5505334259200809	0.5310902089514551
58	0.46534309702670285	0.4629758222334449
59	0.4924247206615744	0.4788839088441387
60	0.4433116596174484	0.4628180039138944
61	0.5478189508238116	0.5234833659491195
62	0.41531468972918384	0.4799886370809924
63	0.514203648759548	0.4923615933337541
64	0.5113944826715485	0.5456094943501042
65	0.34555899248784794	0.39154725080487346
66	0.5799507606843002	0.522189255728805
67	0.4753803421501168	0.448235591187425
68	0.5245880941859731	0.5373398144056563
69	0.43043368474212484	0.46004040148980496
70	0.5256612587589167	0.5139827031121773
71	0.44788839088441385	0.43428445173915786
72	0.48194558424341905	0.47607474275613915
73	0.3945457988763336	0.43564168928729247
74	0.42819266460450733	0.4031626791237927
75	0.5042295309639543	0.4849756959787892
76	0.44170191275803294	0.46212360330787194
77	0.4150621804179029	0.462123603307872
78	0.4445426425099425	0.4570418534183448
79	0.5570039770216527	0.5291963891168487
80	0.4688466637207247	0.4506975569724134
81	0.5148664857016603	0.5121835742693012
82	0.5116785556467395	0.5553942301622372
83	0.361530206426362	0.41064326747048796
84	0.511236664351998	0.4495297014077394
85	0.49116217410517016	0.5280285335521747
86	0.5539107379584622	0.5400227258380152
87	0.5290385707972982	0.5788775961113566
88	0.4198282936683291	0.4273720093428445
89	0.5009153462533931	0.5031248027271006
90	0.44040780253771855	0.40821286534940976
91	0.4581150179912884	0.48686951581339566
92	0.5262294047092987	0.49652799696988825
93	0.40761315573511775	0.44605769837762776
94	0.5094690991730321	0.4827346758411716
95	0.48491256865096904	0.46692128022220825
96	0.4283504829240578	0.44447951518212236
97	0.46802600845906195	0.49128842876081064
98	0.39385139827031124	0.39703932832523203
99	0.514203648759548	0.5361719588409822
100	0.5327630831386907	0.5051133135534372
101	0.5249668581528943	0.5324158828356795
102	0.5037560760053027	0.5081749889527176
103	0.48671169749384513	0.499400290385708
104	0.4225427687645982	0.4738652862824317
105	0.48226122088252005	0.47291837636512846
106	0.46114512972665866	0.43267470487974247
107	0.5570671043494728	0.49030995517959725
108	0.415093744081813	0.4500662836942112
109	0.5457041853418345	0.49854807146013513
110	0.48784798939460894	0.4812511836373966
111	0.4487406098099868	0.4645224417650401
112	0.47875765418849825	0.5047345495865161
113	0.5311848999431854	0.5059339688151001
114	0.583454327378322	0.5561517580960798
115	0.439934347579067	0.4296761568082823
116	0.5261031500536583	0.50299854807146
117	0.5398964711823749	0.5373713780695664
118	0.48361845843065465	0.520390126885929
119	0.4528123224543905	0.41610378132693643
120	0.4475096269174925	0.44255413168360586
121	0.51183637396629	0.5151821223407613
122	0.462123603307872	0.45240199482355903
123	0.5772678492519412	0.5675146771037182
124	0.4414494034467521	0.44012372956252754
125	0.5399911621741051	0.510636954737706
126	0.520390126885929	0.554131683605833
127	0.475127832838836	0.48573322391263174
128	0.47405466826589227	0.49589672369168614
129	0.5251878038002652	0.5477873871599016
130	0.5219051827536141	0.48103023799002587
131	0.5176125244618396	0.529859226058961
132	0.5173915788144688	0.5578246322833155
133	0.5386970519537908	0.5673252951202575
134	0.4841234770532164	0.4832081307998232
135	0.5286913704942869	0.5172653241588284
136	0.5200113629190076	0.4988005807714159
137	0.48589104223218227	0.474843759863645
138	0.5166656145445363	0.5250931128085349
139	0.5062496054542012	0.5181175430844013
140	0.4795467457862509	0.49501294110220323
141	0.47667445237043116	0.5064705511015719
142	0.5273341329461524	0.5075437156745155
143	0.4668897165582981	0.4969698882646298
144	0.4771794709929929	0.44539486143551543
145	0.5409380720914084	0.49801148917366334
146	0.46247080361088316	0.43532605264819146
147	0.4527176314626602	0.4608610567514677
148	0.4319487406098099	0.46004040148980496
149	0.5675146771037182	0.5334259200808029
150	0.47673757969825137	0.43450539738652866
151	0.4735496496433306	0.434600088378259
152	0.49728552490373085	0.4555583612145698
153	0.5004734549586516	0.512436083580582
154	0.441417839782842	0.46133451171011935
155	0.5453885487027333	0.5146771037181996
156	0.4533173410769522	0.43816678240010104
157	0.4084338109967805	0.43898743766176374
158	0.45454832396944633	0.4998737453443596
159	0.4814090019569472	0.4571681080739852
160	0.5181491067483114	0.546745786250868
161	0.4712770658418029	0.41386276118931886
162	0.4714033204974434	0.45678934410706395
163	0.47923110914714984	0.5153399406603119
164	0.5533741556719904	0.5046082949308757
165	0.45751530837699644	0.45527428823937877
166	0.5486711697493845	0.5251246764724449
167	0.49494981377438296	0.4686572817372641
168	0.4607979294236475	0.45568461587021025
169	0.5211792184836815	0.47661132504261094
170	0.5076068430023357	0.5205795088693896
171	0.48797424405024936	0.513603939145256
172	0.6053595101319361	0.5895461145129727
173	0.5176125244618395	0.5257559497506471
174	0.43160154030679876	0.442585695347516
175	0.5680828230541002	0.5359194495297014
176	0.42462597058266527	0.45723123540180544
177	0.45126570292279533	0.42456284325484506
178	0.5379710876838584	0.4690991730320056
179	0.4451739157881447	0.44545798876333564
180	0.39779685625907457	0.417745091850262
181	0.4440376238873809	0.4197651663405088
182	0.4955179597247649	0.4858594785682722
183	0.5349409759484881	0.5290385707972982
184	0.5274288239378827	0.5463354586200366
185	0.5043242219556846	0.47973612776971153
186	0.4908781011299792	0.4513919575784357
187	0.4688782273846348	0.43412663341960733
188	0.4958020326999558	0.5354459945710498
189	0.5181175430844013	0.4735812133072408
190	0.480777728678745	0.4754750331418471
191	0.5164762325610758	0.4818193295877785
192	0.4102645035035667	0.43624139890158453
193	0.46704753487784867	0.47339183132378004
194	0.4066978094817246	0.4364939082128654
195	0.4641436777981189	0.48724827978031693
196	0.45476926961681713	0.43576794394293294
197	0.5158449592828735	0.4839025314058456
198	0.48052521936746423	0.4535698503882331
199	0.5138248847926267	0.4882898806893504
200	0.5735749005744587	0.5006944006060223
201	0.49122530143299037	0.48838457168108074
202	0.5537213559750016	0.5683984596932012
203	0.3983650022094565	0.4070450097847359
204	0.46379647749510766	0.502682911432359
205	0.46518527870715237	0.44918250110472824
206	0.46796288113124174	0.44668897165582977
207	0.5925130989205227	0.5419165456726217
208	0.5174231424783788	0.5108894640489868
209	0.4407550028407297	0.42323716937062056
210	0.4673631715169497	0.44555267975506596
211	0.5297329714033205	0.48611198787955306
212	0.48948929991793455	0.48535445994571047
213	0.42453127959093495	0.45177072154535697
214	0.45603181617322136	0.438450855375292
215	0.5048292405782463	0.5030301117353703
216	0.5006628369421122	0.5026513477684489
217	0.4912568650969005	0.48519664162616
218	0.4050880626223092	0.3877280474717505
219	0.497632725206742	0.4669528438861183
220	0.4735812133072407	0.4896786819013951
221	0.451770721545357	0.4635439681838268
222	0.551196262862193	0.5537213559750016
223	0.5667887128337857	0.5570986680133829
224	0.5256296950950066	0.518022852092671
225	0.4254781895082381	0.4306546303894956
226	0.433432232813585	0.44170191275803294
227	0.5037876396692128	0.48800580771415947
228	0.4209330219051828	0.42992866611956315
229	0.45309639542958147	0.4637017865033773
230	0.45442206931380597	0.4988637080992362
231	0.5200113629190076	0.5147402310460198
232	0.48772173473896857	0.5231677293100183
233	0.5258506407423774	0.5300170443785115
234	0.47711634366517264	0.5066914967489425
235	0.544662584432801	0.5059024051511899
236	0.5496180796666876	0.5127832838835933
237	0.47130862950571306	0.5243355848746922
238	0.5304273720093429	0.5485133514298339
239	0.4311912126759675	0.4492771920964586
240	0.42213244113376686	0.4613345117101193
241	0.4297392841361025	0.4780316899185658
242	0.5116469919828294	0.5254087494476358
243	0.46193422132441136	0.47493845085537534
244	0.5306167539928035	0.4886055173284516
245	0.41218988700208326	0.4421122403888643
246	0.41370494286976833	0.4055615175809608
247	0.44488984281295374	0.446152389369358
248	0.37257748879489927	0.4475096269174926
249	0.4666056435831072	0.49403446752098984
250	0.5704500978473581	0.577804431538413
251	0.4376933274414494	0.47907329082759925
252	0.43478947036171955	0.4532857774130421
253	0.4948235591187425	0.43841929171138183
254	0.45950381920333316	0.46284956757780443
255	0.4369989268354271	0.4324537592323717
256	0.4543905056498958	0.4732340130042295
257	0.4952338867495739	0.5103213180986048
258	0.5086800075752793	0.5180544157565811
259	0.5549207752035856	0.5122782652610315
260	0.5908717883971972	0.5657471119247522
261	0.5415377817057003	0.4866170065021148
262	0.4924247206615744	0.49239315699766434
263	0.4457736254024367	0.42497317088567643
264	0.46408055047029856	0.5045767312669656
265	0.4173347642194306	0.3927466700334575
266	0.4613345117101193	0.48592260589609243
267	0.5116785556467395	0.5003156366391011
268	0.4580518906634682	0.4988005807714159
269	0.48901584495928285	0.5354144309071397
270	0.5387917429455211	0.5244618395303327
271	0.4944132314879111	0.5181175430844013
272	0.4633861498642763	0.4576099993687267
273	0.45836752730256924	0.4731077583485891
274	0.5139195757843571	0.512720156555773
275	0.4490878101129979	0.4646486964206805
276	0.4795151821223408	0.481345874629127
277	0.4516760305536267	0.4607032384319172
278	0.4861119878795531	0.4931191212675967
279	0.4383877280474717	0.43011804810302384
280	0.5383498516507796	0.5573196136607538
281	0.4875323527555078	0.4762009974117795
282	0.5164131052332555	0.4951391957578436
283	0.5383498516507796	0.4807461650148349
284	0.4909412284577994	0.5066599330850324
285	0.492014393030743	0.5052711318729878
286	0.4483302821791554	0.4766428887065211
287	0.39978536708541124	0.4142099614923301
288	0.5163815415693453	0.4850703869705196
289	0.5216526734423332	0.5120257559497507
290	0.4812827473013067	0.4711192475222524
291	0.4303074300864844	0.43807209140837067
292	0.510668518401616	0.5196957262799066
293	0.4086863203080614	0.4122845779938136
294	0.48355533110283444	0.46367022283946724
295	0.50590240515119	0.4989899627548766
296	0.501451928539865	0.48039896471182375
297	0.4656271700018938	0.4544851966416261
298	0.5003156366391011	0.5050186225617069
299	0.4306230667255855	0.4271195000315636
300	0.4840919133893063	0.5096584811564927
301	0.4719714664478253	0.44810933653178464
302	0.4533173410769522	0.46556404267407364
303	0.5463670222839467	0.5191591439934348
304	0.5875260400227259	0.5999621236033079
305	0.49116217410517016	0.5244934031942428
306	0.4623761126191528	0.43649390821286527
307	0.506186478126381	0.48971024556530524
308	0.4651852787071523	0.5021778928097974
309	0.4066978094817247	0.4388611830061233
310	0.48989962754876587	0.5436209835237675
311	0.4601982198093555	0.4304968120699451
312	0.4723817940786567	0.4777476169433748
313	0.5254087494476358	0.5582033962502367
314	0.44204911306104416	0.4445426425099426
315	0.5167918692001768	0.5215264187866928
316	0.4613660753740294	0.4645855690928603
317	0.4582097089830187	0.4817877659238684
318	0.518938198346064	0.49517075942175365
319	0.4074869010794774	0.465974370304905
320	0.5569408496938325	0.5792563600782779
321	0.45297014077394104	0.4743387412410833
322	0.46155545735749004	0.49046777349914783
323	0.4243103339435642	0.42437346127138437
324	0.4903730825074175	0.4703617195884098
325	0.5000946909917303	0.4780001262546556
326	0.5286598068303768	0.5281863518717252
327	0.4970961429202702	0.5486080424215644
328	0.4422384950445048	0.4423331860362351
329	0.5175178334701092	0.5221576920648949
330	0.4854491509374408	0.4547692696168171
331	0.5267344233318603	0.5429581465816551
332	0.4868063884855754	0.520106053910738
333	0.5132567388422448	0.5310270816236349
334	0.4548323969446374	0.47493845085537534
335	0.49753803421501175	0.5468404772425983
336	0.466574079919197	0.44795151821223406
337	0.48466005933968814	0.4894261725901143
338	0.5486080424215642	0.5191591439934348
339	0.47370746796288116	0.5025566567767187
340	0.4912884287608105	0.5075121520106054
341	0.49867432611577556	0.4958335963638659
342	0.4986111987879553	0.4887002083201818
343	0.45773625402436713	0.4821665298907898
344	0.42399469730446304	0.4525913768070197
345	0.47579066978094814	0.4548955242724575
346	0.5678934410706395	0.555331102834417
347	0.4982955621488543	0.4851019506344296
348	0.4592513098920523	0.46449087810113
349	0.5082381162805378	0.4694463733350167
350	0.5353828672432296	0.5382235969951392
351	0.5226311470235465	0.47960987311407116
352	0.4881320623697999	0.4901837005239569
353	0.5445047661132504	0.527807587904804
354	0.5274919512657029	0.5236411842686699
355	0.44230162237232507	0.48162994760431793
356	0.5004418912947415	0.4979167981819329
357	0.4655956063379837	0.48418660438103656
358	0.5415377817057003	0.5589924878479894
359	0.5017360015150559	0.4710245565305221
360	0.45685247143488417	0.49668581528943884
361	0.46152389369357993	0.4761378700839593
362	0.5651789659743703	0.5450729120636324
363	0.4716242661448141	0.4682469541064327
364	0.4886686446562717	0.47336026765986994
365	0.5188119436904236	0.5216842371062432
366	0.5349409759484881	0.5441575658102392
367	0.5123729562527619	0.5329840287860614
368	0.5102266271068745	0.4972539612398207
369	0.48604886055173285	0.4586200366138501
370	0.4537276687077836	0.4692885550154662
371	0.4499715927024809	0.464806514740231
372	0.4490246827851777	0.4734549586516003
373	0.4880373713780696	0.5093112808534814
374	0.5298907897228711	0.5380657786755887
375	0.4386718010226627	0.47579066978094825
376	0.47348652231551036	0.4691307366959157
377	0.45300170443785115	0.45688403509879427
378	0.47620099741177957	0.48841613534499084
379	0.5033457483744713	0.487847989394609
380	0.4296130294804621	0.4719714664478253
381	0.4721292847673758	0.519537907960356
382	0.5595606337983713	0.5243040212107822
383	0.476611325042611	0.44539486143551554
384	0.48292405782463227	0.4892367906066536
385	0.47616943374786946	0.46357553184773687
386	0.5149296130294805	0.4828924941607222
387	0.49163562906382174	0.4570418534183448
388	0.44823559118742506	0.4480777728678745
389	0.4124423963133641	0.4180607284893631
390	0.41171643204343167	0.4178397828419923
391	0.50590240515119	0.5030301117353702
392	0.5286282431664667	0.533110283441702
393	0.5161921595858847	0.4764535067230604
394	0.43523136165646104	0.4708667382109716
395	0.47620099741177957	0.46051385644845655
396	0.451171011931065	0.4854807146013509
397	0.5142667760873683	0.5164446688971656
398	0.465658733665804	0.4770532163373525
399	0.45978789217852406	0.4601350924815353
400	0.49166719272773185	0.47825263556593656
401	0.4757906697809482	0.4805567830313742
402	0.5362350861688024	0.5356669402184205
403	0.515971213938514	0.5303642446815227
404	0.4629758222334448	0.4118426866990721
405	0.4971908339120005	0.5176125244618395
406	0.5167603055362666	0.4977589798623824
407	0.46537466069061295	0.43614670790985416
408	0.5106053910737959	0.5329524651221513
409	0.4512341392588851	0.47661132504261094
410	0.4599457104980746	0.49558108705258513
411	0.46569029732971406	0.4676472444921406
412	0.5280285335521747	0.5142667760873681
413	0.4334953601414052	0.47118237485007264
414	0.5166656145445363	0.5075437156745155
415	0.4173347642194306	0.4399659112429771
416	0.42838204658796797	0.4340950697556972
417	0.40202638722302886	0.43519979799255093
418	0.4249100435578562	0.4490246827851777
419	0.5443153841297899	0.5820339625023674
420	0.5065336784293921	0.4977905435262926
421	0.5627801275172022	0.5295120257559498
422	0.5062496054542012	0.5065336784293921
423	0.4900258822044063	0.4678366264756013
424	0.44773057256486337	0.4883214443532606
425	0.42159585884729495	0.44274351366706655
426	0.5098794268038633	0.476611325042611
427	0.5625276182059213	0.5528691370494287
428	0.5725017360015151	0.5314058455905561
429	0.4781895082381163	0.47228710308692634
430	0.4640805504702986	0.4563474528123224
431	0.5057445868316395	0.47730572564863327
432	0.5417587273530712	0.5324790101634997
433	0.5270816236348715	0.48200871157123915
434	0.4270248090398333	0.4589041095890411
435	0.5646423836878985	0.5545104475727543
436	0.43737769080234834	0.4492771920964586
437	0.4507606843002336	0.47408623192980237
438	0.49356101256233825	0.4622182942996023
439	0.3898743766176378	0.37084148727984345
440	0.472192412095196	0.466574079919197
441	0.5278391515687141	0.5432422195568462
442	0.49810618016539354	0.4912884287608106
443	0.5349725396123981	0.4692885550154662
444	0.4634492771920965	0.434600088378259
445	0.4584622182942997	0.40578246322833156
446	0.4313174673316079	0.37788018433179726
447	0.5270816236348715	0.5148033583738401
448	0.494697304463102	0.5005681459503819
449	0.47358121330724073	0.43340066914967496
450	0.539928034846285	0.5391073795846222
451	0.4587778549334007	0.4290448835300802
452	0.5574143046524841	0.5358878858657913
453	0.5007259642699324	0.48219809355469984
454	0.5153083769964018	0.5109841550407171
455	0.4667634619026577	0.45022410201376184
456	0.4536645413799634	0.4531910864213118
457	0.5049870588977968	0.46685815289438803
458	0.543778801843318	0.5078909159775267
459	0.5398333438545546	0.5833280727226817
460	0.4619657849883215	0.48705889779685624
461	0.5720598447067736	0.5614228899690676
462	0.44091282116028024	0.4239946973044631
463	0.5501546619531595	0.5079224796414368
464	0.48096711066220565	0.4720977211034657
465	0.38813837510258187	0.39931191212675965
466	0.5788460324474465	0.5730383182879868
467	0.5177072154535699	0.5102897544346948
468	0.5345622119815668	0.5449782210719021
469	0.492614102645035	0.5038823306609432
470	0.5075437156745155	0.5261978410453886
471	0.45997727416198475	0.47099299286661195
472	0.45069755697241337	0.5080171706331671
473	0.5320686825326684	0.498516507796225
474	0.5408118174357679	0.5611703806577868
475	0.4934347579066978	0.5182437977400416
476	0.5755002840729752	0.5804242156429518
477	0.46474338741241084	0.4588409822612209
478	0.5108579003850768	0.4748753235275551
479	0.49286661195631587	0.5195694716242663
480	0.4332744144940345	0.459756328514614
481	0.4978536708541127	0.4778423079351051
482	0.44113376680765104	0.4746543778801843
483	0.4763903793952402	0.4716242661448141
484	0.4501294110220314	0.4660059339688152
485	0.5583612145697873	0.4945079224796414
486	0.47345495865160026	0.5097847358121331
487	0.48948929991793444	0.4728552490373083
488	0.42891862887443977	0.4408812574963702
489	0.5191907076573449	0.5431159649012057
490	0.5064389874376618	0.5095006628369422
491	0.4646486964206805	0.46581655198535443
492	0.4833028217915536	0.49210908402247333
493	0.5021147654819772	0.5003472003030112
494	0.5168234328640868	0.5174862698061992
495	0.5771415945963008	0.5613597626412474
496	0.5157502682911432	0.4607979294236475
497	0.5122467015971214	0.5711129347894703
498	0.4978852345180229	0.508301243608358
499	0.45255981314310967	0.45069755697241337
500	0.4683732087620731	0.43696736317151696
