scenario	species	classification	domain_k	domain_pooled_effect	domain_ci_low	domain_ci_high	domain_p_value	domain_fdr_q	domain_I2	domain_prediction_low	domain_prediction_high	domain_sign_consistency	positive_domains	negative_domains	significant_positive_domains	significant_negative_domains	family_k	family_pooled_effect	family_p_value	family_fdr_q	family_I2	family_sign_consistency	family_same_direction	family_support_p_lt_0_10	prevalence_meta_effect	prevalence_meta_p	prevalence_meta_fdr_q	prevalence_same_direction	dominant_domain_share	influential_domain	loo_sign_flip
PRIMARY	s__Faecalicatena_contorta	CONSISTENT_NONSIGNIFICANT	5	0.27453586154817655	-0.11964046108094245	0.6687121841772956	0.1252757485488864	0.9899399288667535	0.0	-0.17728109716494317	0.7263528202612963	1.0	5	0	0	0	3	0.29901310637894596	0.15139811036187462	0.9868213417628564	0.0	1.0	1	0	0.6111648781552192	0.14328860998695356	0.9996325270282626	1	0.41821005360303737	Lee_PRIMM_NL	0
PRIMARY	s__GGB14025_SGB14906	CONSISTENT_NONSIGNIFICANT	6	0.27436475864128057	-0.07536772549264803	0.6240972427752092	0.09979984710299922	0.9899399288667535	0.0	-0.10337581023158804	0.6521053275141492	1.0	6	0	0	0	3	0.2523438808111879	0.19524407181509518	0.9868213417628564	0.0	1.0	1	0	0.440473508814655	0.21749590832651344	0.9996325270282626	1	0.42386190748602126	Lee_Manchester	0
PRIMARY	s__GGB9694_SGB15204	CONSISTENT_NONSIGNIFICANT	5	0.20857332761590697	-0.16943762753823827	0.5865842827700523	0.2002978017151406	0.9899399288667535	0.0	-0.22471439230367896	0.6418610475354929	1.0	5	0	0	0	4	0.1589297543665517	0.2579502489399355	0.9868213417628564	0.0	1.0	1	0	0.4065445260461153	0.3087782428510383	0.9996325270282626	1	0.3806974195720218	Lee_PRIMM_UK	0
PRIMARY	s__GGB9781_SGB15402	CONSISTENT_NONSIGNIFICANT	6	0.09318130231705442	-0.2544438728020147	0.4408064774361235	0.5214569797745529	0.9899399288667535	0.0	-0.28228319515768224	0.46864579979179105	1.0	6	0	0	0	3	0.13590026770972782	0.40934126118097613	0.9868213417628564	0.0	1.0	1	0	0.089691677403054	0.749291377055513	0.9996325270282626	1	0.4857680096827545	Lee_PRIMM_UK	0
PRIMARY	s__Veillonella_parvula	CONSISTENT_NONSIGNIFICANT	9	-0.31516403178518804	-0.6056814443063636	-0.02464661926401246	0.036847839881953254	0.9899399288667535	16.27819353390536	-0.7974926207487637	0.16716455717838763	0.8888888888888888	1	8	0	1	5	-0.28233933485684615	0.21709550645617404	0.9868213417628564	51.017297684056764	0.8	1	0	-0.5490250203968934	0.0719856796672124	0.9996325270282626	1	0.20991588278691947	Matson_US	0
PRIMARY	s__Hungatella_hathewayi	CONSISTENT_NONSIGNIFICANT	9	-0.21443967785496257	-0.46878720467832313	0.03990784896839797	0.08777707992006407	0.9899399288667535	0.0	-0.47525288372211927	0.04637352801219416	0.8888888888888888	1	8	0	0	5	-0.21210104054574014	0.1258377212880852	0.9868213417628564	0.0	1.0	1	0	-0.4468090382012115	0.11144016781694417	0.9996325270282626	1	0.23907483185221245	Spencer_US	0
PRIMARY	s__Dorea_formicigenerans	CONSISTENT_NONSIGNIFICANT	9	0.21321151773825928	-0.041408444111921044	0.4678314795884396	0.08958475460758013	0.9899399288667535	0.0	-0.04788104863650974	0.47430408411302827	0.8888888888888888	8	1	0	0	5	0.23138222009371068	0.10317471650712244	0.9868213417628564	0.0	1.0	1	0	0.4815701793247217	0.13041943522204938	0.9996325270282626	1	0.28604544287176054	Spencer_US	0
PRIMARY	s__Clostridium_fessum	CONSISTENT_NONSIGNIFICANT	9	0.1415945262132916	-0.11269547757397208	0.3958845300005553	0.23506584599274158	0.9899399288667535	0.0	-0.11915969435977192	0.4023487467863551	0.8888888888888888	8	1	0	0	5	0.12178559358439915	0.32979405466487727	0.9868213417628564	0.0	1.0	1	0	0.41307617856467144	0.13655638628112607	0.9996325270282626	1	0.29863853209062446	Frankel_US	0
PRIMARY	s__Anaerotruncus_rubiinfantis	CONSISTENT_NONSIGNIFICANT	9	-0.14122580760172723	-0.39519812965367485	0.11274651445022035	0.23564610626041008	0.9899399288667535	0.0	-0.4016542707498104	0.11920265554635598	0.8888888888888888	1	8	0	0	5	-0.13794713667356004	0.27739315934375547	0.9868213417628564	0.0	0.8	1	0	-0.15138749433491286	0.5445385408378894	0.9996325270282626	1	0.22459692729653336	Gopalakrishnan_US	0
PRIMARY	s__Clostridium_sp_AF20_17LB	CONSISTENT_NONSIGNIFICANT	9	0.0624862861754048	-0.19116808171657762	0.31614065406738723	0.5855736104883935	0.9899399288667535	0.0	-0.1976161402131108	0.3225887125639204	0.8888888888888888	8	1	0	0	5	0.05595135000722131	0.6365897205621822	0.9868213417628564	0.0	0.8	1	0	0.1923288017111505	0.5140246224845676	0.9996325270282626	1	0.24615697065914838	Lee_PRIMM_UK	0
PRIMARY	s__Anaerotruncus_colihominis	CONSISTENT_NONSIGNIFICANT	8	-0.26125109161845184	-0.5463253920474227	0.02382320881051897	0.0669111492179111	0.9899399288667535	0.0	-0.5562458184395689	0.033743635202665156	0.875	1	7	0	1	5	-0.2433370226894442	0.09168267647469854	0.9868213417628564	0.0	1.0	1	1	-0.56907355490918	0.05198887064849684	0.9996325270282626	1	0.37476583906594163	Gopalakrishnan_US	0
PRIMARY	s__Bifidobacterium_bifidum	CONSISTENT_NONSIGNIFICANT	8	0.18595707131230352	-0.07977041443992874	0.4516845570645358	0.14194485676750726	0.9899399288667535	0.0	-0.0890175826241956	0.46093172524880266	0.875	7	1	0	0	5	0.18012484996755518	0.17673288178081306	0.9868213417628564	0.0	1.0	1	0	0.27996310046992745	0.3334028740891359	0.9996325270282626	1	0.40167794729179546	Gopalakrishnan_US	0
PRIMARY	s__Clostridium_SGB4648	CONSISTENT_NONSIGNIFICANT	8	0.16045770571404114	-0.11650471343141863	0.4374201248595009	0.21302653216719028	0.9899399288667535	0.0	-0.12614285091022068	0.4470582623383029	0.875	7	1	0	0	4	0.13223376527845634	0.33894126231389365	0.9868213417628564	0.0	1.0	1	0	0.38358192286542553	0.2500232937376715	0.9996325270282626	1	0.3393279705473009	Gopalakrishnan_US	0
PRIMARY	s__Harryflintia_acetispora	CONSISTENT_NONSIGNIFICANT	8	0.12448382796610882	-0.1592605094170463	0.408228165349264	0.33404910303481383	0.9899399288667535	0.0	-0.16913465385993184	0.41810230979214946	0.875	7	1	0	0	5	0.10612218872802456	0.3878330117040026	0.9868213417628564	0.0	1.0	1	0	0.13589699415734696	0.5955991515836673	0.9996325270282626	1	0.2556547352254783	Lee_PRIMM_UK	0
PRIMARY	s__Bacteroides_faecis	CONSISTENT_NONSIGNIFICANT	7	0.12887731743809872	-0.17112521977017514	0.42887985464637257	0.3336656462573749	0.9899399288667535	0.0	-0.18628772361138263	0.44404235848758006	0.8571428571428571	6	1	0	0	5	0.03198191518403159	0.7850109482889385	0.9868213417628564	0.0	0.8	1	0	0.10960636747833435	0.7113171133567655	0.9996325270282626	1	0.226238788441072	Lee_Leeds	0
PRIMARY	s__Gordonibacter_pamelaeae	CONSISTENT_NONSIGNIFICANT	7	-0.1283763264646773	-0.5188173852884804	0.26206473235912586	0.4517775114335379	0.9899399288667535	26.088652141538386	-0.86347468595359	0.6067220330242353	0.8571428571428571	1	6	0	1	4	-0.17045886968321172	0.4569580537929935	0.9868213417628564	45.923866254773884	0.75	1	0	-0.24528123002664515	0.4640156960750254	0.9996325270282626	1	0.37904693096009917	Lee_PRIMM_NL	1
PRIMARY	s__Rothia_mucilaginosa	CONSISTENT_NONSIGNIFICANT	7	-0.11665621826752363	-0.40244621347271103	0.16913377693766374	0.356452865290519	0.9899399288667535	0.0	-0.4168903976908331	0.18357796115578578	0.8571428571428571	1	6	0	0	4	-0.0921104182896849	0.4780432546626954	0.9868213417628564	0.0	1.0	1	0	-0.26247630535150906	0.4111603641895596	0.9996325270282626	1	0.27749842340533665	Lee_Manchester	0
PRIMARY	s__GGB3534_SGB4722	CONSISTENT_NONSIGNIFICANT	7	-0.08139498362789306	-0.3667529137937632	0.20396294653797709	0.5113349147948012	0.9899399288667535	0.0	-0.38117526091182624	0.21838529365604015	0.8571428571428571	1	6	0	0	5	-0.07579888820274466	0.5270952539225991	0.9868213417628564	0.0	1.0	1	0	-0.27804204433389823	0.4090694700307957	0.9996325270282626	1	0.31085299225686436	Lee_PRIMM_NL	0
PRIMARY	s__Veillonella_atypica	CONSISTENT_NONSIGNIFICANT	6	-0.382232005002668	-0.7164524186776798	-0.0480115913276562	0.03226217566687105	0.9899399288667535	0.0	-0.74321822999727	-0.021245780008065984	0.8333333333333334	1	5	0	2	5	-0.2753506163898614	0.06688238453207633	0.9868213417628564	0.0	0.8	1	1	-0.9122867587117454	0.02839740156965986	0.9996325270282626	1	0.31511846250882797	Matson_US	0
PRIMARY	s__Streptococcus_SGB14888	CONSISTENT_NONSIGNIFICANT	6	-0.3176806479609405	-0.650886840479425	0.015525544557544124	0.057878927072543065	0.9899399288667535	0.0	-0.6775714286140155	0.04221013269213464	0.8333333333333334	1	5	0	0	4	-0.3571320402337102	0.062422843008649406	0.9868213417628564	12.74994637679446	0.75	1	1	-0.7633133220743239	0.046977923935737964	0.9996325270282626	1	0.2331409868363376	Frankel_US	0
PRIMARY	s__Bittarella_massiliensis	CONSISTENT_NONSIGNIFICANT	6	-0.3129802467958604	-0.664126004370311	0.03816551077859026	0.07054446667782065	0.9899399288667535	0.0	-0.6922472701560061	0.06628677656428522	0.8333333333333334	1	5	0	1	3	-0.271095697199627	0.17575620351147492	0.9868213417628564	0.0	1.0	1	0	-0.643786359698517	0.06654588634036211	0.9996325270282626	1	0.2864474593875773	Lee_PRIMM_NL	0
PRIMARY	s__Blautia_sp_Marseille_P3087	CONSISTENT_NONSIGNIFICANT	6	0.27541799996934047	-0.12403980254762265	0.6748758024863035	0.13653125594808077	0.9899399288667535	10.36775387716123	-0.37034755142069264	0.9211835513593736	0.8333333333333334	5	1	1	0	3	0.34424406381515943	0.2759639848891672	0.9868213417628564	54.77783708414723	1.0	1	0	0.2945017143684634	0.3428929384732238	0.9996325270282626	1	0.31462194076907984	Lee_PRIMM_NL	0
PRIMARY	s__Lactococcus_lactis	CONSISTENT_NONSIGNIFICANT	6	0.2200643404549464	-0.1291314416321145	0.5692601225420073	0.16616015865176373	0.9899399288667535	0.0	-0.15709654499066464	0.5972252259005575	0.8333333333333334	5	1	0	0	3	0.22139747891934522	0.23465433348201975	0.9868213417628564	0.0	0.6666666666666666	1	0	0.29984854263566896	0.32462151994666966	0.9996325270282626	1	0.307014085912597	Matson_US	0
PRIMARY	s__Lachnotalea_sp_AF33_28	CONSISTENT_NONSIGNIFICANT	6	-0.20428965298405902	-0.5359022977799011	0.127322991811783	0.17413402444904139	0.9899399288667535	0.0	-0.5624592677348288	0.1538799617667108	0.8333333333333334	1	5	0	0	5	-0.10846614361133455	0.3790482005195818	0.9868213417628564	0.0	0.8	1	0	-0.28365672847655776	0.3236847724660719	0.9996325270282626	1	0.43450614434568485	Matson_US	0
PRIMARY	s__GGB3033_SGB4029	CONSISTENT_NONSIGNIFICANT	6	0.2037362864581459	-0.15512206688312968	0.5625946397994215	0.20427056479182118	0.9899399288667535	0.0	-0.1838609905385425	0.5913335634548342	0.8333333333333334	5	1	0	0	3	0.19234793188035054	0.2905116586497553	0.9868213417628564	0.0	1.0	1	0	0.4106834162805698	0.2890633533701668	0.9996325270282626	1	0.30067084286269646	Lee_Leeds	0
PRIMARY	s__Blautia_sp_OF03_15BH	CONSISTENT_NONSIGNIFICANT	6	0.1684490365798767	-0.18141959826108928	0.5183176714208426	0.2707953701646655	0.9899399288667535	0.0	-0.20943858653429553	0.5463366596940489	0.8333333333333334	5	1	0	0	3	0.10197538289449577	0.678462781295334	0.9868213417628564	44.768059934617874	0.6666666666666666	1	0	0.29142223862675926	0.45336906255630194	0.9996325270282626	1	0.2934401974693374	Frankel_US	0
PRIMARY	s__GGB9063_SGB13982	CONSISTENT_NONSIGNIFICANT	6	-0.1622022705176148	-0.5805357589972913	0.25613121796206173	0.3646684595013062	0.9899399288667535	10.861444278781438	-0.82020013746822	0.4957955964329903	0.8333333333333334	1	5	0	0	5	-0.1307110501777566	0.3547086812683798	0.9868213417628564	22.50963501026864	0.8	1	0	-0.49385679717383835	0.2365250201859014	0.9996325270282626	1	0.25446228715440516	Matson_US	0
PRIMARY	s__Butyricicoccus_sp_AM29_23AC	CONSISTENT_NONSIGNIFICANT	6	0.15588502198749354	-0.23375144477842746	0.5455214887534146	0.3509019460147358	0.9899399288667535	19.079320484912678	-0.2649552124075969	0.576725256382584	0.8333333333333334	5	1	0	0	3	0.13362274816666203	0.41602677596223986	0.9868213417628564	0.0	1.0	1	0	0.5148850649388442	0.16374025248817753	0.9996325270282626	1	0.35384091726605865	Lee_Manchester	0
PRIMARY	s__Bacteroides_salyersiae	CONSISTENT_NONSIGNIFICANT	6	0.15373521284501337	-0.18172114309866275	0.4891915687886895	0.2917814471694103	0.9899399288667535	0.0	-0.2085859339578162	0.5160563596478429	0.8333333333333334	5	1	0	0	4	0.06980999401623529	0.5834346723843724	0.9868213417628564	0.0	0.75	1	0	0.2834154492326916	0.4070741019809918	0.9996325270282626	1	0.3466369537518917	Spencer_US	0
PRIMARY	s__Blautia_hydrogenotrophica	CONSISTENT_NONSIGNIFICANT	6	-0.1284789173761293	-0.4775890487855565	0.2206312140332979	0.3875772280481026	0.9899399288667535	0.0	-0.5055472929050793	0.24858945815282066	0.8333333333333334	1	5	0	0	3	-0.08598726458727264	0.5799470262510437	0.9868213417628564	0.0	0.6666666666666666	1	0	-0.03253120705112103	0.9195828288887898	0.9996325270282626	1	0.46715155821560966	Frankel_US	0
PRIMARY	s__Longicatena_caecimuris	CONSISTENT_NONSIGNIFICANT	6	0.12680451571050663	-0.1998055118339934	0.45341454325500663	0.36409089607649076	0.9899399288667535	0.0	-0.2259618507762892	0.4795708821973025	0.8333333333333334	5	1	0	0	4	0.12585678290373478	0.46975934230181554	0.9868213417628564	0.0	0.75	1	0	0.41722599472134425	0.2411278051828569	0.9996325270282626	1	0.36845740198947124	Spencer_US	0
PRIMARY	s__GGB45491_SGB63163	CONSISTENT_NONSIGNIFICANT	6	-0.12607202038575618	-0.4744251627797169	0.22228112200820452	0.3949080746808772	0.9899399288667535	0.0	-0.5023227838916448	0.25017874312013233	0.8333333333333334	1	5	0	0	3	-0.09922767840392935	0.5289357073367588	0.9868213417628564	0.0	0.6666666666666666	1	0	-0.19309000398685897	0.5335739192932035	0.9996325270282626	1	0.28722138355624033	Frankel_US	0
PRIMARY	s__Clostridium_sp_1001270J_160509_D11	CONSISTENT_NONSIGNIFICANT	6	0.11261494748192154	-0.23574101749483	0.46097091245867305	0.44382916752132184	0.9899399288667535	0.0	-0.2636388646599222	0.48886875962376525	0.8333333333333334	5	1	0	0	3	0.09577574663698356	0.5415283358614738	0.9868213417628564	0.0	1.0	1	0	0.16465737639324335	0.6068915823762333	0.9996325270282626	1	0.24971636586544627	Lee_Manchester	0
PRIMARY	s__GGB9782_SGB15403	CONSISTENT_NONSIGNIFICANT	6	-0.07377320508274501	-0.4315348618034194	0.2839884516379294	0.6187469236547187	0.9899399288667535	0.0	-0.584146282982387	0.43659987281689705	0.8333333333333334	1	5	0	0	3	-0.06551611794186402	0.728579050906595	0.9868213417628564	30.69536143353306	0.6666666666666666	1	0	-0.25868706399373603	0.5001950884745698	0.9996325270282626	1	0.39860908350426194	Lee_PRIMM_NL	1
PRIMARY	s__GGB3304_SGB4367	CONSISTENT_NONSIGNIFICANT	6	0.07047190958687129	-0.24966188609110734	0.3906057052648499	0.5959334665085125	0.9899399288667535	0.0	-0.27529958037099567	0.4162433995447382	0.8333333333333334	5	1	0	0	3	0.06142131270740621	0.7212138116873885	0.9868213417628564	26.696027103340125	0.6666666666666666	1	0	0.13354078000407102	0.6649547077848719	0.9996325270282626	1	0.33515607536174497	Lee_PRIMM_UK	1
PRIMARY	s__Ruminococcus_SGB4421	CONSISTENT_NONSIGNIFICANT	6	0.07021472225936155	-0.3177559209340306	0.4581853654527537	0.6613305090167995	0.9899399288667535	0.0	-0.3488262821700142	0.4892557266887373	0.8333333333333334	5	1	0	0	4	0.12828909964269988	0.38073401522461153	0.9868213417628564	0.0	0.75	1	0	0.2055308326237975	0.5702853864377536	0.9996325270282626	1	0.41831280938283455	Gopalakrishnan_US	0
PRIMARY	s__Clostridium_sp_AF12_28	CONSISTENT_NONSIGNIFICANT	6	-0.06813197214137139	-0.47031521592055736	0.33405127163781456	0.6813783798550307	0.9899399288667535	0.0	-0.6588149860913627	0.52255104180862	0.8333333333333334	1	5	0	0	4	-0.0778374318395488	0.6703882142129839	0.9868213417628564	40.73442131029534	0.75	1	0	-0.43460784863692303	0.3520841891399508	0.9996325270282626	1	0.3117233261195616	Spencer_US	0
PRIMARY	s__Desulfovibrio_SGB5077	CONSISTENT_NONSIGNIFICANT	5	0.24186541629297173	-0.22779472616788235	0.7115255587538258	0.2259929184026417	0.9899399288667535	9.582103427615497	-0.5272246690584824	1.0109555016444258	0.8	4	1	1	0	5	0.13348990891692195	0.29151427113128253	0.9868213417628564	0.0	0.8	1	0	0.5714532903160797	0.2132125645852395	0.9996325270282626	1	0.4107344050531497	Spencer_US	0
PRIMARY	s__Massilimicrobiota_timonensis	CONSISTENT_NONSIGNIFICANT	5	-0.21983342268434442	-0.613715119258594	0.17404827388990518	0.1961691568546833	0.9899399288667535	0.0	-0.6713126719695901	0.23164582660090133	0.8	1	4	0	0	3	-0.2068375618474065	0.25671608816837155	0.9868213417628564	0.0	0.6666666666666666	1	0	-0.3873464823881308	0.27650586021684903	0.9996325270282626	1	0.36616074935891235	Lee_PRIMM_NL	0
PRIMARY	s__GGB3444_SGB4594	CONSISTENT_NONSIGNIFICANT	5	-0.20843058233878325	-0.6144710561040827	0.19760989142651614	0.22722404700400287	0.9899399288667535	2.0415433592180836	-0.673846593917423	0.2569854292398564	0.8	1	4	0	1	3	-0.1933635765317939	0.2794956950436417	0.9868213417628564	0.0	0.6666666666666666	1	0	-0.34976411463839013	0.370648970751563	0.9996325270282626	1	0.5818171063029551	Matson_US	0
PRIMARY	s__Streptococcus_oralis	CONSISTENT_NONSIGNIFICANT	5	-0.18686618239387268	-0.5867616779505701	0.21302931316282472	0.26426134342373675	0.9899399288667535	0.0	-0.6452386318916339	0.2715062671038886	0.8	1	4	0	0	3	-0.12353158424359782	0.4460015513386657	0.9868213417628564	0.0	1.0	1	0	-0.43141595544895905	0.30675952840934784	0.9996325270282626	1	0.3824420038752095	Lee_PRIMM_NL	0
PRIMARY	s__GGB3034_SGB4030	CONSISTENT_NONSIGNIFICANT	5	0.18579138765648937	-0.21529872224526111	0.5868814975582398	0.26780753191099327	0.9899399288667535	0.0	-0.2739503653428863	0.6455331406558651	0.8	4	1	0	0	3	0.1092051439735749	0.49795744651136625	0.9868213417628564	2.3223147409214153	0.6666666666666666	1	0	0.36843541431392024	0.33798329111617587	0.9996325270282626	1	0.3591004111321901	Lee_PRIMM_NL	0
PRIMARY	s__Collinsella_SGB14987	CONSISTENT_NONSIGNIFICANT	5	0.17516117769533582	-0.22834889393902005	0.5786712493296917	0.2945355937132833	0.9899399288667535	0.0	-0.28735440949756497	0.6376767648882367	0.8	4	1	0	0	4	0.13735246999523326	0.43374090812487487	0.9868213417628564	0.0	0.75	1	0	0.5657378198389404	0.22170795311932243	0.9996325270282626	1	0.48920028671743315	Frankel_US	0
PRIMARY	s__GGB9480_SGB14874	CONSISTENT_NONSIGNIFICANT	5	-0.1457726216132566	-0.5174119489581117	0.22586670573159856	0.3373541809535804	0.9899399288667535	0.0	-0.5717569869821315	0.2802117437556183	0.8	1	4	0	0	5	-0.07760290986608809	0.5181449686813265	0.9868213417628564	0.0	0.8	1	0	-0.3577156485192986	0.3238898622991984	0.9996325270282626	1	0.2880147950244934	Frankel_US	0
PRIMARY	s__Pseudoflavonifractor_gallinarum	CONSISTENT_NONSIGNIFICANT	5	-0.12544049021529857	-0.609127544685852	0.35824656425525475	0.5113241988848101	0.9899399288667535	23.980853989178897	-0.9547382242910373	0.7038572438604401	0.8	1	4	0	0	4	-0.13330656589762072	0.5849700588193456	0.9868213417628564	42.95738920738391	0.75	1	0	-0.5650576972344414	0.32109430019695917	0.9996325270282626	1	0.2931734444929653	Frankel_US	0
PRIMARY	s__Collinsella_bouchesdurhonensis	CONSISTENT_NONSIGNIFICANT	5	0.12412124173793355	-0.2682006406355152	0.5164431241113823	0.4293250536668573	0.9899399288667535	0.0	-0.3255701008084169	0.573812584284284	0.8	4	1	0	0	3	0.1224004181083203	0.4494511033987504	0.9868213417628564	0.0	1.0	1	0	0.2799569826425116	0.49512671946143116	0.9996325270282626	1	0.4252783111155587	Lee_PRIMM_NL	0
PRIMARY	s__Candidatus_Catenibacterium_tridentinum	CONSISTENT_NONSIGNIFICANT	5	-0.10324654359840549	-0.6145291233360787	0.40803603613926775	0.6049431674462696	0.9899399288667535	43.18211762788528	-1.1547339190150832	0.9482408318182721	0.8	1	4	0	0	3	-0.08578026636259865	0.5663652848843275	0.9868213417628564	5.881807130554318	0.6666666666666666	1	0	-0.3751975273923008	0.46625946210709535	0.9996325270282626	1	0.3268712438389973	Lee_PRIMM_UK	0
PRIMARY	s__Faecalibacillus_intestinalis	CONSISTENT_NONSIGNIFICANT	9	0.27028052484742277	0.015142925424746934	0.5254181242700986	0.0403833181037546	0.9899399288667535	0.0	0.008657162217193093	0.5319038874776525	0.7777777777777778	7	2	0	0	5	0.28799697280049474	0.059409830834449485	0.9868213417628564	0.0	0.8	1	1	0.7240954471008623	0.01985971935979146	0.9996325270282626	1	0.2561421630736143	Matson_US	0
PRIMARY	s__Parabacteroides_merdae	CONSISTENT_NONSIGNIFICANT	9	0.2558964548723134	-0.022063029537789824	0.5338559392824166	0.06651748299289452	0.9899399288667535	14.759241385215137	-0.04063803794218118	0.5524309476868079	0.7777777777777778	7	2	0	0	5	0.2341958324945652	0.1679637633766439	0.9868213417628564	37.193103701044286	0.8	1	0	0.5912824441310747	0.17104070294984422	0.9996325270282626	1	0.1992218742738403	Gopalakrishnan_US	0
PRIMARY	s__Lacrimispora_celerecrescens	CONSISTENT_NONSIGNIFICANT	9	0.23185388912947266	-0.02351909542146316	0.4872268736804085	0.069624150120578	0.9899399288667535	0.0	-0.03001084230975662	0.49371862056870197	0.7777777777777778	7	2	1	0	5	0.24544706484964984	0.08969649537158501	0.9868213417628564	0.0	1.0	1	1	0.5343845008540946	0.09522709724209748	0.9996325270282626	1	0.21140678527895787	Spencer_US	0
PRIMARY	s__Roseburia_faecis	CONSISTENT_NONSIGNIFICANT	9	0.2291352391402861	-0.026266708597058208	0.4845371868776304	0.07235893026076957	0.9899399288667535	0.0	-0.03275919186316606	0.4910296701437383	0.7777777777777778	7	2	0	0	5	0.21714192612350056	0.11949857791051786	0.9868213417628564	0.0	1.0	1	0	0.6835914923606307	0.028929239696792286	0.9996325270282626	1	0.347132816518297	Spencer_US	0
PRIMARY	s__GGB9345_SGB14311	CONSISTENT_NONSIGNIFICANT	9	0.22084893214582596	-0.03418955936296508	0.475887423654617	0.08090765944864564	0.9899399288667535	0.0	-0.040672803197434104	0.482370667489086	0.7777777777777778	7	2	1	0	5	0.21676908696221084	0.1201478530014496	0.9868213417628564	0.0	1.0	1	0	0.4665715326961423	0.11862409558002592	0.9996325270282626	1	0.2836964237810416	Lee_PRIMM_UK	0
PRIMARY	s__Fusicatenibacter_saccharivorans	CONSISTENT_NONSIGNIFICANT	9	0.19402046373259482	-0.06047848517557389	0.44851941264076356	0.11679997870131636	0.9899399288667535	0.0	-0.06694801346762777	0.4549889409328174	0.7777777777777778	7	2	0	0	5	0.20000811636327218	0.14284840325147452	0.9868213417628564	0.0	0.8	1	0	0.7065270248584843	0.21946023141703988	0.9996325270282626	1	0.3085761456158391	Lee_PRIMM_UK	0
PRIMARY	s__Blautia_massiliensis	CONSISTENT_NONSIGNIFICANT	9	0.18803403784125558	-0.06659353677962301	0.4426616124621342	0.12699265851671962	0.9899399288667535	0.0	-0.07306633482864403	0.4491344105111552	0.7777777777777778	7	2	1	0	5	0.2000307176324459	0.1428794482265946	0.9868213417628564	0.0	0.8	1	0	0.5525279345211503	0.12693121182612277	0.9996325270282626	1	0.38730736827552265	Lee_Manchester	0
PRIMARY	s__Roseburia_hominis	CONSISTENT_NONSIGNIFICANT	9	0.18514447717776225	-0.06919739728995147	0.439486351645476	0.13174244315300676	0.9899399288667535	0.0	-0.07566293265179039	0.4459518870073149	0.7777777777777778	7	2	0	0	5	0.18954867290372518	0.1596901912068114	0.9868213417628564	0.0	0.8	1	0	0.5534274836840015	0.07253442627498652	0.9996325270282626	1	0.21742819862951598	Matson_US	0
PRIMARY	s__Sutterella_wadsworthensis	CONSISTENT_NONSIGNIFICANT	9	-0.1827921394130401	-0.4368915859792529	0.07130730715317277	0.13572504408303815	0.9899399288667535	0.0	-0.44335095869667673	0.07776667987059657	0.7777777777777778	2	7	0	0	5	-0.18528121176028145	0.1669506080926681	0.9868213417628564	0.0	0.6	1	0	-0.3711715613534925	0.1538540102020066	0.9996325270282626	1	0.27239429831606443	Lee_PRIMM_NL	0
PRIMARY	s__Faecalibacterium_SGB15346	CONSISTENT_NONSIGNIFICANT	9	0.15733480754749504	-0.09730132220987567	0.4119709373048658	0.19202605932752645	0.9899399288667535	0.0	-0.10377433782214093	0.418443952917131	0.7777777777777778	7	2	0	0	5	0.16665103818910193	0.20391964168857063	0.9868213417628564	0.0	1.0	1	0	0.3684312452496218	0.18140523911232112	0.9996325270282626	1	0.34430076419339334	Spencer_US	0
PRIMARY	s__Blautia_faecis	CONSISTENT_NONSIGNIFICANT	9	0.1481156740791283	-0.10623970507103214	0.4024710532292887	0.21617935843265781	0.9899399288667535	0.0	-0.112705583790294	0.4089369319485506	0.7777777777777778	7	2	0	0	5	0.1450690841530312	0.2572352223949487	0.9868213417628564	0.0	0.6	1	0	0.2788601368359631	0.6200704907894081	0.9996325270282626	1	0.299172983693191	Matson_US	0
PRIMARY	s__Collinsella_SGB14861	CONSISTENT_NONSIGNIFICANT	9	0.10011694470988954	-0.1543161799289211	0.35455006934870015	0.3907136917110594	0.9899399288667535	0.0	-0.16078403506726446	0.3610179244870435	0.7777777777777778	7	2	0	0	5	0.10618183323563583	0.3874810608305765	0.9868213417628564	0.0	1.0	1	0	0.3636236699680988	0.2555099956842651	0.9996325270282626	1	0.44064599144791217	Lee_Barcelona	0
PRIMARY	s__Bacteroides_caccae	CONSISTENT_NONSIGNIFICANT	9	0.09448355818353525	-0.1600045131925375	0.34897162955960803	0.4168208802547448	0.9899399288667535	0.0	-0.16647376498534389	0.3554408813524144	0.7777777777777778	7	2	1	0	5	0.0819393739562193	0.5106661889669468	0.9868213417628564	0.3576999004322043	0.8	1	0	0.07785275321331	0.7597615121660913	0.9996325270282626	1	0.2958545628139392	Frankel_US	0
PRIMARY	s__Bilophila_wadsworthia	CONSISTENT_NONSIGNIFICANT	9	-0.07540631218226322	-0.32982760209906026	0.1790149777345338	0.5136192539550666	0.9899399288667535	0.0	-0.336295156259919	0.18548253189539254	0.7777777777777778	2	7	0	1	5	-0.08250895760893057	0.4937592810100024	0.9868213417628564	0.0	0.8	1	0	-0.11213057032544818	0.6664380038384158	0.9996325270282626	1	0.45336108220535254	Spencer_US	0
PRIMARY	s__Anaerofilum_sp_BX8	CONSISTENT_NONSIGNIFICANT	9	0.04507042262205973	-0.20856606380414727	0.29870690904826674	0.6927277218488289	0.9899399288667535	0.0	-0.21501366774211217	0.30515451298623164	0.7777777777777778	7	2	0	0	5	0.04356516862552644	0.7111948139766953	0.9868213417628564	0.0	0.8	1	0	0.08491296036973985	0.7393701480569473	0.9996325270282626	1	0.5526929229991272	Lee_Leeds	0
PRIMARY	s__Clostridium_sp_1001270H_150608_G6	CONSISTENT_NONSIGNIFICANT	8	0.2534023212793983	-0.015981053895937347	0.5227856964547339	0.06148186901211216	0.9899399288667535	0.0	-0.025355444901156043	0.5321600874599527	0.75	6	2	0	0	5	0.21113556203262396	0.18263701113370992	0.9868213417628564	13.949712269744365	0.6	1	0	0.5643366839364119	0.11136008782562015	0.9996325270282626	1	0.2853063534328525	Spencer_US	0
PRIMARY	s__Veillonella_dispar	CONSISTENT_NONSIGNIFICANT	8	-0.22311085101245837	-0.5843314896574228	0.13810978763250598	0.18752426149035273	0.9899399288667535	40.09574207315955	-0.9927657787200512	0.5465440766951344	0.75	2	6	0	2	5	-0.16325475637731823	0.4186480339438909	0.9868213417628564	48.64646794089544	0.8	1	0	-0.2965112270936345	0.39332139935636845	0.9996325270282626	1	0.2668750908097383	Matson_US	0
PRIMARY	s__Eubacterium_sp_AF16_48	CONSISTENT_NONSIGNIFICANT	8	-0.2153699010330844	-0.4866365611446366	0.055896759078467806	0.10256087708060546	0.9899399288667535	0.0	-0.4960764894078601	0.06533668734169129	0.75	2	6	0	0	4	-0.2259396085894465	0.14236887112986776	0.9868213417628564	0.0	0.75	1	0	-0.4299847877400254	0.15635855600473453	0.9996325270282626	1	0.38919889175669364	Spencer_US	0
PRIMARY	s__GGB9759_SGB15370	CONSISTENT_NONSIGNIFICANT	8	0.20659025946650275	-0.06450896233567768	0.47768948126868316	0.11455635035230782	0.9899399288667535	0.0	-0.07394306386938779	0.4871235828023933	0.75	6	2	0	0	4	0.21651948018719086	0.1541362808599302	0.9868213417628564	0.0	1.0	1	0	0.5293886532953785	0.10161066843550265	0.9996325270282626	1	0.2348311526352704	Frankel_US	0
PRIMARY	s__Erysipelatoclostridium_ramosum	CONSISTENT_NONSIGNIFICANT	8	-0.14483625369405265	-0.4108352356790438	0.12116272829093847	0.23883865052864098	0.9899399288667535	0.0	-0.42009185186689924	0.1304193444787939	0.75	2	6	0	0	5	-0.10409529667925413	0.39618803730494545	0.9868213417628564	0.0	0.8	1	0	-0.1629864642039759	0.5435285207933561	0.9996325270282626	1	0.3689804600380151	Lee_Leeds	0
PRIMARY	s__GGB80140_SGB15224	CONSISTENT_NONSIGNIFICANT	8	0.12423045893120738	-0.15280541983552576	0.4012663376979405	0.3241898974434387	0.9899399288667535	0.24221237481003516	-0.16244611380405638	0.41090703166647113	0.75	6	2	0	0	4	0.10174612985470127	0.44520926844208564	0.9868213417628564	0.0	1.0	1	0	0.28664121516773333	0.314701439916163	0.9996325270282626	1	0.44735169230893235	Lee_PRIMM_UK	0
PRIMARY	s__GGB9621_SGB15073	CONSISTENT_NONSIGNIFICANT	8	-0.11328315527453102	-0.3906845849596499	0.16411827441058785	0.3663885214718991	0.9899399288667535	1.2348385337015835	-0.435377182562644	0.20881087201358195	0.75	2	6	0	0	4	-0.10102537782225834	0.46821134736545766	0.9868213417628564	0.0	0.75	1	0	-0.23399325001216512	0.46358683596702777	0.9996325270282626	1	0.28210890719732123	Spencer_US	0
PRIMARY	s__Coprococcus_SGB4669	CONSISTENT_NONSIGNIFICANT	8	-0.10530359642212465	-0.3754830292310398	0.1648758363867905	0.3873863523967115	0.9899399288667535	0.0	-0.38488512259553304	0.1742779297512837	0.75	2	6	0	0	4	-0.10029878064682977	0.4434973700069324	0.9868213417628564	0.0	0.75	1	0	-0.10885189767944263	0.6839207966673138	0.9996325270282626	1	0.2087222250850619	Spencer_US	0
PRIMARY	s__GGB80011_SGB15265	CONSISTENT_NONSIGNIFICANT	8	0.09851294202953334	-0.21237898126609014	0.40940486532515685	0.4781051754011794	0.9899399288667535	22.552236727260773	-0.37421605372034816	0.5712419377794148	0.75	6	2	0	0	5	0.05701088653454336	0.6311122749131748	0.9868213417628564	0.0	0.8	1	0	0.331824553009448	0.24707084776709728	0.9996325270282626	1	0.2457000727239941	Matson_US	0
PRIMARY	s__GGB9524_SGB14924	CONSISTENT_NONSIGNIFICANT	8	0.07176339677820129	-0.2963936092811218	0.4399204028375244	0.6588296436356157	0.9899399288667535	42.614007915691815	-0.7250213672815524	0.868548160837955	0.75	6	2	0	1	5	0.0741806114332068	0.7132830608550385	0.9868213417628564	49.35792112640664	0.8	1	0	0.3219406891848894	0.42481189816310505	0.9996325270282626	1	0.25642071869565297	Frankel_US	0
PRIMARY	s__Parabacteroides_goldsteinii	CONSISTENT_NONSIGNIFICANT	8	-0.05883316237753627	-0.3265296487038656	0.20886332394879303	0.6193059508242872	0.9899399288667535	0.0	-0.3358453369250931	0.21817901217002056	0.75	2	6	0	0	5	-0.10402169759519136	0.3969408847238256	0.9868213417628564	0.0	0.8	1	0	-0.0967450937932848	0.7315441175849845	0.9996325270282626	1	0.2471581658005753	Lee_PRIMM_UK	0
PRIMARY	s__GGB9719_SGB15273	CONSISTENT_NONSIGNIFICANT	8	0.057833143606208025	-0.20719993368243836	0.3228662208948544	0.6217569164296214	0.9899399288667535	0.0	-0.21642293684167999	0.332089224054096	0.75	6	2	0	0	5	0.03655463567697578	0.7555106259581363	0.9868213417628564	0.0	0.8	1	0	0.1950676218378451	0.44784767026495476	0.9996325270282626	1	0.25226037891286374	Lee_PRIMM_NL	0
PRIMARY	s__Eisenbergiella_tayi	CONSISTENT_NONSIGNIFICANT	8	0.007145422062008729	-0.2576819663278822	0.2719728104518997	0.9509124174556012	0.9899399288667535	0.0	-0.2668978116310936	0.2811886557551111	0.75	2	6	0	0	5	0.021286284139570195	0.855431293058775	0.9868213417628564	0.0	0.6	1	0	0.010746774045724463	0.9690735116594548	0.9996325270282626	1	0.2884810525999148	Lee_PRIMM_UK	1
