domain_id	n	responders	non_responders	response_rate	mean_detected_species_per_sample	global_ecology_features	global_ecology_pseudocount	study_family	country	macro_region	treatment_scope_group	known_combination_ici_fraction	therapy_detail	source_doi	source_note	metadata_confidence	treatment_analysis_role
Frankel_US	39	24	15	0.6153846153846154	237.84615384615384	690	5.636676092699121e-08	Frankel_2017	United_States	North_America	mixed_ICI_including_combination		Ipilimumab, nivolumab, ipilimumab plus nivolumab, or pembrolizumab.	10.1016/j.neo.2017.08.004	Primary publication reports four ICI regimens in 39 metastatic melanoma patients.	high	coarse_primary
Gopalakrishnan_US	25	14	11	0.56	142.96	690	5.636676092699121e-08	Gopalakrishnan_2018	United_States	North_America	anti_PD1_only	0	Anti-PD-1 therapy; nivolumab or pembrolizumab.	10.1126/science.aan4236	Primary study prospectively collected samples at initiation of anti-PD-1 therapy.	high	coarse_primary
Lee_Barcelona	12	6	6	0.5	220.08333333333334	690	5.636676092699121e-08	Lee_2022_family	Spain	Europe	mixed_ICI_including_combination		ICI-naive advanced melanoma patients receiving ICI; site-specific regimen proportion not imputed.	10.1038/s41591-022-01695-5	Lee multicohort study; treatment category retained at coarse study-level only.	medium	coarse_primary
Lee_Leeds	18	10	8	0.5555555555555556	249.05555555555554	690	5.636676092699121e-08	Lee_2022_family	United_Kingdom	Europe	mixed_ICI_including_combination		ICI-naive advanced melanoma patients receiving ICI; site-specific regimen proportion not imputed.	10.1038/s41591-022-01695-5	Lee multicohort study; treatment category retained at coarse study-level only.	medium	coarse_primary
Lee_Manchester	25	12	13	0.48	214.52	690	5.636676092699121e-08	Lee_2022_family	United_Kingdom	Europe	mixed_ICI_including_combination		ICI-naive advanced melanoma patients receiving ICI; site-specific regimen proportion not imputed.	10.1038/s41591-022-01695-5	Lee multicohort study; treatment category retained at coarse study-level only.	medium	coarse_primary
Lee_PRIMM_NL	55	33	22	0.6	179.3272727272727	690	5.636676092699121e-08	Lee_2022_family	Netherlands	Europe	mixed_ICI_including_combination	0.22	Mixed ICI; ipilimumab plus nivolumab combination reported in 22%.	10.1038/s41591-022-01695-5	Primary article explicitly reports 22% combination ICI in PRIMM-NL.	high	coarse_primary_numeric_exploratory
Lee_PRIMM_UK	54	33	21	0.6111111111111112	219.09259259259258	690	5.636676092699121e-08	Lee_2022_family	United_Kingdom	Europe	mixed_ICI_including_combination	0.53	Mixed ICI; ipilimumab plus nivolumab combination reported in 53%.	10.1038/s41591-022-01695-5	Primary article explicitly reports 53% combination ICI in PRIMM-UK.	high	coarse_primary_numeric_exploratory
Matson_US	38	14	24	0.3684210526315789	165.0	690	5.636676092699121e-08	Matson_2018	United_States	North_America	anti_PD1_only	0	Anti-PD-1 immunotherapy.	10.1126/science.aao3290	Primary publication studied metastatic melanoma patients receiving anti-PD-1 treatment.	high	coarse_primary
Spencer_US	97	71	26	0.7319587628865979	125.25773195876289	690	5.636676092699121e-08	Spencer_2021	United_States	North_America	anti_PD1_based_unspecified_mix		Anti-PD-1-based immunotherapy; exact regimen mixture is not encoded in the frozen public manifest.	10.1126/science.aaz7015	Primary publication describes anti-PD-1-based therapy; no domain-level regimen proportion is imputed.	high_for_scope_low_for_mix	coarse_primary
