scenario	model	predictor	statistic_type	prespecified_direction	observed_statistic	qap_p_two_sided	qap_p_prespecified_direction	permutations
PRIMARY	elastic_net	aitchison_centroid_distance	spearman_rho	negative	-0.1076603929138409	0.38076192380761925	0.18868113188681132	10000
PRIMARY	elastic_net	bray_curtis_centroid_distance	spearman_rho	negative	0.0022194703050657373	0.9867013298670133	0.48075192480751927	10000
PRIMARY	elastic_net	jensen_shannon_distance	spearman_rho	negative	-0.009231709819621256	0.9422057794220577	0.43565643435656437	10000
PRIMARY	elastic_net	prevalence_l1_distance	spearman_rho	negative	-0.12213519925122615	0.34406559344065596	0.17248275172482752	10000
PRIMARY	elastic_net	same_study_family	mean_auc_relation_1_minus_0	positive	0.03566913535592753	0.35776422357764226	0.17688231176882313	10000
PRIMARY	elastic_net	same_country	mean_auc_relation_1_minus_0	positive	0.03078107845322242	0.4036596340365963	0.19568043195680432	10000
PRIMARY	elastic_net	same_macro_region	mean_auc_relation_1_minus_0	positive	0.045380851143095036	0.142985701429857	0.09419058094190581	10000
PRIMARY	elastic_net	same_treatment_scope_group	mean_auc_relation_1_minus_0	positive	-0.0061385417559394195	0.8068193180681932	0.5766423357664233	10000
PRIMARY	random_forest	aitchison_centroid_distance	spearman_rho	negative	-0.03226299438910853	0.815018498150185	0.40575942405759424	10000
PRIMARY	random_forest	bray_curtis_centroid_distance	spearman_rho	negative	0.07157045116227964	0.5861413858614138	0.7023297670232976	10000
PRIMARY	random_forest	jensen_shannon_distance	spearman_rho	negative	0.04860357380054137	0.7128287171282872	0.6388361163883611	10000
PRIMARY	random_forest	prevalence_l1_distance	spearman_rho	negative	-0.09103118057943882	0.5397460253974603	0.27607239276072393	10000
PRIMARY	random_forest	same_study_family	mean_auc_relation_1_minus_0	positive	0.00020878266553797653	1.0	0.5212478752124787	10000
PRIMARY	random_forest	same_country	mean_auc_relation_1_minus_0	positive	0.006604187891088575	0.9027097290270973	0.4617538246175382	10000
PRIMARY	random_forest	same_macro_region	mean_auc_relation_1_minus_0	positive	0.013507284790895524	0.7521247875212479	0.36466353364663534	10000
PRIMARY	random_forest	same_treatment_scope_group	mean_auc_relation_1_minus_0	positive	0.005787519261130802	0.9192080791920808	0.47165283471652836	10000
PRIMARY	ridge	aitchison_centroid_distance	spearman_rho	negative	-0.05786798956399931	0.6925307469253075	0.3290670932906709	10000
PRIMARY	ridge	bray_curtis_centroid_distance	spearman_rho	negative	0.0765247065996411	0.5977402259774023	0.6848315168483151	10000
PRIMARY	ridge	jensen_shannon_distance	spearman_rho	negative	0.05719248774029503	0.7019298070192981	0.6260373962603739	10000
PRIMARY	ridge	prevalence_l1_distance	spearman_rho	negative	-0.13538986552244198	0.37836216378362164	0.19118088191180882	10000
PRIMARY	ridge	same_study_family	mean_auc_relation_1_minus_0	positive	0.0018512579284640784	0.9388061193880612	0.44155584441555845	10000
PRIMARY	ridge	same_country	mean_auc_relation_1_minus_0	positive	-0.018769139978593696	0.6307369263073692	0.6746325367463254	10000
PRIMARY	ridge	same_macro_region	mean_auc_relation_1_minus_0	positive	-0.004007788797221412	0.9271072892710729	0.5487451254874512	10000
PRIMARY	ridge	same_treatment_scope_group	mean_auc_relation_1_minus_0	positive	-0.010959385036289626	0.7794220577942206	0.6005399460053995	10000
S1_EXCLUDE_BCN12	elastic_net	aitchison_centroid_distance	spearman_rho	negative	-0.14529722560343797	0.2460753924607539	0.12768723127687232	10000
S1_EXCLUDE_BCN12	elastic_net	bray_curtis_centroid_distance	spearman_rho	negative	-0.018849717556700164	0.8851114888511149	0.41045895410458955	10000
S1_EXCLUDE_BCN12	elastic_net	jensen_shannon_distance	spearman_rho	negative	-0.037120433550225235	0.7746225377462254	0.36176382361763826	10000
S1_EXCLUDE_BCN12	elastic_net	prevalence_l1_distance	spearman_rho	negative	-0.15909676285911095	0.2101789821017898	0.1040895910408959	10000
S1_EXCLUDE_BCN12	elastic_net	same_study_family	mean_auc_relation_1_minus_0	positive	0.02960397788625896	0.45835416458354167	0.22617738226177383	10000
S1_EXCLUDE_BCN12	elastic_net	same_country	mean_auc_relation_1_minus_0	positive	0.04116896978079204	0.27487251274872515	0.1468853114688531	10000
S1_EXCLUDE_BCN12	elastic_net	same_macro_region	mean_auc_relation_1_minus_0	positive	0.04583829076386692	0.1381861813818618	0.0903909609039096	10000
S1_EXCLUDE_BCN12	elastic_net	same_treatment_scope_group	mean_auc_relation_1_minus_0	positive	-0.009729463544884465	0.7773222677732227	0.58994100589941	10000
S1_EXCLUDE_BCN12	random_forest	aitchison_centroid_distance	spearman_rho	negative	-0.09135137670333691	0.5107489251074893	0.2606739326067393	10000
S1_EXCLUDE_BCN12	random_forest	bray_curtis_centroid_distance	spearman_rho	negative	-0.046897995504741274	0.7384261573842615	0.36896310368963103	10000
S1_EXCLUDE_BCN12	random_forest	jensen_shannon_distance	spearman_rho	negative	-0.04033613605140299	0.779022097790221	0.39286071392860716	10000
S1_EXCLUDE_BCN12	random_forest	prevalence_l1_distance	spearman_rho	negative	-0.12483615950198965	0.3855614438556144	0.19258074192580743	10000
S1_EXCLUDE_BCN12	random_forest	same_study_family	mean_auc_relation_1_minus_0	positive	-0.01656085244972144	0.6295370462953704	0.6697330266973303	10000
S1_EXCLUDE_BCN12	random_forest	same_country	mean_auc_relation_1_minus_0	positive	-0.015752247931878627	0.683031696830317	0.6675332466753324	10000
S1_EXCLUDE_BCN12	random_forest	same_macro_region	mean_auc_relation_1_minus_0	positive	-0.01262253610355002	0.7236276372362763	0.6599340065993401	10000
S1_EXCLUDE_BCN12	random_forest	same_treatment_scope_group	mean_auc_relation_1_minus_0	positive	0.002280853160834817	0.9448055194480552	0.4343565643435656	10000
S1_EXCLUDE_BCN12	ridge	aitchison_centroid_distance	spearman_rho	negative	-0.08183287883657824	0.5860413958604139	0.29077092290770923	10000
S1_EXCLUDE_BCN12	ridge	bray_curtis_centroid_distance	spearman_rho	negative	0.052882567927411396	0.7192280771922808	0.6188381161883811	10000
S1_EXCLUDE_BCN12	ridge	jensen_shannon_distance	spearman_rho	negative	0.032263513157660365	0.8344165583441656	0.5682431756824318	10000
S1_EXCLUDE_BCN12	ridge	prevalence_l1_distance	spearman_rho	negative	-0.1366133004791461	0.3731626837316268	0.1835816418358164	10000
S1_EXCLUDE_BCN12	ridge	same_study_family	mean_auc_relation_1_minus_0	positive	-0.010588205104481108	0.8306169383061693	0.5689431056894311	10000
S1_EXCLUDE_BCN12	ridge	same_country	mean_auc_relation_1_minus_0	positive	-0.013150521606560939	0.7451254874512548	0.6192380761923808	10000
S1_EXCLUDE_BCN12	ridge	same_macro_region	mean_auc_relation_1_minus_0	positive	-0.011270426960647839	0.7631236876312368	0.5942405759424058	10000
S1_EXCLUDE_BCN12	ridge	same_treatment_scope_group	mean_auc_relation_1_minus_0	positive	-0.015253273199716033	0.6326367363263674	0.6601339866013398	10000
S2_BCN12_AS_NR	elastic_net	aitchison_centroid_distance	spearman_rho	negative	-0.19309857376414272	0.12138786121387861	0.0714928507149285	10000
S2_BCN12_AS_NR	elastic_net	bray_curtis_centroid_distance	spearman_rho	negative	-0.06150332717591886	0.6277372262773723	0.29887011298870114	10000
S2_BCN12_AS_NR	elastic_net	jensen_shannon_distance	spearman_rho	negative	-0.08244405206688286	0.5002499750024998	0.23997600239976002	10000
S2_BCN12_AS_NR	elastic_net	prevalence_l1_distance	spearman_rho	negative	-0.1758892222792491	0.17818218178182182	0.0898910108989101	10000
S2_BCN12_AS_NR	elastic_net	same_study_family	mean_auc_relation_1_minus_0	positive	0.015000144496660317	0.7512248775122488	0.35076492350764926	10000
S2_BCN12_AS_NR	elastic_net	same_country	mean_auc_relation_1_minus_0	positive	0.04730851172112366	0.1887811218878112	0.10178982101789821	10000
S2_BCN12_AS_NR	elastic_net	same_macro_region	mean_auc_relation_1_minus_0	positive	0.036917412006740535	0.21827817218278173	0.140985901409859	10000
S2_BCN12_AS_NR	elastic_net	same_treatment_scope_group	mean_auc_relation_1_minus_0	positive	-0.016268886829666318	0.6572342765723428	0.6539346065393461	10000
S2_BCN12_AS_NR	random_forest	aitchison_centroid_distance	spearman_rho	negative	-0.0626271586061257	0.6656334366563343	0.31586841315868414	10000
S2_BCN12_AS_NR	random_forest	bray_curtis_centroid_distance	spearman_rho	negative	0.049471273721736674	0.7317268273172682	0.5994400559944005	10000
S2_BCN12_AS_NR	random_forest	jensen_shannon_distance	spearman_rho	negative	0.028949379941198318	0.8306169383061693	0.5565443455654434	10000
S2_BCN12_AS_NR	random_forest	prevalence_l1_distance	spearman_rho	negative	-0.08372803998548803	0.587041295870413	0.29487051294870514	10000
S2_BCN12_AS_NR	random_forest	same_study_family	mean_auc_relation_1_minus_0	positive	-0.04781496819250436	0.30396960303969606	0.8454154584541546	10000
S2_BCN12_AS_NR	random_forest	same_country	mean_auc_relation_1_minus_0	positive	0.011719656375724086	0.7923207679232077	0.39466053394660533	10000
S2_BCN12_AS_NR	random_forest	same_macro_region	mean_auc_relation_1_minus_0	positive	-0.02470916583527616	0.5152484751524847	0.7409259074092591	10000
S2_BCN12_AS_NR	random_forest	same_treatment_scope_group	mean_auc_relation_1_minus_0	positive	-0.02437256301747942	0.5517448255174483	0.7163283671632836	10000
S2_BCN12_AS_NR	ridge	aitchison_centroid_distance	spearman_rho	negative	-0.10402644452081454	0.5029497050294971	0.24527547245275472	10000
S2_BCN12_AS_NR	ridge	bray_curtis_centroid_distance	spearman_rho	negative	0.034578982022225	0.8271172882711729	0.5669433056694331	10000
S2_BCN12_AS_NR	ridge	jensen_shannon_distance	spearman_rho	negative	0.011322606206347162	0.9413058694130587	0.5168483151684832	10000
S2_BCN12_AS_NR	ridge	prevalence_l1_distance	spearman_rho	negative	-0.16015697812898444	0.30886911308869114	0.15448455154484553	10000
S2_BCN12_AS_NR	ridge	same_study_family	mean_auc_relation_1_minus_0	positive	-0.01598178080578605	0.7323267673232676	0.6014398560143985	10000
S2_BCN12_AS_NR	ridge	same_country	mean_auc_relation_1_minus_0	positive	-0.008555092501066397	0.8353164683531646	0.5638436156384361	10000
S2_BCN12_AS_NR	ridge	same_macro_region	mean_auc_relation_1_minus_0	positive	-0.013326271233301434	0.7143285671432856	0.6215378462153784	10000
S2_BCN12_AS_NR	ridge	same_treatment_scope_group	mean_auc_relation_1_minus_0	positive	-0.02179572461522694	0.5372462753724627	0.6997300269973002	10000
S3_EXCLUDE_LEE_SITES	elastic_net	aitchison_centroid_distance	spearman_rho	negative	-0.08353611830912808	0.5915408459154085	0.28957104289571045	10000
S3_EXCLUDE_LEE_SITES	elastic_net	bray_curtis_centroid_distance	spearman_rho	negative	-0.00437956348416788	0.9775022497750225	0.49665033496650335	10000
S3_EXCLUDE_LEE_SITES	elastic_net	jensen_shannon_distance	spearman_rho	negative	-0.0008110302748459035	0.9982001799820018	0.5007499250074993	10000
S3_EXCLUDE_LEE_SITES	elastic_net	prevalence_l1_distance	spearman_rho	negative	-0.05952962217368932	0.6930306969303069	0.34806519348065196	10000
S3_EXCLUDE_LEE_SITES	elastic_net	same_study_family	mean_auc_relation_1_minus_0	positive	0.07600987582981811	0.19808019198080193	0.08239176082391761	10000
S3_EXCLUDE_LEE_SITES	elastic_net	same_country	mean_auc_relation_1_minus_0	positive	0.03616639632850527	0.393960603939606	0.1982801719828017	10000
S3_EXCLUDE_LEE_SITES	elastic_net	same_macro_region	mean_auc_relation_1_minus_0	positive	0.04628384068805014	0.2283771622837716	0.14238576142385762	10000
S3_EXCLUDE_LEE_SITES	elastic_net	same_treatment_scope_group	mean_auc_relation_1_minus_0	positive	5.470148715969181e-05	1.0	0.5170482951704829	10000
S3_EXCLUDE_LEE_SITES	random_forest	aitchison_centroid_distance	spearman_rho	negative	0.07704787611036085	0.688931106889311	0.656034396560344	10000
S3_EXCLUDE_LEE_SITES	random_forest	bray_curtis_centroid_distance	spearman_rho	negative	0.09651260270666252	0.5718428157184282	0.7261273872612739	10000
S3_EXCLUDE_LEE_SITES	random_forest	jensen_shannon_distance	spearman_rho	negative	0.10786702655450517	0.5474452554744526	0.7196280371962803	10000
S3_EXCLUDE_LEE_SITES	random_forest	prevalence_l1_distance	spearman_rho	negative	0.17242503643223914	0.4046595340465953	0.7949205079492051	10000
S3_EXCLUDE_LEE_SITES	random_forest	same_study_family	mean_auc_relation_1_minus_0	positive	0.04630530646855868	0.45535446455354467	0.22457754224577542	10000
S3_EXCLUDE_LEE_SITES	random_forest	same_country	mean_auc_relation_1_minus_0	positive	-0.0374635859562466	0.3554644535546445	0.841015898410159	10000
S3_EXCLUDE_LEE_SITES	random_forest	same_macro_region	mean_auc_relation_1_minus_0	positive	0.0048126098048738575	0.7987201279872013	0.46425357464253575	10000
S3_EXCLUDE_LEE_SITES	random_forest	same_treatment_scope_group	mean_auc_relation_1_minus_0	positive	0.015127844509818189	0.6823317668233176	0.3010698930106989	10000
S3_EXCLUDE_LEE_SITES	ridge	aitchison_centroid_distance	spearman_rho	negative	0.11451747480824158	0.5489451054894511	0.7309269073092691	10000
S3_EXCLUDE_LEE_SITES	ridge	bray_curtis_centroid_distance	spearman_rho	negative	0.16090840652942726	0.40105989401059894	0.7949205079492051	10000
S3_EXCLUDE_LEE_SITES	ridge	jensen_shannon_distance	spearman_rho	negative	0.1740470969819309	0.3645635436456354	0.8102189781021898	10000
S3_EXCLUDE_LEE_SITES	ridge	prevalence_l1_distance	spearman_rho	negative	0.028710471729544988	0.8811118888111189	0.5688431156884312	10000
S3_EXCLUDE_LEE_SITES	ridge	same_study_family	mean_auc_relation_1_minus_0	positive	0.052300736531690484	0.398960103989601	0.19418058194180582	10000
S3_EXCLUDE_LEE_SITES	ridge	same_country	mean_auc_relation_1_minus_0	positive	-0.03311482622919426	0.38316168383161686	0.82001799820018	10000
S3_EXCLUDE_LEE_SITES	ridge	same_macro_region	mean_auc_relation_1_minus_0	positive	-0.010197736284083936	0.796020397960204	0.6235376462353764	10000
S3_EXCLUDE_LEE_SITES	ridge	same_treatment_scope_group	mean_auc_relation_1_minus_0	positive	0.008675573100760503	0.8874112588741125	0.44375562443755623	10000
