step	gate	action	prespecified_value	target_data_allowed	target_labels_allowed	pass_criterion	failure_action
0	Package acquisition	Download DEBIAS-M 0.0.2 source distribution from PyPI and verify SHA-256.	51b194d88f265af06e3c36d780dbe6958d51f6a5367c1a0f555fa4ec3c354d1a	No	No	Hash matches official PyPI record	Stop
1	Isolated environment	Create candidate Python 3.10 / NumPy 1.26.4 / Lightning 1.9.x environment.	See environment_debiasm_candidate.yml	No	No	All imports succeed and versions are logged	Adjust environment only; do not alter scientific design
2	Synthetic smoke test	Run official-style synthetic example twice with identical external seeds.	Seed 20260802	Synthetic only	Synthetic evaluation only	Finite probabilities; identical repeated results; transformed rows sum to one	Stop and document incompatibility
3	Frozen matrix gate	Verify nonnegative relative abundances, row sums, sample IDs and contiguous numeric batch IDs.	363 patients; 2,205 species/SGB; domain batch	Yes, abundance only	No before prediction freeze	All matrix and linkage checks pass	Stop
4	Technical pilot	Run two non-inferential pilot folds: LODO Lee_Barcelona and LOSFO LeeKA_2022.	One seed; both standard-transductive and online-adaptive modes	As defined by estimand	Evaluation only after probabilities are saved	No NaN, convergence failure or invalid probability; logs retained	Stop and diagnose environment/implementation
5	Full benchmark	Run all nine LODO and five LOSFO folds with five external seeds.	Seeds: 20260802, 20260803, 20260804, 20260805, 20260806	Standard mode: target abundance in x_val; online mode: target abundance at adaptation	Evaluation only	All 140 correction fits complete	Report incomplete folds; never drop failures silently
6	Downstream locked classifier	Transform training and target abundances, then apply training-only CLR/scaling and the frozen class-balanced elastic-net.	C = 0.2; l1 ratio = 0.75; max 500 training-selected features	Only according to adaptation mode	No	No change to primary feature-selection rule or classifier	Stop
7	Evaluation	Calculate pooled and macro ROC AUC, PR AUC, PR lift, Brier score, calibration slope and log loss.	Report every fold, mode and seed	Predictions only	Yes — evaluation stage only	Metrics and cluster-bootstrap deltas produced	Document
8	Interpretation	Compare with the frozen baseline without promoting a new primary model.	Secondary domain-adaptation sensitivity	N/A	N/A	Claims follow estimand labels and uncertainty	Revise wording, not model
