scheme	held_out_group	mode	seed	prediction_type	debiasm_roc_auc	frozen_baseline_roc_auc	delta_roc_auc	debiasm_pr_auc	frozen_baseline_pr_auc	delta_pr_auc	debiasm_brier	frozen_baseline_brier	delta_brier
LODO	Frankel_US	online_adaptive	20260802	locked_downstream	0.5111111111111111	0.4777777777777778	0.03333333333333327	0.6325976277951257	0.6314741194417396	0.001123508353386149	0.3818453751633288	0.3446585736288789	0.037186801534449865
LODO	Frankel_US	online_adaptive	20260802	embedded_DEBIASM	0.5972222222222222	0.4777777777777778	0.11944444444444441	0.6864306182264173	0.6314741194417396	0.054956498784677676	0.2306987729957733	0.3446585736288789	-0.11395980063310562
LODO	Frankel_US	online_adaptive	20260803	locked_downstream	0.5166666666666667	0.4777777777777778	0.03888888888888892	0.6376278984503964	0.6314741194417396	0.006153779008656768	0.3806156305258812	0.3446585736288789	0.03595705689700229
LODO	Frankel_US	online_adaptive	20260803	embedded_DEBIASM	0.5944444444444444	0.4777777777777778	0.11666666666666664	0.6758136407661427	0.6314741194417396	0.04433952132440311	0.23075206330074677	0.3446585736288789	-0.11390651032813215
LODO	Frankel_US	online_adaptive	20260804	locked_downstream	0.5083333333333333	0.4777777777777778	0.030555555555555503	0.6296214373189352	0.6314741194417396	-0.0018526821228044277	0.38068737061324653	0.3446585736288789	0.03602879698436762
LODO	Frankel_US	online_adaptive	20260804	embedded_DEBIASM	0.6000000000000001	0.4777777777777778	0.12222222222222229	0.6971592897159583	0.6314741194417396	0.06568517027421872	0.23006183806846991	0.3446585736288789	-0.114596735560409
LODO	Frankel_US	online_adaptive	20260805	locked_downstream	0.5166666666666667	0.4777777777777778	0.03888888888888892	0.6376278984503964	0.6314741194417396	0.006153779008656768	0.38179779535228003	0.3446585736288789	0.03713922172340112
LODO	Frankel_US	online_adaptive	20260805	embedded_DEBIASM	0.5972222222222223	0.4777777777777778	0.11944444444444452	0.6837867787392807	0.6314741194417396	0.05231265929754114	0.23049878439948066	0.3446585736288789	-0.11415978922939826
LODO	Frankel_US	online_adaptive	20260806	locked_downstream	0.5166666666666666	0.4777777777777778	0.038888888888888806	0.6389010465985445	0.6314741194417396	0.00742692715680493	0.3815443706284115	0.3446585736288789	0.036885796999532594
LODO	Frankel_US	online_adaptive	20260806	embedded_DEBIASM	0.5944444444444444	0.4777777777777778	0.11666666666666664	0.6945682533013925	0.6314741194417396	0.0630941338596529	0.23037115224152233	0.3446585736288789	-0.11428742138735659
LODO	Frankel_US	standard_transductive	20260802	locked_downstream	0.5111111111111111	0.4777777777777778	0.03333333333333327	0.6419253781383222	0.6314741194417396	0.010451258696582588	0.34535981490960505	0.3446585736288789	0.0007012412807261281
LODO	Frankel_US	standard_transductive	20260802	embedded_DEBIASM	0.4555555555555556	0.4777777777777778	-0.0222222222222222	0.5609350897301495	0.6314741194417396	-0.0705390297115901	0.24843109041259653	0.3446585736288789	-0.09622748321628238
LODO	Frankel_US	standard_transductive	20260803	locked_downstream	0.5166666666666666	0.4777777777777778	0.038888888888888806	0.6442872138334912	0.6314741194417396	0.0128130943917516	0.34381893585780743	0.3446585736288789	-0.0008396377710714886
LODO	Frankel_US	standard_transductive	20260803	embedded_DEBIASM	0.45833333333333337	0.4777777777777778	-0.01944444444444443	0.5631025981476578	0.6314741194417396	-0.06837152129408175	0.24823308626923682	0.3446585736288789	-0.0964254873596421
LODO	Frankel_US	standard_transductive	20260804	locked_downstream	0.5166666666666666	0.4777777777777778	0.038888888888888806	0.6460559697689139	0.6314741194417396	0.014581850327174295	0.3445633155097623	0.3446585736288789	-9.525811911659243e-05
LODO	Frankel_US	standard_transductive	20260804	embedded_DEBIASM	0.44722222222222224	0.4777777777777778	-0.030555555555555558	0.5579495537283091	0.6314741194417396	-0.07352456571343047	0.24814860814171688	0.3446585736288789	-0.09650996548716204
LODO	Frankel_US	standard_transductive	20260805	locked_downstream	0.5055555555555555	0.4777777777777778	0.027777777777777735	0.6396645592470686	0.6314741194417396	0.008190439805328964	0.34469880509173817	0.3446585736288789	4.023146285925261e-05
LODO	Frankel_US	standard_transductive	20260805	embedded_DEBIASM	0.45277777777777783	0.4777777777777778	-0.024999999999999967	0.5603920689425634	0.6314741194417396	-0.07108205049917615	0.24945699420709241	0.3446585736288789	-0.0952015794217865
LODO	Frankel_US	standard_transductive	20260806	locked_downstream	0.5111111111111111	0.4777777777777778	0.03333333333333327	0.6419253781383222	0.6314741194417396	0.010451258696582588	0.3450587583186953	0.3446585736288789	0.0004001846898163963
LODO	Frankel_US	standard_transductive	20260806	embedded_DEBIASM	0.45000000000000007	0.4777777777777778	-0.027777777777777735	0.5591023864028809	0.6314741194417396	-0.07237173303885869	0.2493573365387727	0.3446585736288789	-0.09530123709010621
LODO	Gopalakrishnan_US	online_adaptive	20260802	locked_downstream	0.5584415584415584	0.551948051948052	0.00649350649350644	0.590771077661834	0.6026296038837142	-0.011858526221880217	0.2824325894653639	0.2807005903921053	0.0017319990732586055
LODO	Gopalakrishnan_US	online_adaptive	20260802	embedded_DEBIASM	0.5454545454545455	0.551948051948052	-0.00649350649350644	0.6175697990760103	0.6026296038837142	0.014940195192296057	0.24842267452847083	0.2807005903921053	-0.03227791586363449
LODO	Gopalakrishnan_US	online_adaptive	20260803	locked_downstream	0.564935064935065	0.551948051948052	0.012987012987012991	0.6026758395665959	0.6026296038837142	4.62356828816457e-05	0.28171397914939533	0.2807005903921053	0.0010133887572900124
LODO	Gopalakrishnan_US	online_adaptive	20260803	embedded_DEBIASM	0.5844155844155845	0.551948051948052	0.032467532467532534	0.6416332356394467	0.6026296038837142	0.039003631755732515	0.2471950564756523	0.2807005903921053	-0.03350553391645303
LODO	Gopalakrishnan_US	online_adaptive	20260804	locked_downstream	0.551948051948052	0.551948051948052	0.0	0.5862256231163794	0.6026296038837142	-0.016403980767334847	0.28362932803653296	0.2807005903921053	0.002928737644427637
LODO	Gopalakrishnan_US	online_adaptive	20260804	embedded_DEBIASM	0.577922077922078	0.551948051948052	0.025974025974025983	0.6371764579957857	0.6026296038837142	0.03454685411207148	0.24822026776408151	0.2807005903921053	-0.032480322628023806
LODO	Gopalakrishnan_US	online_adaptive	20260805	locked_downstream	0.5714285714285714	0.551948051948052	0.01948051948051943	0.6055644950287807	0.6026296038837142	0.0029348911450665094	0.2821160398450406	0.2807005903921053	0.001415449452935258
LODO	Gopalakrishnan_US	online_adaptive	20260805	embedded_DEBIASM	0.5324675324675325	0.551948051948052	-0.01948051948051943	0.59449693356617	0.6026296038837142	-0.008132670317544277	0.2500712659493514	0.2807005903921053	-0.030629324442753902
LODO	Gopalakrishnan_US	online_adaptive	20260806	locked_downstream	0.5714285714285714	0.551948051948052	0.01948051948051943	0.6055644950287807	0.6026296038837142	0.0029348911450665094	0.2816443637055585	0.2807005903921053	0.0009437733134531889
LODO	Gopalakrishnan_US	online_adaptive	20260806	embedded_DEBIASM	0.551948051948052	0.551948051948052	0.0	0.6042569214774183	0.6026296038837142	0.0016273175937040474	0.2502577663309717	0.2807005903921053	-0.030442824061133633
LODO	Gopalakrishnan_US	standard_transductive	20260802	locked_downstream	0.5584415584415584	0.551948051948052	0.00649350649350644	0.5852118119975263	0.6026296038837142	-0.017417791886187972	0.2911486307051467	0.2807005903921053	0.010448040313041362
LODO	Gopalakrishnan_US	standard_transductive	20260802	embedded_DEBIASM	0.487012987012987	0.551948051948052	-0.06493506493506496	0.6103122638081919	0.6026296038837142	0.007682659924477697	0.2557107574206453	0.2807005903921053	-0.024989832971460013
LODO	Gopalakrishnan_US	standard_transductive	20260803	locked_downstream	0.5454545454545454	0.551948051948052	-0.006493506493506551	0.5812256325455083	0.6026296038837142	-0.02140397133820593	0.29077951508252375	0.2807005903921053	0.010078924690418434
LODO	Gopalakrishnan_US	standard_transductive	20260803	embedded_DEBIASM	0.5	0.551948051948052	-0.051948051948051965	0.6345412887515025	0.6026296038837142	0.03191168486778828	0.2548434731396991	0.2807005903921053	-0.025857117252406248
LODO	Gopalakrishnan_US	standard_transductive	20260804	locked_downstream	0.5454545454545454	0.551948051948052	-0.006493506493506551	0.5812256325455083	0.6026296038837142	-0.02140397133820593	0.2935590780316192	0.2807005903921053	0.01285848763951386
LODO	Gopalakrishnan_US	standard_transductive	20260804	embedded_DEBIASM	0.49350649350649345	0.551948051948052	-0.05844155844155852	0.6489478847232246	0.6026296038837142	0.046318280839510395	0.25625199491109274	0.2807005903921053	-0.02444859548101258
LODO	Gopalakrishnan_US	standard_transductive	20260805	locked_downstream	0.5584415584415584	0.551948051948052	0.00649350649350644	0.5852118119975263	0.6026296038837142	-0.017417791886187972	0.29138944142928724	0.2807005903921053	0.010688851037181923
LODO	Gopalakrishnan_US	standard_transductive	20260805	embedded_DEBIASM	0.4805194805194805	0.551948051948052	-0.07142857142857145	0.6040424225383506	0.6026296038837142	0.001412818654636383	0.25794005570595663	0.2807005903921053	-0.022760534686148692
LODO	Gopalakrishnan_US	standard_transductive	20260806	locked_downstream	0.551948051948052	0.551948051948052	0.0	0.5780689548546691	0.6026296038837142	-0.02456064902904509	0.2913677446932665	0.2807005903921053	0.010667154301161164
LODO	Gopalakrishnan_US	standard_transductive	20260806	embedded_DEBIASM	0.45454545454545453	0.551948051948052	-0.09740259740259744	0.5952970910724309	0.6026296038837142	-0.0073325128112833315	0.26019925195939725	0.2807005903921053	-0.02050133843270807
LODO	Lee_Barcelona	online_adaptive	20260802	locked_downstream	0.5555555555555555	0.4444444444444444	0.11111111111111105	0.6353535353535353	0.6471861471861472	-0.011832611832611861	0.3384066504968255	0.3441184737711902	-0.005711823274364702
LODO	Lee_Barcelona	online_adaptive	20260802	embedded_DEBIASM	0.2777777777777778	0.4444444444444444	-0.16666666666666663	0.42328042328042326	0.6471861471861472	-0.22390572390572394	0.28958162710267654	0.3441184737711902	-0.05453684666851366
LODO	Lee_Barcelona	online_adaptive	20260803	locked_downstream	0.5833333333333333	0.4444444444444444	0.13888888888888884	0.6631313131313131	0.6471861471861472	0.01594516594516593	0.3352493709912007	0.3441184737711902	-0.00886910277998948
LODO	Lee_Barcelona	online_adaptive	20260803	embedded_DEBIASM	0.2777777777777778	0.4444444444444444	-0.16666666666666663	0.42328042328042326	0.6471861471861472	-0.22390572390572394	0.2894443952082654	0.3441184737711902	-0.05467407856292478
LODO	Lee_Barcelona	online_adaptive	20260804	locked_downstream	0.611111111111111	0.4444444444444444	0.16666666666666663	0.7186868686868686	0.6471861471861472	0.0715007215007214	0.33564237674500536	0.3441184737711902	-0.008476097026184848
LODO	Lee_Barcelona	online_adaptive	20260804	embedded_DEBIASM	0.2777777777777778	0.4444444444444444	-0.16666666666666663	0.42328042328042326	0.6471861471861472	-0.22390572390572394	0.2904180459959728	0.3441184737711902	-0.053700427775217385
LODO	Lee_Barcelona	online_adaptive	20260805	locked_downstream	0.5555555555555555	0.4444444444444444	0.11111111111111105	0.6353535353535353	0.6471861471861472	-0.011832611832611861	0.3355912176740556	0.3441184737711902	-0.008527256097134617
LODO	Lee_Barcelona	online_adaptive	20260805	embedded_DEBIASM	0.3055555555555556	0.4444444444444444	-0.13888888888888884	0.43439153439153444	0.6471861471861472	-0.21279461279461276	0.2893578871000244	0.3441184737711902	-0.05476058667116579
LODO	Lee_Barcelona	online_adaptive	20260806	locked_downstream	0.611111111111111	0.4444444444444444	0.16666666666666663	0.7186868686868686	0.6471861471861472	0.0715007215007214	0.3341484048994287	0.3441184737711902	-0.009970068871761495
LODO	Lee_Barcelona	online_adaptive	20260806	embedded_DEBIASM	0.2777777777777778	0.4444444444444444	-0.16666666666666663	0.42328042328042326	0.6471861471861472	-0.22390572390572394	0.28959033206860835	0.3441184737711902	-0.054528141702581856
LODO	Lee_Barcelona	standard_transductive	20260802	locked_downstream	0.4444444444444444	0.4444444444444444	0.0	0.5833333333333334	0.6471861471861472	-0.06385281385281383	0.3514070857516385	0.3441184737711902	0.0072886119804482785
LODO	Lee_Barcelona	standard_transductive	20260802	embedded_DEBIASM	0.5277777777777777	0.4444444444444444	0.08333333333333326	0.6876623376623376	0.6471861471861472	0.04047619047619044	0.28478790553596145	0.3441184737711902	-0.05933056823522875
LODO	Lee_Barcelona	standard_transductive	20260803	locked_downstream	0.4444444444444444	0.4444444444444444	0.0	0.5833333333333334	0.6471861471861472	-0.06385281385281383	0.3476974847372447	0.3441184737711902	0.0035790109660545077
LODO	Lee_Barcelona	standard_transductive	20260803	embedded_DEBIASM	0.5277777777777777	0.4444444444444444	0.08333333333333326	0.6876623376623376	0.6471861471861472	0.04047619047619044	0.28514384637370266	0.3441184737711902	-0.058974627397487545
LODO	Lee_Barcelona	standard_transductive	20260804	locked_downstream	0.4444444444444444	0.4444444444444444	0.0	0.5833333333333334	0.6471861471861472	-0.06385281385281383	0.34950728369655293	0.3441184737711902	0.005388809925362725
LODO	Lee_Barcelona	standard_transductive	20260804	embedded_DEBIASM	0.5277777777777777	0.4444444444444444	0.08333333333333326	0.6876623376623376	0.6471861471861472	0.04047619047619044	0.28595958529589954	0.3441184737711902	-0.05815888847529066
LODO	Lee_Barcelona	standard_transductive	20260805	locked_downstream	0.4444444444444444	0.4444444444444444	0.0	0.5833333333333334	0.6471861471861472	-0.06385281385281383	0.3500049802851906	0.3441184737711902	0.005886506514000411
LODO	Lee_Barcelona	standard_transductive	20260805	embedded_DEBIASM	0.5277777777777777	0.4444444444444444	0.08333333333333326	0.6876623376623376	0.6471861471861472	0.04047619047619044	0.28486948284632635	0.3441184737711902	-0.059248990924863854
LODO	Lee_Barcelona	standard_transductive	20260806	locked_downstream	0.4444444444444444	0.4444444444444444	0.0	0.5833333333333334	0.6471861471861472	-0.06385281385281383	0.34846318536471355	0.3441184737711902	0.004344711593523343
LODO	Lee_Barcelona	standard_transductive	20260806	embedded_DEBIASM	0.5277777777777777	0.4444444444444444	0.08333333333333326	0.6876623376623376	0.6471861471861472	0.04047619047619044	0.2853238192079178	0.3441184737711902	-0.05879465456327243
LODO	Lee_Leeds	online_adaptive	20260802	locked_downstream	0.5375000000000001	0.5125000000000001	0.025000000000000022	0.5739128845011199	0.5628427128427129	0.011070171658406958	0.32687761178553953	0.3079940905993599	0.01888352118617964
LODO	Lee_Leeds	online_adaptive	20260802	embedded_DEBIASM	0.47500000000000003	0.5125000000000001	-0.03750000000000003	0.6206733544233544	0.5628427128427129	0.05783064158064144	0.2588762245308638	0.3079940905993599	-0.04911786606849611
LODO	Lee_Leeds	online_adaptive	20260803	locked_downstream	0.525	0.5125000000000001	0.012499999999999956	0.5572462178344532	0.5628427128427129	-0.005596495008259761	0.3261960082283837	0.3079940905993599	0.01820191762902379
LODO	Lee_Leeds	online_adaptive	20260803	embedded_DEBIASM	0.4875	0.5125000000000001	-0.025000000000000078	0.6356733544233544	0.5628427128427129	0.07283064158064145	0.2589744648078278	0.3079940905993599	-0.04901962579153207
LODO	Lee_Leeds	online_adaptive	20260804	locked_downstream	0.525	0.5125000000000001	0.012499999999999956	0.5572462178344532	0.5628427128427129	-0.005596495008259761	0.32679954881262213	0.3079940905993599	0.01880545821326224
LODO	Lee_Leeds	online_adaptive	20260804	embedded_DEBIASM	0.47500000000000003	0.5125000000000001	-0.03750000000000003	0.5751605339105339	0.5628427128427129	0.012317821067820978	0.25818376796548925	0.3079940905993599	-0.04981032263387064
LODO	Lee_Leeds	online_adaptive	20260805	locked_downstream	0.525	0.5125000000000001	0.012499999999999956	0.5572462178344532	0.5628427128427129	-0.005596495008259761	0.32666931682776157	0.3079940905993599	0.018675226228401676
LODO	Lee_Leeds	online_adaptive	20260805	embedded_DEBIASM	0.4875	0.5125000000000001	-0.025000000000000078	0.6356733544233544	0.5628427128427129	0.07283064158064145	0.2574663839544077	0.3079940905993599	-0.05052770664495221
LODO	Lee_Leeds	online_adaptive	20260806	locked_downstream	0.5375000000000001	0.5125000000000001	0.025000000000000022	0.5739128845011199	0.5628427128427129	0.011070171658406958	0.3268793543514469	0.3079940905993599	0.01888526375208699
LODO	Lee_Leeds	online_adaptive	20260806	embedded_DEBIASM	0.4625000000000001	0.5125000000000001	-0.04999999999999999	0.5706733544233544	0.5628427128427129	0.007830641580641506	0.258617048908645	0.3079940905993599	-0.049377041690714885
LODO	Lee_Leeds	standard_transductive	20260802	locked_downstream	0.5125	0.5125000000000001	-1.1102230246251565e-16	0.5656998556998558	0.5628427128427129	0.0028571428571428914	0.3147767452372351	0.3079940905993599	0.006782654637875196
LODO	Lee_Leeds	standard_transductive	20260802	embedded_DEBIASM	0.4125	0.5125000000000001	-0.10000000000000009	0.615676219205631	0.5628427128427129	0.05283350636291806	0.272548042647787	0.3079940905993599	-0.03544604795157291
LODO	Lee_Leeds	standard_transductive	20260803	locked_downstream	0.5125	0.5125000000000001	-1.1102230246251565e-16	0.5656998556998558	0.5628427128427129	0.0028571428571428914	0.3135152000238148	0.3079940905993599	0.005521109424454884
LODO	Lee_Leeds	standard_transductive	20260803	embedded_DEBIASM	0.4375	0.5125000000000001	-0.07500000000000007	0.6273645308939426	0.5628427128427129	0.0645218180512297	0.2725677765428899	0.3079940905993599	-0.03542631405647001
LODO	Lee_Leeds	standard_transductive	20260804	locked_downstream	0.5	0.5125000000000001	-0.012500000000000067	0.5585569985569987	0.5628427128427129	-0.004285714285714226	0.31362119638320246	0.3079940905993599	0.0056271057838425675
LODO	Lee_Leeds	standard_transductive	20260804	embedded_DEBIASM	0.4	0.5125000000000001	-0.11250000000000004	0.6085333620627738	0.5628427128427129	0.04569064922006083	0.27186551011243726	0.3079940905993599	-0.036128580486922635
LODO	Lee_Leeds	standard_transductive	20260805	locked_downstream	0.5125	0.5125000000000001	-1.1102230246251565e-16	0.5656998556998558	0.5628427128427129	0.0028571428571428914	0.31332577231967046	0.3079940905993599	0.005331681720310566
LODO	Lee_Leeds	standard_transductive	20260805	embedded_DEBIASM	0.42500000000000004	0.5125000000000001	-0.08750000000000002	0.6194857430151548	0.5628427128427129	0.05664303017244188	0.27111623270494634	0.3079940905993599	-0.03687785789441356
LODO	Lee_Leeds	standard_transductive	20260806	locked_downstream	0.5125	0.5125000000000001	-1.1102230246251565e-16	0.5656998556998558	0.5628427128427129	0.0028571428571428914	0.31452299272081286	0.3079940905993599	0.006528902121452962
LODO	Lee_Leeds	standard_transductive	20260806	embedded_DEBIASM	0.4125	0.5125000000000001	-0.10000000000000009	0.6130788166082283	0.5628427128427129	0.05023610376551535	0.2717351312158429	0.3079940905993599	-0.036258959383516975
LODO	Lee_Manchester	online_adaptive	20260802	locked_downstream	0.4551282051282052	0.39743589743589747	0.05769230769230771	0.5053291232761047	0.43548071575901703	0.06984840751708765	0.3679856149367371	0.3851776068788583	-0.017191991942121232
LODO	Lee_Manchester	online_adaptive	20260802	embedded_DEBIASM	0.42948717948717946	0.39743589743589747	0.03205128205128199	0.4435763511850469	0.43548071575901703	0.008095635426029868	0.2847127831340218	0.3851776068788583	-0.1004648237448365
LODO	Lee_Manchester	online_adaptive	20260803	locked_downstream	0.4551282051282052	0.39743589743589747	0.05769230769230771	0.5053291232761047	0.43548071575901703	0.06984840751708765	0.36594529408464366	0.3851776068788583	-0.019232312794214668
LODO	Lee_Manchester	online_adaptive	20260803	embedded_DEBIASM	0.46794871794871795	0.39743589743589747	0.07051282051282048	0.4635843116341838	0.43548071575901703	0.028103595875166754	0.28367236824901143	0.3851776068788583	-0.1015052386298469
LODO	Lee_Manchester	online_adaptive	20260804	locked_downstream	0.46153846153846156	0.39743589743589747	0.0641025641025641	0.5097934089903905	0.43548071575901703	0.07431269323137346	0.362900043340654	0.3851776068788583	-0.022277563538204315
LODO	Lee_Manchester	online_adaptive	20260804	embedded_DEBIASM	0.47435897435897434	0.39743589743589747	0.07692307692307687	0.46946666457536024	0.43548071575901703	0.0339859488163432	0.28790051720370413	0.3851776068788583	-0.0972770896751542
LODO	Lee_Manchester	online_adaptive	20260805	locked_downstream	0.46153846153846156	0.39743589743589747	0.0641025641025641	0.5097934089903905	0.43548071575901703	0.07431269323137346	0.36592392161131654	0.3851776068788583	-0.019253685267541787
LODO	Lee_Manchester	online_adaptive	20260805	embedded_DEBIASM	0.45512820512820507	0.39743589743589747	0.0576923076923076	0.45432505237492454	0.43548071575901703	0.01884433661590751	0.2857352144553262	0.3851776068788583	-0.09944239242353214
LODO	Lee_Manchester	online_adaptive	20260806	locked_downstream	0.4551282051282052	0.39743589743589747	0.05769230769230771	0.5053291232761047	0.43548071575901703	0.06984840751708765	0.36593354541621304	0.3851776068788583	-0.01924406146264529
LODO	Lee_Manchester	online_adaptive	20260806	embedded_DEBIASM	0.4871794871794871	0.39743589743589747	0.08974358974358965	0.47417972928842494	0.43548071575901703	0.03869901352940791	0.2836906340732541	0.3851776068788583	-0.1014869728056042
LODO	Lee_Manchester	standard_transductive	20260802	locked_downstream	0.41025641025641024	0.39743589743589747	0.012820512820512775	0.4532110318875025	0.43548071575901703	0.017730316128485468	0.37762082158844146	0.3851776068788583	-0.0075567852904168675
LODO	Lee_Manchester	standard_transductive	20260802	embedded_DEBIASM	0.41666666666666663	0.39743589743589747	0.019230769230769162	0.4715064863520241	0.43548071575901703	0.036025770593007045	0.2928639908330105	0.3851776068788583	-0.09231361604584781
LODO	Lee_Manchester	standard_transductive	20260803	locked_downstream	0.40384615384615385	0.39743589743589747	0.0064102564102563875	0.4393221429986136	0.43548071575901703	0.003841427239596573	0.377044658228854	0.3851776068788583	-0.008132948650004301
LODO	Lee_Manchester	standard_transductive	20260803	embedded_DEBIASM	0.4358974358974359	0.39743589743589747	0.038461538461538436	0.46687772331154687	0.43548071575901703	0.03139700755252983	0.2939252064765786	0.3851776068788583	-0.09125240040227972
LODO	Lee_Manchester	standard_transductive	20260804	locked_downstream	0.41025641025641024	0.39743589743589747	0.012820512820512775	0.44395177262824326	0.43548071575901703	0.008471056869226223	0.3745324115462337	0.3851776068788583	-0.010645195332624646
LODO	Lee_Manchester	standard_transductive	20260804	embedded_DEBIASM	0.46153846153846156	0.39743589743589747	0.0641025641025641	0.5294284237341008	0.43548071575901703	0.09394770797508378	0.29483587969829245	0.3851776068788583	-0.09034172718056588
LODO	Lee_Manchester	standard_transductive	20260805	locked_downstream	0.41025641025641024	0.39743589743589747	0.012820512820512775	0.44395177262824326	0.43548071575901703	0.008471056869226223	0.37690191098767106	0.3851776068788583	-0.008275695891187262
LODO	Lee_Manchester	standard_transductive	20260805	embedded_DEBIASM	0.39743589743589747	0.39743589743589747	0.0	0.4645531813724033	0.43548071575901703	0.029072465613386278	0.29614315421972043	0.3851776068788583	-0.0890344526591379
LODO	Lee_Manchester	standard_transductive	20260806	locked_downstream	0.40384615384615385	0.39743589743589747	0.0064102564102563875	0.4393221429986136	0.43548071575901703	0.003841427239596573	0.3762299596429433	0.3851776068788583	-0.008947647235915013
LODO	Lee_Manchester	standard_transductive	20260806	embedded_DEBIASM	0.4551282051282051	0.39743589743589747	0.057692307692307654	0.5272850444525636	0.43548071575901703	0.0918043286935466	0.29129823075536	0.3851776068788583	-0.09387937612349834
LODO	Lee_PRIMM_NL	online_adaptive	20260802	locked_downstream	0.5895316804407713	0.6019283746556474	-0.012396694214876103	0.6559630992293307	0.6935693231462094	-0.037606223916878734	0.28503937498411025	0.26583258051604963	0.019206794468060617
LODO	Lee_PRIMM_NL	online_adaptive	20260802	embedded_DEBIASM	0.5385674931129476	0.6019283746556474	-0.06336088154269981	0.6243281859191206	0.6935693231462094	-0.0692411372270888	0.2401795395214993	0.26583258051604963	-0.02565304099455032
LODO	Lee_PRIMM_NL	online_adaptive	20260803	locked_downstream	0.5895316804407713	0.6019283746556474	-0.012396694214876103	0.6511122114423374	0.6935693231462094	-0.04245711170387201	0.28517811919014696	0.26583258051604963	0.01934553867409733
LODO	Lee_PRIMM_NL	online_adaptive	20260803	embedded_DEBIASM	0.5454545454545455	0.6019283746556474	-0.05647382920110189	0.6256730248373097	0.6935693231462094	-0.06789629830889976	0.2404520534709678	0.26583258051604963	-0.02538052704508184
LODO	Lee_PRIMM_NL	online_adaptive	20260804	locked_downstream	0.5922865013774106	0.6019283746556474	-0.009641873278236845	0.6593138611816465	0.6935693231462094	-0.03425546196456297	0.28583116472951015	0.26583258051604963	0.019998584213460513
LODO	Lee_PRIMM_NL	online_adaptive	20260804	embedded_DEBIASM	0.5358126721763086	0.6019283746556474	-0.06611570247933884	0.6224570099878578	0.6935693231462094	-0.07111231315835165	0.24144545500089298	0.26583258051604963	-0.02438712551515665
LODO	Lee_PRIMM_NL	online_adaptive	20260805	locked_downstream	0.5895316804407713	0.6019283746556474	-0.012396694214876103	0.6552135698540407	0.6935693231462094	-0.03835575329216878	0.2862513213416543	0.26583258051604963	0.020418740825604687
LODO	Lee_PRIMM_NL	online_adaptive	20260805	embedded_DEBIASM	0.5440771349862259	0.6019283746556474	-0.05785123966942152	0.6260127278445469	0.6935693231462094	-0.06755659530166258	0.24072578513035603	0.26583258051604963	-0.025106795385693603
LODO	Lee_PRIMM_NL	online_adaptive	20260806	locked_downstream	0.5895316804407713	0.6019283746556474	-0.012396694214876103	0.6572869870171223	0.6935693231462094	-0.036282336129087156	0.28554215048045245	0.26583258051604963	0.019709569964402818
LODO	Lee_PRIMM_NL	online_adaptive	20260806	embedded_DEBIASM	0.5454545454545454	0.6019283746556474	-0.056473829201102	0.6290864840943466	0.6935693231462094	-0.0644828390518628	0.24099307394592834	0.26583258051604963	-0.024839506570121295
LODO	Lee_PRIMM_NL	standard_transductive	20260802	locked_downstream	0.5964187327823691	0.6019283746556474	-0.005509641873278293	0.6655908500208013	0.6935693231462094	-0.027978473125408132	0.27420639597215896	0.26583258051604963	0.008373815456109324
LODO	Lee_PRIMM_NL	standard_transductive	20260802	embedded_DEBIASM	0.5523415977961432	0.6019283746556474	-0.04958677685950419	0.6642994307253915	0.6935693231462094	-0.0292698924208179	0.23264661483973098	0.26583258051604963	-0.03318596567631865
LODO	Lee_PRIMM_NL	standard_transductive	20260803	locked_downstream	0.5977961432506887	0.6019283746556474	-0.004132231404958664	0.6669246630015983	0.6935693231462094	-0.0266446601446112	0.27420077526217923	0.26583258051604963	0.008368194746129598
LODO	Lee_PRIMM_NL	standard_transductive	20260803	embedded_DEBIASM	0.5550964187327825	0.6019283746556474	-0.04683195592286493	0.665050506457092	0.6935693231462094	-0.028518816689117488	0.2331863534762057	0.26583258051604963	-0.032646227039843934
LODO	Lee_PRIMM_NL	standard_transductive	20260804	locked_downstream	0.5977961432506886	0.6019283746556474	-0.004132231404958775	0.6661081136959598	0.6935693231462094	-0.027461209450249657	0.27504706958010067	0.26583258051604963	0.009214489064051035
LODO	Lee_PRIMM_NL	standard_transductive	20260804	embedded_DEBIASM	0.5647382920110193	0.6019283746556474	-0.037190082644628086	0.6836721317104056	0.6935693231462094	-0.00989719143580381	0.23332177670070522	0.26583258051604963	-0.03251080381534441
LODO	Lee_PRIMM_NL	standard_transductive	20260805	locked_downstream	0.5991735537190084	0.6019283746556474	-0.0027548209366390353	0.6671276900870532	0.6935693231462094	-0.026441633059156255	0.27488370476853297	0.26583258051604963	0.009051124252483334
LODO	Lee_PRIMM_NL	standard_transductive	20260805	embedded_DEBIASM	0.5633608815426997	0.6019283746556474	-0.038567493112947715	0.6832692315191037	0.6935693231462094	-0.010300091627105767	0.2330310389423437	0.26583258051604963	-0.032801541573705933
LODO	Lee_PRIMM_NL	standard_transductive	20260806	locked_downstream	0.59366391184573	0.6019283746556474	-0.008264462809917439	0.6637334098103451	0.6935693231462094	-0.029835913335864328	0.27467972324507184	0.26583258051604963	0.008847142729022206
LODO	Lee_PRIMM_NL	standard_transductive	20260806	embedded_DEBIASM	0.5482093663911846	0.6019283746556474	-0.05371900826446285	0.6625574213739478	0.6935693231462094	-0.031011901772261652	0.23393385569031624	0.26583258051604963	-0.03189872482573339
LODO	Lee_PRIMM_UK	online_adaptive	20260802	locked_downstream	0.7258297258297258	0.7272727272727273	-0.0014430014430014682	0.8452399637849288	0.8516968803608815	-0.006456916575952709	0.2633326216562925	0.23839273230735253	0.02493988934893998
LODO	Lee_PRIMM_UK	online_adaptive	20260802	embedded_DEBIASM	0.6464646464646465	0.7272727272727273	-0.08080808080808077	0.7800324417460506	0.8516968803608815	-0.07166443861483096	0.2297767902165139	0.23839273230735253	-0.00861594209083863
LODO	Lee_PRIMM_UK	online_adaptive	20260803	locked_downstream	0.7258297258297258	0.7272727272727273	-0.0014430014430014682	0.8456119957359082	0.8516968803608815	-0.0060848846249733635	0.26352697151758775	0.23839273230735253	0.02513423921023522
LODO	Lee_PRIMM_UK	online_adaptive	20260803	embedded_DEBIASM	0.6479076479076479	0.7272727272727273	-0.07936507936507942	0.796454844506208	0.8516968803608815	-0.05524203585467358	0.2290961133695088	0.23839273230735253	-0.009296618937843726
LODO	Lee_PRIMM_UK	online_adaptive	20260804	locked_downstream	0.7243867243867244	0.7272727272727273	-0.0028860028860029363	0.844398212943178	0.8516968803608815	-0.007298667417703575	0.2635022637079104	0.23839273230735253	0.025109531400557883
LODO	Lee_PRIMM_UK	online_adaptive	20260804	embedded_DEBIASM	0.6536796536796536	0.7272727272727273	-0.07359307359307365	0.7959982240769065	0.8516968803608815	-0.05569865628397508	0.2288715082320744	0.23839273230735253	-0.00952122407527814
LODO	Lee_PRIMM_UK	online_adaptive	20260805	locked_downstream	0.7258297258297258	0.7272727272727273	-0.0014430014430014682	0.8448227481503219	0.8516968803608815	-0.006874132210559658	0.26387064790564974	0.23839273230735253	0.025477915598297207
LODO	Lee_PRIMM_UK	online_adaptive	20260805	embedded_DEBIASM	0.6608946608946609	0.7272727272727273	-0.06637806637806642	0.7994253488831117	0.8516968803608815	-0.05227153147776986	0.22871624897218	0.23839273230735253	-0.009676483335172542
LODO	Lee_PRIMM_UK	online_adaptive	20260806	locked_downstream	0.7258297258297258	0.7272727272727273	-0.0014430014430014682	0.8448227481503219	0.8516968803608815	-0.006874132210559658	0.2625434450437958	0.23839273230735253	0.02415071273644326
LODO	Lee_PRIMM_UK	online_adaptive	20260806	embedded_DEBIASM	0.6507936507936509	0.7272727272727273	-0.07647907647907637	0.7839267199437399	0.8516968803608815	-0.06777016041714168	0.22914722641348584	0.23839273230735253	-0.00924550589386669
LODO	Lee_PRIMM_UK	standard_transductive	20260802	locked_downstream	0.7272727272727273	0.7272727272727273	0.0	0.8546571494014168	0.8516968803608815	0.002960269040535257	0.23576490153196433	0.23839273230735253	-0.0026278307753881958
LODO	Lee_PRIMM_UK	standard_transductive	20260802	embedded_DEBIASM	0.5772005772005773	0.7272727272727273	-0.15007215007215002	0.6790717843345562	0.8516968803608815	-0.17262509602632536	0.2340605777732501	0.23839273230735253	-0.004332154534102434
LODO	Lee_PRIMM_UK	standard_transductive	20260803	locked_downstream	0.7301587301587302	0.7272727272727273	0.0028860028860029363	0.8562302199034375	0.8516968803608815	0.00453333954255597	0.23606349343724115	0.23839273230735253	-0.002329238870111383
LODO	Lee_PRIMM_UK	standard_transductive	20260803	embedded_DEBIASM	0.5743145743145743	0.7272727272727273	-0.15295815295815296	0.6767494229352655	0.8516968803608815	-0.17494745742561602	0.23405204610351582	0.23839273230735253	-0.004340686203836708
LODO	Lee_PRIMM_UK	standard_transductive	20260804	locked_downstream	0.7330447330447329	0.7272727272727273	0.005772005772005651	0.8578907621938532	0.8516968803608815	0.006193881832971648	0.23596253907124698	0.23839273230735253	-0.002430193236105549
LODO	Lee_PRIMM_UK	standard_transductive	20260804	embedded_DEBIASM	0.5815295815295816	0.7272727272727273	-0.14574314574314573	0.6816967274506903	0.8516968803608815	-0.17000015291019122	0.23372110282911324	0.23839273230735253	-0.004671629478239292
LODO	Lee_PRIMM_UK	standard_transductive	20260805	locked_downstream	0.733044733044733	0.7272727272727273	0.005772005772005762	0.8584898067218478	0.8516968803608815	0.006792926360966289	0.23538363949312083	0.23839273230735253	-0.003009092814231701
LODO	Lee_PRIMM_UK	standard_transductive	20260805	embedded_DEBIASM	0.5786435786435786	0.7272727272727273	-0.14862914862914867	0.6802145142330336	0.8516968803608815	-0.17148236612784795	0.23360968476853203	0.23839273230735253	-0.004783047538820501
LODO	Lee_PRIMM_UK	standard_transductive	20260806	locked_downstream	0.733044733044733	0.7272727272727273	0.005772005772005762	0.8584898067218478	0.8516968803608815	0.006792926360966289	0.23536906850372497	0.23839273230735253	-0.003023663803627563
LODO	Lee_PRIMM_UK	standard_transductive	20260806	embedded_DEBIASM	0.5757575757575758	0.7272727272727273	-0.1515151515151515	0.67664533818597	0.8516968803608815	-0.1750515421749116	0.23360262103660354	0.23839273230735253	-0.004790111270748992
LODO	Matson_US	online_adaptive	20260802	locked_downstream	0.4226190476190476	0.42559523809523814	-0.002976190476190521	0.3859823187593092	0.38320706574401153	0.002775253015297685	0.3834712234462148	0.38933900134125543	-0.005867777895040616
LODO	Matson_US	online_adaptive	20260802	embedded_DEBIASM	0.48809523809523814	0.42559523809523814	0.0625	0.39790402694427457	0.38320706574401153	0.014696961200263037	0.32693055829714185	0.38933900134125543	-0.06240844304411358
LODO	Matson_US	online_adaptive	20260803	locked_downstream	0.42261904761904756	0.42559523809523814	-0.0029761904761905766	0.38561033406519984	0.38320706574401153	0.002403268321188312	0.38254009916783266	0.38933900134125543	-0.006798902173422772
LODO	Matson_US	online_adaptive	20260803	embedded_DEBIASM	0.4761904761904762	0.42559523809523814	0.05059523809523808	0.3833964636798313	0.38320706574401153	0.00018939793581979059	0.32286242461777104	0.38933900134125543	-0.06647657672348439
LODO	Matson_US	online_adaptive	20260804	locked_downstream	0.4226190476190476	0.42559523809523814	-0.002976190476190521	0.386713312911356	0.38320706574401153	0.0035062471673444895	0.38255535984335476	0.38933900134125543	-0.006783641497900672
LODO	Matson_US	online_adaptive	20260804	embedded_DEBIASM	0.4910714285714286	0.42559523809523814	0.06547619047619047	0.3988509959200778	0.38320706574401153	0.015643930176066245	0.3236719351799175	0.38933900134125543	-0.06566706616133794
LODO	Matson_US	online_adaptive	20260805	locked_downstream	0.4196428571428571	0.42559523809523814	-0.005952380952381042	0.3844810285880683	0.38320706574401153	0.0012739628440567863	0.3841092522372516	0.38933900134125543	-0.005229749104003811
LODO	Matson_US	online_adaptive	20260805	embedded_DEBIASM	0.49404761904761907	0.42559523809523814	0.06845238095238093	0.3971710522482593	0.38320706574401153	0.013963986504247794	0.32485060111711045	0.38933900134125543	-0.06448840022414498
LODO	Matson_US	online_adaptive	20260806	locked_downstream	0.4196428571428571	0.42559523809523814	-0.005952380952381042	0.3844810285880683	0.38320706574401153	0.0012739628440567863	0.386633272977383	0.38933900134125543	-0.0027057283638724505
LODO	Matson_US	online_adaptive	20260806	embedded_DEBIASM	0.48511904761904756	0.42559523809523814	0.05952380952380942	0.39169647010646563	0.38320706574401153	0.0084894043624541	0.32259374174660094	0.38933900134125543	-0.0667452595946545
LODO	Matson_US	standard_transductive	20260802	locked_downstream	0.42857142857142855	0.42559523809523814	0.00297619047619041	0.38676359291215723	0.38320706574401153	0.0035565271681456956	0.38303288371517147	0.38933900134125543	-0.006306117626083962
LODO	Matson_US	standard_transductive	20260802	embedded_DEBIASM	0.5684523809523809	0.42559523809523814	0.1428571428571428	0.45657546691962525	0.38320706574401153	0.07336840117561372	0.3480344002958624	0.38933900134125543	-0.04130460104539302
LODO	Matson_US	standard_transductive	20260803	locked_downstream	0.43452380952380953	0.42559523809523814	0.008928571428571397	0.3885429096545282	0.38320706574401153	0.005335843910516669	0.38216992000136035	0.38933900134125543	-0.007169081339895078
LODO	Matson_US	standard_transductive	20260803	embedded_DEBIASM	0.5684523809523809	0.42559523809523814	0.1428571428571428	0.45871229852627105	0.38320706574401153	0.07550523278225951	0.34450896502961076	0.38933900134125543	-0.04483003631164467
LODO	Matson_US	standard_transductive	20260804	locked_downstream	0.43452380952380953	0.42559523809523814	0.008928571428571397	0.3885429096545282	0.38320706574401153	0.005335843910516669	0.3822631934772113	0.38933900134125543	-0.0070758078640441036
LODO	Matson_US	standard_transductive	20260804	embedded_DEBIASM	0.5565476190476191	0.42559523809523814	0.13095238095238093	0.4670930501080325	0.38320706574401153	0.08388598436402095	0.3454699689956971	0.38933900134125543	-0.043869032345558334
LODO	Matson_US	standard_transductive	20260805	locked_downstream	0.43154761904761907	0.42559523809523814	0.005952380952380931	0.38757528122384555	0.38320706574401153	0.0043682154798340145	0.3830970926448606	0.38933900134125543	-0.006241908696394849
LODO	Matson_US	standard_transductive	20260805	embedded_DEBIASM	0.5535714285714286	0.42559523809523814	0.12797619047619047	0.4584723450543692	0.38320706574401153	0.07526527931035765	0.34804386793476666	0.38933900134125543	-0.04129513340648877
LODO	Matson_US	standard_transductive	20260806	locked_downstream	0.43452380952380953	0.42559523809523814	0.008928571428571397	0.3885429096545282	0.38320706574401153	0.005335843910516669	0.38437403294956063	0.38933900134125543	-0.004964968391694802
LODO	Matson_US	standard_transductive	20260806	embedded_DEBIASM	0.5654761904761905	0.42559523809523814	0.13988095238095233	0.4556566008545738	0.38320706574401153	0.07244953511056229	0.34521074613597985	0.38933900134125543	-0.04412825520527558
LODO	Spencer_US	online_adaptive	20260802	locked_downstream	0.596424702058505	0.5547128927410618	0.041711809317443116	0.8033920481996313	0.7861041076844226	0.017287940515208655	0.316676137335655	0.3174009390304208	-0.0007248016947658531
LODO	Spencer_US	online_adaptive	20260802	embedded_DEBIASM	0.5368364030335862	0.5547128927410618	-0.017876489707475685	0.7222137602932646	0.7861041076844226	-0.06389034739115806	0.2266560496216266	0.3174009390304208	-0.09074488940879422
LODO	Spencer_US	online_adaptive	20260803	locked_downstream	0.5996749729144095	0.5547128927410618	0.044962080173347685	0.8048369710314562	0.7861041076844226	0.018732863347033613	0.3163232842873914	0.3174009390304208	-0.0010776547430293992
LODO	Spencer_US	online_adaptive	20260803	embedded_DEBIASM	0.534127843986999	0.5547128927410618	-0.020585048754062862	0.7204275183253471	0.7861041076844226	-0.0656765893590755	0.22579019658736163	0.3174009390304208	-0.0916107424430592
LODO	Spencer_US	online_adaptive	20260804	locked_downstream	0.600216684723727	0.5547128927410618	0.04550379198266519	0.803790855406309	0.7861041076844226	0.017686747721886387	0.31657494081846155	0.3174009390304208	-0.0008259982119592779
LODO	Spencer_US	online_adaptive	20260804	embedded_DEBIASM	0.5346695557963164	0.5547128927410618	-0.02004333694474547	0.7216834838399279	0.7861041076844226	-0.06442062384449476	0.2258306181692773	0.3174009390304208	-0.09157032086114353
LODO	Spencer_US	online_adaptive	20260805	locked_downstream	0.6013001083423618	0.5547128927410618	0.04658721560129997	0.8051119882237926	0.7861041076844226	0.01900788053936997	0.3159213329504355	0.3174009390304208	-0.0014796060799853183
LODO	Spencer_US	online_adaptive	20260805	embedded_DEBIASM	0.5346695557963164	0.5547128927410618	-0.02004333694474547	0.7216292091479184	0.7861041076844226	-0.06447489853650423	0.22695602718143545	0.3174009390304208	-0.09044491184898537
LODO	Spencer_US	online_adaptive	20260806	locked_downstream	0.5985915492957747	0.5547128927410618	0.0438786565547129	0.8041975523116304	0.7861041076844226	0.018093444627207744	0.3160174045298183	0.3174009390304208	-0.0013835345006025235
LODO	Spencer_US	online_adaptive	20260806	embedded_DEBIASM	0.5373781148429035	0.5547128927410618	-0.017334777898158293	0.7199072408311924	0.7861041076844226	-0.06619686685323023	0.22692310919183503	0.3174009390304208	-0.0904778298385858
LODO	Spencer_US	standard_transductive	20260802	locked_downstream	0.5861321776814734	0.5547128927410618	0.031419284940411574	0.7950439576576553	0.7861041076844226	0.008939849973232716	0.30005003736078883	0.3174009390304208	-0.01735090166963199
LODO	Spencer_US	standard_transductive	20260802	embedded_DEBIASM	0.5140845070422535	0.5547128927410618	-0.040628385698808334	0.7260195670239087	0.7861041076844226	-0.06008454066051394	0.24197844948042624	0.3174009390304208	-0.07542248954999459
LODO	Spencer_US	standard_transductive	20260803	locked_downstream	0.5882990249187432	0.5547128927410618	0.03358613217768136	0.7963944366899607	0.7861041076844226	0.010290329005538057	0.2993767713123662	0.3174009390304208	-0.01802416771805465
LODO	Spencer_US	standard_transductive	20260803	embedded_DEBIASM	0.5075839653304443	0.5547128927410618	-0.04712892741061758	0.7205978366861199	0.7861041076844226	-0.06550627099830275	0.2413555505126408	0.3174009390304208	-0.07604538851778003
LODO	Spencer_US	standard_transductive	20260804	locked_downstream	0.5877573131094258	0.5547128927410618	0.03304442036836397	0.7959439567283764	0.7861041076844226	0.009839849043953741	0.2997653793834896	0.3174009390304208	-0.017635559646931198
LODO	Spencer_US	standard_transductive	20260804	embedded_DEBIASM	0.5108342361863488	0.5547128927410618	-0.043878656554713014	0.7158108843762035	0.7861041076844226	-0.07029322330821908	0.24203249729676282	0.3174009390304208	-0.075368441733658
LODO	Spencer_US	standard_transductive	20260805	locked_downstream	0.5882990249187433	0.5547128927410618	0.03358613217768147	0.7952383060058092	0.7861041076844226	0.009134198321386622	0.2994798574254871	0.3174009390304208	-0.01792108160493372
LODO	Spencer_US	standard_transductive	20260805	embedded_DEBIASM	0.5108342361863488	0.5547128927410618	-0.043878656554713014	0.7159038845305619	0.7861041076844226	-0.07020022315386076	0.2429555594591287	0.3174009390304208	-0.07444537957129213
LODO	Spencer_US	standard_transductive	20260806	locked_downstream	0.5861321776814734	0.5547128927410618	0.031419284940411574	0.7950238828713752	0.7861041076844226	0.008919775186952528	0.299516769775146	0.3174009390304208	-0.017884169255274807
LODO	Spencer_US	standard_transductive	20260806	embedded_DEBIASM	0.5113759479956663	0.5547128927410618	-0.04333694474539551	0.7254452869789265	0.7861041076844226	-0.06065882070549611	0.2434524407349615	0.3174009390304208	-0.07394849829545933
LOSFO	FrankelAE_2017	online_adaptive	20260802	locked_downstream	0.5111111111111111	0.4777777777777778	0.03333333333333327	0.6325976277951257	0.6314741194417396	0.001123508353386149	0.3818453751633288	0.3446585736288789	0.037186801534449865
LOSFO	FrankelAE_2017	online_adaptive	20260802	embedded_DEBIASM	0.5972222222222222	0.4777777777777778	0.11944444444444441	0.6864306182264173	0.6314741194417396	0.054956498784677676	0.2306987729957733	0.3446585736288789	-0.11395980063310562
LOSFO	FrankelAE_2017	online_adaptive	20260803	locked_downstream	0.5166666666666667	0.4777777777777778	0.03888888888888892	0.6376278984503964	0.6314741194417396	0.006153779008656768	0.3806156305258812	0.3446585736288789	0.03595705689700229
LOSFO	FrankelAE_2017	online_adaptive	20260803	embedded_DEBIASM	0.5944444444444444	0.4777777777777778	0.11666666666666664	0.6758136407661427	0.6314741194417396	0.04433952132440311	0.23075206330074677	0.3446585736288789	-0.11390651032813215
LOSFO	FrankelAE_2017	online_adaptive	20260804	locked_downstream	0.5083333333333333	0.4777777777777778	0.030555555555555503	0.6296214373189352	0.6314741194417396	-0.0018526821228044277	0.38068737061324653	0.3446585736288789	0.03602879698436762
LOSFO	FrankelAE_2017	online_adaptive	20260804	embedded_DEBIASM	0.6000000000000001	0.4777777777777778	0.12222222222222229	0.6971592897159583	0.6314741194417396	0.06568517027421872	0.23006183806846991	0.3446585736288789	-0.114596735560409
LOSFO	FrankelAE_2017	online_adaptive	20260805	locked_downstream	0.5166666666666667	0.4777777777777778	0.03888888888888892	0.6376278984503964	0.6314741194417396	0.006153779008656768	0.38179779535228003	0.3446585736288789	0.03713922172340112
LOSFO	FrankelAE_2017	online_adaptive	20260805	embedded_DEBIASM	0.5972222222222223	0.4777777777777778	0.11944444444444452	0.6837867787392807	0.6314741194417396	0.05231265929754114	0.23049878439948066	0.3446585736288789	-0.11415978922939826
LOSFO	FrankelAE_2017	online_adaptive	20260806	locked_downstream	0.5166666666666666	0.4777777777777778	0.038888888888888806	0.6389010465985445	0.6314741194417396	0.00742692715680493	0.3815443706284115	0.3446585736288789	0.036885796999532594
LOSFO	FrankelAE_2017	online_adaptive	20260806	embedded_DEBIASM	0.5944444444444444	0.4777777777777778	0.11666666666666664	0.6945682533013925	0.6314741194417396	0.0630941338596529	0.23037115224152233	0.3446585736288789	-0.11428742138735659
LOSFO	FrankelAE_2017	standard_transductive	20260802	locked_downstream	0.5111111111111111	0.4777777777777778	0.03333333333333327	0.6419253781383222	0.6314741194417396	0.010451258696582588	0.34535981490960505	0.3446585736288789	0.0007012412807261281
LOSFO	FrankelAE_2017	standard_transductive	20260802	embedded_DEBIASM	0.4555555555555556	0.4777777777777778	-0.0222222222222222	0.5609350897301495	0.6314741194417396	-0.0705390297115901	0.24843109041259653	0.3446585736288789	-0.09622748321628238
LOSFO	FrankelAE_2017	standard_transductive	20260803	locked_downstream	0.5166666666666666	0.4777777777777778	0.038888888888888806	0.6442872138334912	0.6314741194417396	0.0128130943917516	0.34381893585780743	0.3446585736288789	-0.0008396377710714886
LOSFO	FrankelAE_2017	standard_transductive	20260803	embedded_DEBIASM	0.45833333333333337	0.4777777777777778	-0.01944444444444443	0.5631025981476578	0.6314741194417396	-0.06837152129408175	0.24823308626923682	0.3446585736288789	-0.0964254873596421
LOSFO	FrankelAE_2017	standard_transductive	20260804	locked_downstream	0.5166666666666666	0.4777777777777778	0.038888888888888806	0.6460559697689139	0.6314741194417396	0.014581850327174295	0.3445633155097623	0.3446585736288789	-9.525811911659243e-05
LOSFO	FrankelAE_2017	standard_transductive	20260804	embedded_DEBIASM	0.44722222222222224	0.4777777777777778	-0.030555555555555558	0.5579495537283091	0.6314741194417396	-0.07352456571343047	0.24814860814171688	0.3446585736288789	-0.09650996548716204
LOSFO	FrankelAE_2017	standard_transductive	20260805	locked_downstream	0.5055555555555555	0.4777777777777778	0.027777777777777735	0.6396645592470686	0.6314741194417396	0.008190439805328964	0.34469880509173817	0.3446585736288789	4.023146285925261e-05
LOSFO	FrankelAE_2017	standard_transductive	20260805	embedded_DEBIASM	0.45277777777777783	0.4777777777777778	-0.024999999999999967	0.5603920689425634	0.6314741194417396	-0.07108205049917615	0.24945699420709241	0.3446585736288789	-0.0952015794217865
LOSFO	FrankelAE_2017	standard_transductive	20260806	locked_downstream	0.5111111111111111	0.4777777777777778	0.03333333333333327	0.6419253781383222	0.6314741194417396	0.010451258696582588	0.3450587583186953	0.3446585736288789	0.0004001846898163963
LOSFO	FrankelAE_2017	standard_transductive	20260806	embedded_DEBIASM	0.45000000000000007	0.4777777777777778	-0.027777777777777735	0.5591023864028809	0.6314741194417396	-0.07237173303885869	0.2493573365387727	0.3446585736288789	-0.09530123709010621
LOSFO	GopalakrishnanV_2018	online_adaptive	20260802	locked_downstream	0.5584415584415584	0.551948051948052	0.00649350649350644	0.590771077661834	0.6026296038837142	-0.011858526221880217	0.2824325894653639	0.2807005903921053	0.0017319990732586055
LOSFO	GopalakrishnanV_2018	online_adaptive	20260802	embedded_DEBIASM	0.5454545454545455	0.551948051948052	-0.00649350649350644	0.6175697990760103	0.6026296038837142	0.014940195192296057	0.24842267452847083	0.2807005903921053	-0.03227791586363449
LOSFO	GopalakrishnanV_2018	online_adaptive	20260803	locked_downstream	0.564935064935065	0.551948051948052	0.012987012987012991	0.6026758395665959	0.6026296038837142	4.62356828816457e-05	0.28171397914939533	0.2807005903921053	0.0010133887572900124
LOSFO	GopalakrishnanV_2018	online_adaptive	20260803	embedded_DEBIASM	0.5844155844155845	0.551948051948052	0.032467532467532534	0.6416332356394467	0.6026296038837142	0.039003631755732515	0.2471950564756523	0.2807005903921053	-0.03350553391645303
LOSFO	GopalakrishnanV_2018	online_adaptive	20260804	locked_downstream	0.551948051948052	0.551948051948052	0.0	0.5862256231163794	0.6026296038837142	-0.016403980767334847	0.28362932803653296	0.2807005903921053	0.002928737644427637
LOSFO	GopalakrishnanV_2018	online_adaptive	20260804	embedded_DEBIASM	0.577922077922078	0.551948051948052	0.025974025974025983	0.6371764579957857	0.6026296038837142	0.03454685411207148	0.24822026776408151	0.2807005903921053	-0.032480322628023806
LOSFO	GopalakrishnanV_2018	online_adaptive	20260805	locked_downstream	0.5714285714285714	0.551948051948052	0.01948051948051943	0.6055644950287807	0.6026296038837142	0.0029348911450665094	0.2821160398450406	0.2807005903921053	0.001415449452935258
LOSFO	GopalakrishnanV_2018	online_adaptive	20260805	embedded_DEBIASM	0.5324675324675325	0.551948051948052	-0.01948051948051943	0.59449693356617	0.6026296038837142	-0.008132670317544277	0.2500712659493514	0.2807005903921053	-0.030629324442753902
LOSFO	GopalakrishnanV_2018	online_adaptive	20260806	locked_downstream	0.5714285714285714	0.551948051948052	0.01948051948051943	0.6055644950287807	0.6026296038837142	0.0029348911450665094	0.2816443637055585	0.2807005903921053	0.0009437733134531889
LOSFO	GopalakrishnanV_2018	online_adaptive	20260806	embedded_DEBIASM	0.551948051948052	0.551948051948052	0.0	0.6042569214774183	0.6026296038837142	0.0016273175937040474	0.2502577663309717	0.2807005903921053	-0.030442824061133633
LOSFO	GopalakrishnanV_2018	standard_transductive	20260802	locked_downstream	0.5584415584415584	0.551948051948052	0.00649350649350644	0.5852118119975263	0.6026296038837142	-0.017417791886187972	0.2911486307051467	0.2807005903921053	0.010448040313041362
LOSFO	GopalakrishnanV_2018	standard_transductive	20260802	embedded_DEBIASM	0.487012987012987	0.551948051948052	-0.06493506493506496	0.6103122638081919	0.6026296038837142	0.007682659924477697	0.2557107574206453	0.2807005903921053	-0.024989832971460013
LOSFO	GopalakrishnanV_2018	standard_transductive	20260803	locked_downstream	0.5454545454545454	0.551948051948052	-0.006493506493506551	0.5812256325455083	0.6026296038837142	-0.02140397133820593	0.29077951508252375	0.2807005903921053	0.010078924690418434
LOSFO	GopalakrishnanV_2018	standard_transductive	20260803	embedded_DEBIASM	0.5	0.551948051948052	-0.051948051948051965	0.6345412887515025	0.6026296038837142	0.03191168486778828	0.2548434731396991	0.2807005903921053	-0.025857117252406248
LOSFO	GopalakrishnanV_2018	standard_transductive	20260804	locked_downstream	0.5454545454545454	0.551948051948052	-0.006493506493506551	0.5812256325455083	0.6026296038837142	-0.02140397133820593	0.2935590780316192	0.2807005903921053	0.01285848763951386
LOSFO	GopalakrishnanV_2018	standard_transductive	20260804	embedded_DEBIASM	0.49350649350649345	0.551948051948052	-0.05844155844155852	0.6489478847232246	0.6026296038837142	0.046318280839510395	0.25625199491109274	0.2807005903921053	-0.02444859548101258
LOSFO	GopalakrishnanV_2018	standard_transductive	20260805	locked_downstream	0.5584415584415584	0.551948051948052	0.00649350649350644	0.5852118119975263	0.6026296038837142	-0.017417791886187972	0.29138944142928724	0.2807005903921053	0.010688851037181923
LOSFO	GopalakrishnanV_2018	standard_transductive	20260805	embedded_DEBIASM	0.4805194805194805	0.551948051948052	-0.07142857142857145	0.6040424225383506	0.6026296038837142	0.001412818654636383	0.25794005570595663	0.2807005903921053	-0.022760534686148692
LOSFO	GopalakrishnanV_2018	standard_transductive	20260806	locked_downstream	0.551948051948052	0.551948051948052	0.0	0.5780689548546691	0.6026296038837142	-0.02456064902904509	0.2913677446932665	0.2807005903921053	0.010667154301161164
LOSFO	GopalakrishnanV_2018	standard_transductive	20260806	embedded_DEBIASM	0.45454545454545453	0.551948051948052	-0.09740259740259744	0.5952970910724309	0.6026296038837142	-0.0073325128112833315	0.26019925195939725	0.2807005903921053	-0.02050133843270807
LOSFO	LeeKA_2022	online_adaptive	20260802	locked_downstream	0.46352583586626134	0.43738601823708206	0.026139817629179274	0.5516377234679244	0.5319023871347093	0.019735336333215114	0.3978179717289122	0.4238825006586294	-0.026064528929717223
LOSFO	LeeKA_2022	online_adaptive	20260802	embedded_DEBIASM	0.505015197568389	0.43738601823708206	0.06762917933130691	0.5611877651615345	0.5319023871347093	0.029285378026825182	0.2586848857252053	0.4238825006586294	-0.1651976149334241
LOSFO	LeeKA_2022	online_adaptive	20260803	locked_downstream	0.46489361702127663	0.43738601823708206	0.027507598784194565	0.5530638093391282	0.5319023871347093	0.021161422204418967	0.39694732481397854	0.4238825006586294	-0.026935175844650883
LOSFO	LeeKA_2022	online_adaptive	20260803	embedded_DEBIASM	0.5142857142857142	0.43738601823708206	0.07689969604863217	0.5706428492090418	0.5319023871347093	0.03874046207433257	0.2586550464799784	0.4238825006586294	-0.16522745417865103
LOSFO	LeeKA_2022	online_adaptive	20260804	locked_downstream	0.46322188449848023	0.43738601823708206	0.025835866261398166	0.5506334149547356	0.5319023871347093	0.018731027820026336	0.39821544733628633	0.4238825006586294	-0.025667053322343092
LOSFO	LeeKA_2022	online_adaptive	20260804	embedded_DEBIASM	0.5062310030395136	0.43738601823708206	0.06884498480243156	0.5647948788051975	0.5319023871347093	0.032892491670488244	0.25427195944916	0.4238825006586294	-0.16961054120946945
LOSFO	LeeKA_2022	online_adaptive	20260805	locked_downstream	0.4667173252279635	0.43738601823708206	0.029331306990881434	0.5537900100429218	0.5319023871347093	0.021887622908212556	0.3969161111945791	0.4238825006586294	-0.026966389464050333
LOSFO	LeeKA_2022	online_adaptive	20260805	embedded_DEBIASM	0.5127659574468084	0.43738601823708206	0.07537993920972635	0.5691152087652831	0.5319023871347093	0.03721282163057382	0.2563129428601372	0.4238825006586294	-0.1675695577984922
LOSFO	LeeKA_2022	online_adaptive	20260806	locked_downstream	0.4623100303951368	0.43738601823708206	0.02492401215805473	0.5509534177120468	0.5319023871347093	0.01905103057733748	0.3989078765262783	0.4238825006586294	-0.02497462413235113
LOSFO	LeeKA_2022	online_adaptive	20260806	embedded_DEBIASM	0.5104863221884498	0.43738601823708206	0.07310030395136774	0.5685800658502923	0.5319023871347093	0.03667767871558303	0.2584107982408757	0.4238825006586294	-0.16547170241775372
LOSFO	LeeKA_2022	standard_transductive	20260802	locked_downstream	0.4484802431610942	0.43738601823708206	0.01109422492401213	0.5365218648235147	0.5319023871347093	0.00461947768880544	0.40832370695120906	0.4238825006586294	-0.01555879370742036
LOSFO	LeeKA_2022	standard_transductive	20260802	embedded_DEBIASM	0.47963525835866266	0.43738601823708206	0.0422492401215806	0.553243846007866	0.5319023871347093	0.02134145887315675	0.26215671928699696	0.4238825006586294	-0.16172578137163246
LOSFO	LeeKA_2022	standard_transductive	20260803	locked_downstream	0.44939209726443763	0.43738601823708206	0.012006079027355565	0.5371375487489396	0.5319023871347093	0.0052351616142303214	0.4073888347466361	0.4238825006586294	-0.016493665911993305
LOSFO	LeeKA_2022	standard_transductive	20260803	embedded_DEBIASM	0.4857142857142857	0.43738601823708206	0.048328267477203646	0.55603364702782	0.5319023871347093	0.024131259893110713	0.2630968816662152	0.4238825006586294	-0.16078561899241423
LOSFO	LeeKA_2022	standard_transductive	20260804	locked_downstream	0.44832826747720367	0.43738601823708206	0.010942249240121604	0.5362538022615186	0.5319023871347093	0.004351415126809366	0.4097748586324089	0.4238825006586294	-0.014107642026220502
LOSFO	LeeKA_2022	standard_transductive	20260804	embedded_DEBIASM	0.48267477203647413	0.43738601823708206	0.04528875379939207	0.5543667777808897	0.5319023871347093	0.022464390646180443	0.25858634255493	0.4238825006586294	-0.1652961581036994
LOSFO	LeeKA_2022	standard_transductive	20260805	locked_downstream	0.4503039513677811	0.43738601823708206	0.012917933130699055	0.5381154642238157	0.5319023871347093	0.006213077089106456	0.4069461323931571	0.4238825006586294	-0.016936368265472346
LOSFO	LeeKA_2022	standard_transductive	20260805	embedded_DEBIASM	0.4796352583586626	0.43738601823708206	0.042249240121580545	0.553515197955797	0.5319023871347093	0.02161281082108768	0.26042395977600963	0.4238825006586294	-0.1634585408826198
LOSFO	LeeKA_2022	standard_transductive	20260806	locked_downstream	0.4492401215805471	0.43738601823708206	0.011854103343465039	0.5376565617020643	0.5319023871347093	0.005754174567355053	0.4089842929253765	0.4238825006586294	-0.0148982077332529
LOSFO	LeeKA_2022	standard_transductive	20260806	embedded_DEBIASM	0.4802431610942249	0.43738601823708206	0.042857142857142816	0.5527184895457169	0.5319023871347093	0.02081610241100762	0.2617361610440544	0.4238825006586294	-0.16214633961457503
LOSFO	MatsonV_2018	online_adaptive	20260802	locked_downstream	0.4226190476190476	0.42559523809523814	-0.002976190476190521	0.3859823187593092	0.38320706574401153	0.002775253015297685	0.3834712234462148	0.3890546166045446	-0.005583393158329786
LOSFO	MatsonV_2018	online_adaptive	20260802	embedded_DEBIASM	0.48809523809523814	0.42559523809523814	0.0625	0.39790402694427457	0.38320706574401153	0.014696961200263037	0.32693055829714185	0.3890546166045446	-0.06212405830740275
LOSFO	MatsonV_2018	online_adaptive	20260803	locked_downstream	0.42261904761904756	0.42559523809523814	-0.0029761904761905766	0.38561033406519984	0.38320706574401153	0.002403268321188312	0.38254009916783266	0.3890546166045446	-0.006514517436711942
LOSFO	MatsonV_2018	online_adaptive	20260803	embedded_DEBIASM	0.4761904761904762	0.42559523809523814	0.05059523809523808	0.3833964636798313	0.38320706574401153	0.00018939793581979059	0.32286242461777104	0.3890546166045446	-0.06619219198677356
LOSFO	MatsonV_2018	online_adaptive	20260804	locked_downstream	0.4226190476190476	0.42559523809523814	-0.002976190476190521	0.386713312911356	0.38320706574401153	0.0035062471673444895	0.38255535984335476	0.3890546166045446	-0.006499256761189842
LOSFO	MatsonV_2018	online_adaptive	20260804	embedded_DEBIASM	0.4910714285714286	0.42559523809523814	0.06547619047619047	0.3988509959200778	0.38320706574401153	0.015643930176066245	0.3236719351799175	0.3890546166045446	-0.06538268142462711
LOSFO	MatsonV_2018	online_adaptive	20260805	locked_downstream	0.4196428571428571	0.42559523809523814	-0.005952380952381042	0.3844810285880683	0.38320706574401153	0.0012739628440567863	0.3841092522372516	0.3890546166045446	-0.0049453643672929815
LOSFO	MatsonV_2018	online_adaptive	20260805	embedded_DEBIASM	0.49404761904761907	0.42559523809523814	0.06845238095238093	0.3971710522482593	0.38320706574401153	0.013963986504247794	0.32485060111711045	0.3890546166045446	-0.06420401548743415
LOSFO	MatsonV_2018	online_adaptive	20260806	locked_downstream	0.4196428571428571	0.42559523809523814	-0.005952380952381042	0.3844810285880683	0.38320706574401153	0.0012739628440567863	0.386633272977383	0.3890546166045446	-0.0024213436271616207
LOSFO	MatsonV_2018	online_adaptive	20260806	embedded_DEBIASM	0.48511904761904756	0.42559523809523814	0.05952380952380942	0.39169647010646563	0.38320706574401153	0.0084894043624541	0.32259374174660094	0.3890546166045446	-0.06646087485794366
LOSFO	MatsonV_2018	standard_transductive	20260802	locked_downstream	0.42857142857142855	0.42559523809523814	0.00297619047619041	0.38676359291215723	0.38320706574401153	0.0035565271681456956	0.38303288371517147	0.3890546166045446	-0.0060217328893731326
LOSFO	MatsonV_2018	standard_transductive	20260802	embedded_DEBIASM	0.5684523809523809	0.42559523809523814	0.1428571428571428	0.45657546691962525	0.38320706574401153	0.07336840117561372	0.3480344002958624	0.3890546166045446	-0.04102021630868219
LOSFO	MatsonV_2018	standard_transductive	20260803	locked_downstream	0.43452380952380953	0.42559523809523814	0.008928571428571397	0.3885429096545282	0.38320706574401153	0.005335843910516669	0.38216992000136035	0.3890546166045446	-0.006884696603184248
LOSFO	MatsonV_2018	standard_transductive	20260803	embedded_DEBIASM	0.5684523809523809	0.42559523809523814	0.1428571428571428	0.45871229852627105	0.38320706574401153	0.07550523278225951	0.34450896502961076	0.3890546166045446	-0.04454565157493384
LOSFO	MatsonV_2018	standard_transductive	20260804	locked_downstream	0.43452380952380953	0.42559523809523814	0.008928571428571397	0.3885429096545282	0.38320706574401153	0.005335843910516669	0.3822631934772113	0.3890546166045446	-0.006791423127333274
LOSFO	MatsonV_2018	standard_transductive	20260804	embedded_DEBIASM	0.5565476190476191	0.42559523809523814	0.13095238095238093	0.4670930501080325	0.38320706574401153	0.08388598436402095	0.3454699689956971	0.3890546166045446	-0.043584647608847504
LOSFO	MatsonV_2018	standard_transductive	20260805	locked_downstream	0.43154761904761907	0.42559523809523814	0.005952380952380931	0.38757528122384555	0.38320706574401153	0.0043682154798340145	0.3830970926448606	0.3890546166045446	-0.005957523959684019
LOSFO	MatsonV_2018	standard_transductive	20260805	embedded_DEBIASM	0.5535714285714286	0.42559523809523814	0.12797619047619047	0.4584723450543692	0.38320706574401153	0.07526527931035765	0.34804386793476666	0.3890546166045446	-0.04101074866977794
LOSFO	MatsonV_2018	standard_transductive	20260806	locked_downstream	0.43452380952380953	0.42559523809523814	0.008928571428571397	0.3885429096545282	0.38320706574401153	0.005335843910516669	0.38437403294956063	0.3890546166045446	-0.004680583654983972
LOSFO	MatsonV_2018	standard_transductive	20260806	embedded_DEBIASM	0.5654761904761905	0.42559523809523814	0.13988095238095233	0.4556566008545738	0.38320706574401153	0.07244953511056229	0.34521074613597985	0.3890546166045446	-0.04384387046856475
LOSFO	SpencerCN_2021	online_adaptive	20260802	locked_downstream	0.596424702058505	0.5552546045503792	0.041170097508125725	0.8033920481996313	0.7863795270389582	0.01701252116067309	0.316676137335655	0.3175099465597212	-0.0008338092240662287
LOSFO	SpencerCN_2021	online_adaptive	20260802	embedded_DEBIASM	0.5368364030335862	0.5552546045503792	-0.018418201516793076	0.7222137602932646	0.7863795270389582	-0.06416576674569363	0.2266560496216266	0.3175099465597212	-0.09085389693809459
LOSFO	SpencerCN_2021	online_adaptive	20260803	locked_downstream	0.5996749729144095	0.5552546045503792	0.044420368364030294	0.8048369710314562	0.7863795270389582	0.018457443992498046	0.3163232842873914	0.3175099465597212	-0.0011866622723297748
LOSFO	SpencerCN_2021	online_adaptive	20260803	embedded_DEBIASM	0.534127843986999	0.5552546045503792	-0.021126760563380254	0.7204275183253471	0.7863795270389582	-0.06595200871361107	0.22579019658736163	0.3175099465597212	-0.09171974997235957
LOSFO	SpencerCN_2021	online_adaptive	20260804	locked_downstream	0.600216684723727	0.5552546045503792	0.044962080173347796	0.803790855406309	0.7863795270389582	0.01741132836735082	0.31657494081846155	0.3175099465597212	-0.0009350057412596535
LOSFO	SpencerCN_2021	online_adaptive	20260804	embedded_DEBIASM	0.5346695557963164	0.5552546045503792	-0.020585048754062862	0.7216834838399279	0.7863795270389582	-0.06469604319903033	0.2258306181692773	0.3175099465597212	-0.0916793283904439
LOSFO	SpencerCN_2021	online_adaptive	20260805	locked_downstream	0.6013001083423618	0.5552546045503792	0.04604550379198258	0.8051119882237926	0.7863795270389582	0.018732461184834404	0.3159213329504355	0.3175099465597212	-0.001588613609285694
LOSFO	SpencerCN_2021	online_adaptive	20260805	embedded_DEBIASM	0.5346695557963164	0.5552546045503792	-0.020585048754062862	0.7216292091479184	0.7863795270389582	-0.0647503178910398	0.22695602718143545	0.3175099465597212	-0.09055391937828575
LOSFO	SpencerCN_2021	online_adaptive	20260806	locked_downstream	0.5985915492957747	0.5552546045503792	0.04333694474539551	0.8041975523116304	0.7863795270389582	0.017818025272672178	0.3160174045298183	0.3175099465597212	-0.001492542029902899
LOSFO	SpencerCN_2021	online_adaptive	20260806	embedded_DEBIASM	0.5373781148429035	0.5552546045503792	-0.017876489707475685	0.7199072408311924	0.7863795270389582	-0.0664722862077658	0.22692310919183503	0.3175099465597212	-0.09058683736788617
LOSFO	SpencerCN_2021	standard_transductive	20260802	locked_downstream	0.5861321776814734	0.5552546045503792	0.030877573131094183	0.7950439576576553	0.7863795270389582	0.00866443061869715	0.30005003736078883	0.3175099465597212	-0.017459909198932366
LOSFO	SpencerCN_2021	standard_transductive	20260802	embedded_DEBIASM	0.5140845070422535	0.5552546045503792	-0.041170097508125725	0.7260195670239087	0.7863795270389582	-0.06035996001504951	0.24197844948042624	0.3175099465597212	-0.07553149707929496
LOSFO	SpencerCN_2021	standard_transductive	20260803	locked_downstream	0.5882990249187432	0.5552546045503792	0.03304442036836397	0.7963944366899607	0.7863795270389582	0.01001490965100249	0.2993767713123662	0.3175099465597212	-0.018133175247355027
LOSFO	SpencerCN_2021	standard_transductive	20260803	embedded_DEBIASM	0.5075839653304443	0.5552546045503792	-0.047670639219934974	0.7205978366861199	0.7863795270389582	-0.06578169035283832	0.2413555505126408	0.3175099465597212	-0.07615439604708041
LOSFO	SpencerCN_2021	standard_transductive	20260804	locked_downstream	0.5877573131094258	0.5552546045503792	0.03250270855904658	0.7959439567283764	0.7863795270389582	0.009564429689418175	0.2997653793834896	0.3175099465597212	-0.017744567176231574
LOSFO	SpencerCN_2021	standard_transductive	20260804	embedded_DEBIASM	0.5108342361863488	0.5552546045503792	-0.044420368364030405	0.7158108843762035	0.7863795270389582	-0.07056864266275464	0.24203249729676282	0.3175099465597212	-0.07547744926295838
LOSFO	SpencerCN_2021	standard_transductive	20260805	locked_downstream	0.5882990249187433	0.5552546045503792	0.03304442036836408	0.7952383060058092	0.7863795270389582	0.008858778966851055	0.2994798574254871	0.3175099465597212	-0.018030089134234095
LOSFO	SpencerCN_2021	standard_transductive	20260805	embedded_DEBIASM	0.5108342361863488	0.5552546045503792	-0.044420368364030405	0.7159038845305619	0.7863795270389582	-0.07047564250839633	0.2429555594591287	0.3175099465597212	-0.0745543871005925
LOSFO	SpencerCN_2021	standard_transductive	20260806	locked_downstream	0.5861321776814734	0.5552546045503792	0.030877573131094183	0.7950238828713752	0.7863795270389582	0.008644355832416961	0.299516769775146	0.3175099465597212	-0.017993176784575182
LOSFO	SpencerCN_2021	standard_transductive	20260806	embedded_DEBIASM	0.5113759479956663	0.5552546045503792	-0.0438786565547129	0.7254452869789265	0.7863795270389582	-0.060934240060031675	0.2434524407349615	0.3175099465597212	-0.0740575058247597
