scheme	mode	seed	prediction_type	n	responders	non_responders	prevalence	roc_auc	pr_auc	pr_lift	brier	log_loss	calibration_intercept	calibration_slope	macro_roc_auc	macro_pr_auc	folds
LODO	online_adaptive	20260802	locked_downstream	363	217	146	0.5977961432506887	0.5518906634682155	0.6269246183329771	1.0487264352759016	0.3203408280044202	0.9774604310840911	0.41154613320811034	0.08690831376171845	0.5502379540204978	0.6253935198401022	9
LODO	online_adaptive	20260802	embedded_DEBIASM	363	217	146	0.5977961432506887	0.44429013319866173	0.5439838271362687	0.9099821624445416	0.24927605930894908	0.693308260366367	0.7336819227613878	-0.7442796450834812	0.5038783895164605	0.5906676623437735	9
LODO	online_adaptive	20260803	locked_downstream	363	217	146	0.5977961432506887	0.5533110283441702	0.6264623398579117	1.047953130730055	0.31973869802487076	0.975525728192754	0.41155823903848177	0.08804170304480924	0.5536354107630249	0.6281313227259739	9
LODO	online_adaptive	20260803	embedded_DEBIASM	363	217	146	0.5977961432506887	0.4525913768070198	0.5517399516074009	0.9229566932418732	0.2484087147746333	0.6913859088520777	0.694392279084987	-0.6342094989380317	0.5128630042362438	0.5962152018991386	9
LODO	online_adaptive	20260804	locked_downstream	363	217	146	0.5977961432506887	0.5525535004103277	0.6263470683479422	1.0477603032732856	0.3198756236135042	0.9762865714121585	0.4115526181239773	0.08746905339739133	0.5552711017819854	0.6328655331543906	9
LODO	online_adaptive	20260804	embedded_DEBIASM	363	217	146	0.5977961432506887	0.44981377438293035	0.5486060790802654	0.9177143166181397	0.24890198527006427	0.6925186397796761	0.7078364470139067	-0.6656240886916627	0.5133657933647264	0.5934703425892035	9
LODO	online_adaptive	20260805	locked_downstream	363	217	146	0.5977961432506887	0.5515434631652043	0.6269281825952617	1.0487323976132719	0.3201972835042427	0.9762829670392135	0.4117955689464405	0.08778167731398992	0.5518326252161079	0.62613498783042	9
LODO	online_adaptive	20260805	embedded_DEBIASM	363	217	146	0.5977961432506887	0.44732024493403194	0.5479679734094343	0.9166468863945835	0.2491486425999809	0.693005548102023	0.7225617427970614	-0.7087765030791354	0.5123958317887042	0.5941013324021223	9
LODO	online_adaptive	20260806	locked_downstream	363	217	146	0.5977961432506887	0.5524588094185974	0.6276765408652015	1.0499842596040005	0.3200859623718852	0.9762998674684654	0.41137303334174474	0.08746171733180233	0.5583811518937426	0.6370203037953958	9
LODO	online_adaptive	20260806	embedded_DEBIASM	363	217	146	0.5977961432506887	0.4490878101129979	0.5517707243574018	0.9230081702384186	0.24893126414335276	0.692513201128378	0.6970557915270879	-0.6500029073849839	0.5102883466733232	0.5879528440829732	9
LODO	standard_transductive	20260802	locked_downstream	363	217	146	0.5977961432506887	0.535793194874061	0.616076318456295	1.0305792792609911	0.30728345784703043	0.8999878962572474	0.3894757440941021	0.0693267524003038	0.5305720656179469	0.6146041067831746	9
LODO	standard_transductive	20260802	embedded_DEBIASM	363	217	146	0.5977961432506887	0.4338741241083265	0.5505419845623153	0.920952720719449	0.2585635060421741	0.7144812732530976	0.6404577158089301	-0.4832211174079089	0.501288005556038	0.6080065161957573	9
LODO	standard_transductive	20260803	locked_downstream	363	217	146	0.5977961432506887	0.5373713780695664	0.617068231030431	1.0322385615854675	0.3066409402504039	0.8983365451888629	0.3893099286481485	0.07116915113389323	0.5304099464737535	0.6135511564067031	9
LODO	standard_transductive	20260803	embedded_DEBIASM	363	217	146	0.5977961432506887	0.43946089262041543	0.5564502556790147	0.9308361419883978	0.2581133401950308	0.7135747173798658	0.6333377370537194	-0.44858825883298314	0.5072173207043033	0.6111842825968595	9
LODO	standard_transductive	20260804	locked_downstream	363	217	146	0.5977961432506887	0.5366138501357238	0.6161819143125806	1.030755921177266	0.30703122471809563	0.8995429426766994	0.3894682835663889	0.06976762922830004	0.5299937850834137	0.613512161011746	9
LODO	standard_transductive	20260804	embedded_DEBIASM	363	217	146	0.5977961432506887	0.4360520169181239	0.5550310310266816	0.9284620472934811	0.25850891217429656	0.7142698509056182	0.6363961374644622	-0.46020903346319736	0.5048549648688359	0.6200882617284531	9
LODO	standard_transductive	20260805	locked_downstream	363	217	146	0.5977961432506887	0.5364244681522632	0.6192945613996019	1.0359627916500254	0.3069614789527628	0.898925111430653	0.38935557161443046	0.07082427290970356	0.531473655492008	0.6140324907716203	9
LODO	standard_transductive	20260805	embedded_DEBIASM	363	217	146	0.5977961432506887	0.43355848746922543	0.5531152141732683	0.9252572476723334	0.25923805888002677	0.7159885313703979	0.647794400726486	-0.4838455952078507	0.4988801176061099	0.6082217476519864	9
LODO	standard_transductive	20260806	locked_downstream	363	217	146	0.5977961432506887	0.5362035225048924	0.6169419882159082	1.0320273812090999	0.3070712415265513	0.899271444446787	0.3893260509754833	0.07033601731054422	0.5301349326050563	0.6126821860092101	9
LODO	standard_transductive	20260806	embedded_DEBIASM	363	217	146	0.5977961432506887	0.4339056877722366	0.5533062395114241	0.9255767969707231	0.2590669148448037	0.7154500330193533	0.6457447283575268	-0.4839771210894935	0.5000856131191171	0.6114144803990955	9
LOSFO	online_adaptive	20260802	locked_downstream	363	217	146	0.5977961432506887	0.4957704690360457	0.5872144265438708	0.9822987872600234	0.3649708637577417	1.110275981605895	0.3743149812719849	-0.033635337610239034	0.5104244510192967	0.592876159176765	5
LOSFO	online_adaptive	20260802	embedded_DEBIASM	363	217	146	0.5977961432506887	0.4447004608294931	0.5578928387120167	0.9332493108408388	0.2535568548142418	0.7034647482331228	0.7328397910051941	-0.5699040794338255	0.5345247212747962	0.5970611939403001	5
LOSFO	online_adaptive	20260803	locked_downstream	363	217	146	0.5977961432506887	0.4973802158954611	0.5878363477086387	0.9833391438628379	0.3642041396225657	1.107061486015691	0.375922501965132	-0.03132212599566885	0.513757873831293	0.5967629704905553	5
LOSFO	online_adaptive	20260803	embedded_DEBIASM	363	217	146	0.5977961432506887	0.45249668581528946	0.565087246082635	0.9452841950598917	0.2528073159994112	0.7018494411317008	0.6869638688258165	-0.48636411109071165	0.5406928126646436	0.598382741523962	5
LOSFO	online_adaptive	20260804	locked_downstream	363	217	146	0.5977961432506887	0.4958967236916861	0.5863450317366719	0.9808444540111146	0.3649855287917883	1.1106543790906531	0.3744464019975178	-0.033453177595584284	0.509267800424528	0.591396928741543	5
LOSFO	online_adaptive	20260804	embedded_DEBIASM	363	217	146	0.5977961432506887	0.44924562843254845	0.5575456884610817	0.9326685940616251	0.25091907225259324	0.6973470362161079	0.6963917534840415	-0.5471198711064936	0.5419788130658674	0.6039330212553894	5
LOSFO	online_adaptive	20260805	locked_downstream	363	217	146	0.5977961432506887	0.4975695978789218	0.5876059576303774	0.9829537447918294	0.3644015926500929	1.1083198202418498	0.37596246381380927	-0.0313029413318192	0.5151511057616841	0.597315084066792	5
LOSFO	online_adaptive	20260805	embedded_DEBIASM	363	217	146	0.5977961432506887	0.44709929928666126	0.5599326777020992	0.9366615760638801	0.2524397089488305	0.7007657483222389	0.7104108582519734	-0.5525191610806582	0.5342345773960998	0.5932398364933823	5
LOSFO	online_adaptive	20260806	locked_downstream	363	217	146	0.5977961432506887	0.4955810870525851	0.5884998946639288	0.9844491325484154	0.3655316361156737	1.1122605047952014	0.37448631020715933	-0.03316839462715577	0.5137279349858014	0.5968195080478141	5
LOSFO	online_adaptive	20260806	embedded_DEBIASM	363	217	146	0.5977961432506887	0.44968751972728993	0.5638824016625406	0.9432687179884894	0.25314158067541626	0.7024569984754603	0.7011337139788404	-0.5121546937728453	0.5358751962085795	0.5958017903133522	5
LOSFO	standard_transductive	20260802	locked_downstream	363	217	146	0.5977961432506887	0.48412347705321634	0.5835941342340383	0.9762427222440363	0.36190892477761594	1.0744054827895044	0.36494101554497566	-0.05541372896763336	0.5065473037933332	0.5890933211058351	5
LOSFO	standard_transductive	20260802	embedded_DEBIASM	363	217	146	0.5977961432506887	0.4231740420428003	0.543501792986909	0.9091758103882395	0.2638360888030827	0.7276484654234534	0.7469225894251953	-0.5654187519822511	0.5009481377843679	0.5814172466979483	5
LOSFO	standard_transductive	20260803	locked_downstream	363	217	146	0.5977961432506887	0.4856385329209015	0.5850546228518587	0.9786858437567959	0.36102534173916556	1.0708587525256388	0.366473213202562	-0.05301992557388288	0.5068672287656405	0.5895175482944855	5
LOSFO	standard_transductive	20260803	embedded_DEBIASM	363	217	146	0.5977961432506887	0.42904488353008013	0.5485188511157915	0.9175684007144345	0.2636443384493206	0.7274942936906025	0.7321924424028224	-0.5285942867601306	0.5040167930660889	0.5865975338278743	5
LOSFO	standard_transductive	20260804	locked_downstream	363	217	146	0.5977961432506887	0.48421816804494666	0.5839537746495735	0.9768443327087335	0.36248833670445957	1.07743836556784	0.36462254831242374	-0.05523345107172166	0.5065461204463302	0.5896044541917691	5
LOSFO	standard_transductive	20260804	embedded_DEBIASM	363	217	146	0.5977961432506887	0.4216589861751152	0.5433255575938293	0.9088810018735485	0.2619759416775077	0.722902462062865	0.7282093615970622	-0.5671219564030284	0.49815706859983155	0.588833630143332	5
LOSFO	standard_transductive	20260805	locked_downstream	363	217	146	0.5977961432506887	0.48551227826526105	0.5847020005911447	0.9780959733391038	0.36108647613654177	1.071580761607785	0.366483017685869	-0.05314672198608306	0.5068295418662515	0.589161084539613	5
LOSFO	standard_transductive	20260805	embedded_DEBIASM	363	217	146	0.5977961432506887	0.42020705763525035	0.542733947092285	0.9078913492834075	0.26357909041059974	0.7267203775354136	0.7437935595244999	-0.574186942831145	0.49546763628273965	0.5784651838043284	5
LOSFO	standard_transductive	20260806	locked_downstream	363	217	146	0.5977961432506887	0.48475475033141846	0.5841168937697908	0.9771172001771155	0.3621880141922727	1.0758041794142787	0.36521435371853417	-0.054553993024273335	0.5065910543689987	0.5882435374441918	5
LOSFO	standard_transductive	20260806	embedded_DEBIASM	363	217	146	0.5977961432506887	0.42229025945331733	0.544104686196343	0.9101843368169239	0.26415301085311427	0.7281326358065966	0.7473834156726493	-0.5620120753822693	0.4923281508223072	0.5776439709709058	5
